timestamp,sent_neu,sent_pos,sent_neg,retweets,likes,replies,gemo,open,high,low,close,volume
2020-01-09 06:07:00,0.00019968611,0.99979943,1.0121163e-06,5.7430031878094825,7.538494999413465,4.465908118654584,0.0201149652671946,7941.61,7945.44,7939.4,7942.89,14.445376
2020-01-19 23:03:00,0.18706489,0.031878147,0.78105694,6.919683849847411,8.369388996647842,8.249836485425702,-0.0425203414781278,8652.3,8652.99,8635.0,8641.56,23.746834
2020-01-20 07:57:00,0.9999411,4.1610263e-05,1.7302817e-05,5.891644211825772,7.767687277186908,5.327876168789581,-0.0215901539909527,8658.99,8660.0,8655.45,8658.16,23.388771
2020-02-12 11:07:00,8.7597946e-05,0.99990594,6.3948482e-06,6.171700597410915,7.784057002639929,4.820281565605037,-0.029465184722967,10317.54,10325.0,10309.34,10324.05,45.460911
2020-02-25 01:07:00,0.99912995,0.000115329836,0.00075476954,5.579729825986222,7.412764017426562,5.60947179518496,0.0190960190801242,9631.91,9632.13,9626.43,9627.99,15.502716
2020-02-29 23:15:00,0.9998938,1.4501533e-06,0.00010479585,6.154858094016418,7.473069088032197,5.303304908059076,-0.0522819526674745,8634.96,8635.04,8631.26,8635.04,14.425971
2020-03-02 06:29:00,0.914108,0.032822013,0.053070042,6.335054251498059,7.860956364876389,5.638354669333745,-0.0413806120987142,8680.93,8684.69,8680.01,8684.0,16.050344
2020-03-07 17:26:00,0.99999535,4.2709365e-07,4.1455646e-06,7.446585099157725,8.596558746796978,5.54907608489522,-0.0552582825722029,8941.38,8956.66,8939.96,8951.55,118.083923
2020-03-13 12:02:00,0.9999552,1.8524123e-07,4.4571818e-05,6.018593214496234,7.794411205726601,4.736198448394496,-0.0435206259684769,5429.72,5432.05,5391.3,5404.02,161.485008
2020-03-19 01:25:00,0.63162446,0.002272596,0.36610296,5.902633333401366,7.719573989259581,5.198497031265826,-0.0345813557274022,5381.42,5383.13,5377.45,5378.63,19.910028
2020-03-25 12:46:00,0.99999774,4.881583e-08,2.2379697e-06,5.916202062607435,7.468513271496337,5.247024072160486,-0.0301935014749008,6552.79,6552.97,6540.0,6540.87,34.013239
2020-04-05 11:02:00,0.4259513,0.5500429,0.024005791,6.159095388491933,7.484930283289661,4.465908118654584,-0.0409398860538227,6779.09,6818.76,6778.76,6802.62,447.724282
2020-04-10 21:57:00,0.9983005,0.00027856126,0.001420984,5.572154032177765,7.5126175446745105,5.010635294096256,0.0619019501228705,6885.54,6889.95,6884.11,6887.55,17.910099
2020-04-17 14:14:00,0.99987805,0.000110727284,1.1196643e-05,5.762051382780177,7.413970290190444,5.241747015059643,-0.0327024101387859,7043.51,7048.23,7038.0,7047.4,35.144982
2020-05-02 06:34:00,0.8443472,0.04213943,0.11351341,4.976733742420574,8.39615486303918,4.983606621708336,0.0230788211509331,8830.72,8832.81,8828.3,8830.83,20.845858
2020-05-02 06:44:00,0.99991965,4.875726e-06,7.544349e-05,7.664346632098617,9.725257613645429,6.965080345601407,-0.0151275143956746,8834.35,8835.13,8833.03,8835.13,22.604208
2020-05-09 11:46:00,0.0026649937,2.7829694e-05,0.9973072,5.950642552587727,7.384610383176974,4.330733340286331,0.0104977567790641,9589.31,9593.76,9583.35,9585.79,54.332054
2020-05-11 22:04:00,0.94400567,0.048451137,0.0075431913,5.720311776607412,7.804659297056102,5.2574953720277815,-0.0014366767701333,8590.96,8620.05,8587.07,8611.97,79.706021
2020-05-12 03:36:00,0.9994622,2.2616607e-05,0.00051516073,5.950642552587727,7.681560362559537,3.688879454113936,0.0804548089367464,8674.11,8674.87,8655.27,8661.11,27.033738
2020-05-16 06:03:00,1.1653287e-06,0.9999987,6.192506e-08,7.785720896534624,9.488123612248716,6.432940092739179,-0.0198092337939275,9462.64,9463.57,9432.62,9436.58,106.969546
2020-05-21 14:49:00,0.9999825,1.9868899e-06,1.5519574e-05,5.726847747587197,7.85748078694253,5.231108616854587,-0.00888623613876,9070.19,9075.0,9058.61,9069.59,256.368909
2020-05-22 02:10:00,0.99999213,3.8894414e-06,3.9470156e-06,6.282266746896006,7.739359202689098,5.501258210544727,-0.0453206536024955,9112.74,9122.3,9112.04,9116.04,36.985385
2020-05-22 20:55:00,0.9858139,3.1961346e-05,0.014154144,5.575949103146316,7.821643126239982,5.337538079701318,0.014221566415527,9194.91,9195.09,9189.08,9190.77,16.736248
2020-05-28 17:45:00,0.99814975,0.0018337696,1.648637e-05,5.736572297479192,7.599901959208498,4.430816798843313,-0.0262937738033474,9468.13,9475.0,9465.56,9472.97,76.271576
2020-06-10 03:16:00,0.84411234,0.15570986,0.0001778044,6.095824562432225,7.640123172695364,4.454347296253507,0.0873815805376077,9760.49,9766.88,9758.07,9759.13,40.056399
2020-06-14 05:35:00,0.9999944,6.146695e-07,5.021125e-06,6.729824070489475,8.278682162970906,5.003946305945459,-0.0625612197358916,9431.23,9433.17,9430.96,9431.08,6.788984
2020-06-17 12:09:00,0.99999905,3.8814456e-08,9.31228e-07,6.408528791059498,8.15162164696975,5.799092654460526,-0.0512176825735026,9492.33,9500.0,9492.33,9499.06,33.278405
2020-06-23 01:23:00,0.19680764,0.803159,3.3343946e-05,6.220590170099739,7.516977224604321,4.68213122712422,-0.0120727187392105,9648.25,9653.23,9642.71,9648.85,49.93575
2020-08-21 22:50:00,0.999746,2.5347624e-06,0.00025145573,5.746203190540153,7.919356190660617,5.159055299214529,0.015918420417565,11566.38,11577.82,11566.21,11576.99,38.902375
2020-09-02 21:20:00,0.8946223,6.898905e-05,0.105308674,5.891644211825772,7.880048200971577,6.07073772800249,-0.0408928350930299,11353.07,11354.32,11350.74,11351.7,17.603669
2020-09-18 15:11:00,0.63057035,0.36889684,0.00053278526,6.444131256700441,7.488852955733459,4.276666119016055,-0.0322503293641759,10928.29,10931.9,10926.54,10929.28,40.264525
2020-10-07 20:51:00,0.32616228,0.6695602,0.0042774924,6.498282149476434,8.120886021092838,4.941642422609304,-0.0213122466664651,10659.2,10660.63,10659.19,10660.51,9.512804
2020-10-21 23:50:00,0.59973264,0.40002772,0.00023966824,5.187385805840755,6.910750787961936,3.4011973816621555,0.0270522065112806,12790.75,12808.37,12788.94,12805.29,100.800159
2020-10-22 00:32:00,0.9854087,0.010028012,0.004563256,6.499787040655854,7.69484807238461,4.3694478524670215,-0.0319738888207232,12872.02,12872.02,12857.92,12866.12,36.780323
2020-10-31 13:07:00,0.9999988,1.0425597e-06,8.0673594e-08,6.934397209928558,8.452761331256848,5.209486152841421,0.015314096037961,13905.45,13908.18,13896.57,13896.58,23.74954
2020-11-17 06:02:00,0.9999465,2.1757824e-06,5.1330768e-05,7.903226808730733,10.940844812389727,6.831953565565855,0.0253409412097983,16641.86,16644.32,16634.23,16642.22,25.363816
2020-11-17 10:38:00,0.99999547,1.5282566e-06,2.9409048e-06,5.762051382780177,7.664815785285735,4.30406509320417,0.0151386821674026,16703.92,16712.22,16700.0,16711.59,29.983708
2020-11-17 14:54:00,0.9944318,0.0031772007,0.0023909383,3.8918202981106265,6.709304340258298,4.219507705176107,0.0020402476316394,17144.01,17150.0,17140.0,17142.03,88.119698
2020-11-25 15:43:00,0.99880755,3.6365566e-06,0.0011888118,5.424950017481403,7.569411792450712,5.5093883366279774,0.0195262807390054,19240.68,19244.78,19220.0,19226.01,182.009614
2020-11-28 00:15:00,0.0046743862,0.9952838,4.193425e-05,4.691347882229144,7.818430272070656,4.976733742420574,0.0198057634217819,17022.6,17041.67,17020.0,17032.1,83.26777
2020-11-28 07:18:00,0.9991786,0.00067657814,0.00014484556,5.713732805509369,8.644706511715198,5.583496308781699,0.0320587852219697,17033.89,17043.86,17033.88,17043.86,48.54573
2020-12-03 16:08:00,0.9999789,4.650242e-06,1.6491447e-05,5.87493073085203,7.716906135298388,4.691347882229144,0.0104108009236255,19522.95,19554.99,19514.73,19535.49,145.483651
2020-12-07 07:35:00,4.6917017e-07,0.99999774,1.813999e-06,5.991464547107982,7.769800996003896,4.727387818712341,-0.0156067877918784,19300.01,19314.69,19300.0,19310.34,20.348869
2020-12-10 03:07:00,0.9999808,3.0556073e-06,1.6137377e-05,5.926926025970411,8.387539983189367,5.5909869805108565,-0.0602474039248926,18383.74,18398.72,18378.0,18396.0,25.842596
2020-12-14 15:30:00,0.9604784,1.063649e-05,0.039510924,4.663439094112067,7.818027938530729,6.028278520230698,-0.0123081487626348,19235.2,19240.04,19219.02,19219.03,44.020416
2020-12-17 02:02:00,0.99952126,0.00027413334,0.00020458715,6.206575926724928,8.082093278178382,4.8283137373023015,-0.0213355756386632,21708.11,21721.22,21642.13,21664.78,153.787088
2020-12-17 12:57:00,0.6339422,0.037466217,0.32859164,5.442417710521793,7.85243908535751,4.820281565605037,-0.0113164730513197,23148.99,23150.0,23070.63,23135.73,279.969372
2020-12-17 15:02:00,0.006267253,0.9937185,1.4269799e-05,5.966146739123692,8.07153089355666,4.343805421853684,0.0428823176464686,23136.3,23172.32,23136.3,23148.53,79.914185
2020-12-17 16:24:00,0.6432082,0.34313774,0.013654058,8.706655856361559,10.415682238708357,8.064321960910803,-0.0006894797309021,23558.97,23571.0,23517.74,23571.0,223.511378
2020-12-18 23:50:00,0.9876072,4.2145333e-05,0.012350706,5.811140992976701,8.063692634269517,5.736572297479192,-0.0540882713856013,23055.74,23071.73,23055.74,23071.72,48.628284
2020-12-19 21:22:00,9.8142285e-05,0.99985826,4.366091e-05,5.568344503761097,7.720905251936779,4.51085950651685,-0.0194645824093223,23848.96,23885.41,23848.96,23882.69,89.006539
2020-12-20 17:24:00,0.9999875,7.5965767e-07,1.1835183e-05,9.09571484613488,11.694921968940236,8.857088135314953,0.0330714664959172,23753.87,23759.98,23736.08,23739.26,22.390608
2020-12-22 11:10:00,0.98233575,0.0025139495,0.015150281,7.264730177929867,8.852807917623322,8.021584533455107,-0.0868513628107466,22752.18,22778.59,22752.18,22777.6,77.976249
2020-12-22 21:54:00,0.9999931,2.5448398e-07,6.6664065e-06,5.720311776607412,7.991930519852477,5.420534999272286,-0.0304569845962852,23446.16,23457.49,23430.87,23435.98,31.758041
2020-12-26 14:17:00,0.9999703,1.2482848e-05,1.7179049e-05,5.198497031265826,6.342121418721152,3.58351893845611,-0.0139770550213454,25248.61,25280.0,25206.0,25219.85,177.590775
2020-12-26 14:29:00,0.99999404,1.079148e-07,5.8182986e-06,5.703782474656201,7.457609289715606,4.543294782270004,0.0495414384479833,25238.85,25244.8,25217.0,25230.77,43.15308
2020-12-27 23:11:00,0.64836246,0.3507477,0.00088982837,6.059123195581797,8.265907334155747,5.3230099791384085,-0.0427420930580886,26594.24,26636.75,26587.15,26605.57,41.047194
2020-12-28 04:07:00,0.0016325067,0.99834883,1.870866e-05,5.468060141135132,7.638198244285779,4.74493212836325,0.0208754762790669,27125.04,27125.05,27068.53,27107.8,52.630147
2020-12-30 13:59:00,0.9998851,1.5070631e-05,9.9915764e-05,5.19295685089021,7.690286020676768,5.241747015059643,-0.0407698775799659,27916.32,27916.33,27833.03,27869.61,76.300975
2020-12-30 20:22:00,0.95435786,0.03096624,0.014675882,6.008813185442595,7.909122183211411,4.248495242049359,-0.0177280656461466,28710.02,28734.96,28710.0,28727.27,28.951831
2021-01-01 20:55:00,0.9999968,1.10258675e-07,3.0994659e-06,6.523562306149512,8.463581421967588,4.919980925828125,-0.0404968236376315,29243.74,29250.0,29229.42,29230.98,27.684356
2021-01-01 21:12:00,0.8684376,0.00068696274,0.13087538,5.552959584921617,7.494986233950533,3.6375861597263857,0.0625449319720024,29220.15,29223.1,29194.36,29194.37,27.706707
2021-01-03 17:00:00,0.97591966,0.020284094,0.0037962412,7.002155954403621,8.506738733512378,4.820281565605037,0.1372976319613341,32676.75,32768.28,32557.28,32580.36,290.112678
2021-01-05 00:57:00,0.99999976,4.8560274e-08,1.8395166e-07,5.820082930352362,7.741533589281828,4.653960350157523,-0.0257596470787542,32467.2,32480.87,32340.0,32427.39,139.522229
2021-01-11 00:05:00,2.4456945e-06,0.9999974,1.5830086e-07,6.304448802421981,8.076204527239026,4.691347882229144,-0.0361367450518063,37723.23,37794.7,37600.0,37653.05,140.257586
2021-01-11 08:36:00,0.9878499,0.0007435307,0.011406546,5.908082938168931,8.229511118964457,5.303304908059076,0.0318015639929634,35408.22,35408.22,35327.7,35375.17,75.445688
2021-01-15 03:08:00,0.99999714,1.4944695e-06,1.3674257e-06,6.008813185442595,7.941295570906532,4.3694478524670215,0.0353051654989277,39073.0,39084.7,39023.12,39040.87,27.969598
2021-01-21 21:34:00,2.5160837e-06,1.3213967e-06,0.9999962,5.849324779946859,7.6093665379542115,4.634728988229636,-0.018414054177023,31744.98,31748.23,31676.99,31691.38,75.784884
2021-01-21 22:13:00,0.99993503,1.0211764e-05,5.472559e-05,7.261225091971921,8.303504798872783,4.770684624465665,-0.0811076874667616,30600.0,30841.45,30560.0,30799.98,187.538504
2021-01-22 06:49:00,0.10751073,0.89233714,0.00015209014,5.384495062789089,8.311889558230359,5.3230099791384085,0.0522368326438795,31580.3,31593.04,31500.26,31540.92,110.058056
2021-01-26 04:05:00,0.016064381,0.983928,7.59221e-06,5.429345628954441,8.233768709217097,4.48863636973214,0.0197614387472552,31712.58,31800.0,31712.57,31788.96,100.503554
2021-01-29 16:48:00,0.99663395,0.0031720493,0.0001940114,6.546785410760524,8.53817159780143,5.056245805348308,-0.0186527090335189,36780.01,36784.25,36628.74,36683.83,182.513782
2021-01-29 17:09:00,0.9998603,9.422589e-08,0.00013951786,6.190315405853148,8.575084669832014,5.44673737166631,0.0214068336462659,35932.81,36043.25,35775.55,35990.49,212.5529
2021-01-29 17:12:00,0.999579,0.0003665675,5.4479213e-05,6.558197802812269,8.133880887949207,4.653960350157523,-0.0192702652162626,35935.36,36040.84,35935.36,35997.05,153.195382
2021-01-29 17:33:00,0.05197381,7.262987e-05,0.9479536,6.3080984415095305,8.219056661060598,4.23410650459726,-0.0174464702503412,36104.11,36197.84,36023.16,36168.07,107.464154
2021-01-29 22:48:00,0.99971956,0.00022199511,5.8376216e-05,6.988413181999592,8.648396877031582,5.805134968916488,0.0156731931219723,34871.1,34876.36,34779.43,34786.92,42.573675
2021-02-02 02:35:00,2.5030356e-05,0.99997485,8.8453085e-08,8.735364401103888,9.886799071249891,7.717351272185329,0.0291237348953366,33634.78,33753.84,33634.78,33699.74,66.33401
2021-02-04 18:52:00,0.99999917,4.947423e-07,3.1676916e-07,6.432940092739179,8.68084148294457,6.251903883165888,0.0056399559004728,37005.32,37014.44,36970.85,36973.28,27.983588
2021-02-05 05:21:00,0.0010392315,0.9989505,1.0228479e-05,7.329749689041512,8.580355766373877,5.572154032177765,0.0345832738576142,37159.79,37180.36,37157.34,37160.6,14.908255
2021-02-08 21:02:00,0.99999595,3.3770593e-06,6.6466475e-07,6.284134161070802,8.127699852817772,4.31748811353631,0.0185575579761908,43980.95,44019.22,43930.0,43930.0,62.287256
2021-02-08 23:55:00,0.9999894,2.1234484e-07,1.0411584e-05,6.12029741895095,8.031060180240619,5.10594547390058,-0.0607738298121075,46295.22,46335.05,46242.97,46263.08,85.060613
2021-02-09 11:50:00,0.9987197,0.00083893666,0.00044129032,6.406879986069314,8.165079258805068,4.912654885736052,-0.0337543727982064,46429.99,46430.0,46303.44,46379.4,38.291063
2021-02-09 22:19:00,0.013305744,0.9865784,0.00011581533,4.430816798843313,7.763021309018518,5.043425116919247,0.054049289692153,46757.21,46781.29,46694.25,46723.87,27.400392
2021-02-09 23:54:00,0.04201617,0.9579691,1.4784396e-05,4.605170185988092,7.977968093128549,4.804021044733257,0.0887196158757413,46487.13,46533.83,46487.13,46533.83,28.274708
2021-02-16 18:33:00,0.9999999,1.1541229e-08,1.2409376e-07,5.929589143389895,7.806289289267033,4.127134385045092,-0.006622039308507,48359.84,48390.87,48327.42,48340.94,26.390307
2021-02-16 22:44:00,0.81228036,3.4022272e-05,0.18768562,5.808142489980444,8.088561805276234,5.308267697401205,0.0468301114705917,48812.01,48878.86,48802.12,48863.25,34.625642
2021-02-19 08:08:00,0.9984925,0.0013818239,0.0001257534,3.871201010907891,7.762170607138205,3.9889840465642745,0.0585966720718641,51811.22,51830.0,51808.22,51819.08,20.173888
2021-02-19 11:01:00,0.9998117,8.826285e-05,0.00010001263,7.928766321626695,10.063946862472948,6.70808408385307,-0.0202369524518822,52720.01,52750.0,52714.42,52733.12,24.986822
2021-02-19 11:11:00,0.9999589,1.7153877e-06,3.9501243e-05,8.536799721055155,10.318506873449104,7.502738210754851,-0.0063637232905594,52695.63,52720.69,52688.83,52718.79,29.702649
2021-02-19 23:10:00,0.99996984,1.2970932e-07,3.000982e-05,5.375278407684165,7.96102146588337,5.267858159063328,-0.0417100363786632,55684.79,55735.71,55684.46,55705.01,26.691104
2021-02-21 14:56:00,2.2513314e-06,0.9999976,6.2010564e-08,5.365976015021851,7.9391588179567965,4.418840607796598,-0.030553713762623,57285.27,57311.26,57226.83,57311.25,41.494001
2021-02-22 00:33:00,0.9996673,6.6106204e-06,0.00032615583,5.017279836814924,7.378383712996714,4.23410650459726,-0.0104869281810507,56748.2,56837.41,56705.32,56747.44,51.847589
2021-02-24 20:44:00,0.7455662,0.23225333,0.022180494,5.942799375126701,7.969703583278656,2.833213344056216,0.0251098733688005,48657.25,48692.71,48625.37,48629.66,20.777988
2021-02-25 16:55:00,0.99997807,1.9650126e-06,1.9991892e-05,5.828945617610208,7.649692623711514,4.23410650459726,-0.0261872455668655,50724.82,50738.02,50611.0,50678.01,51.2652
2021-03-01 15:13:00,0.99981767,0.00016268651,1.9663406e-05,6.003887067106539,7.741099090035366,3.8918202981106265,-0.0297912111167279,48372.67,48499.52,48372.67,48469.65,30.572691
2021-03-03 13:58:00,0.99575967,0.004231821,8.601902e-06,6.6052979209482015,8.192570471152173,4.68213122712422,-0.027916973240792,51550.0,51583.11,51505.69,51528.22,55.252877
2021-03-13 02:58:00,0.99999905,7.7197356e-08,8.737947e-07,9.573802232603889,12.248451827005258,9.169726689090886,0.0212867782182383,56502.13,56508.58,56461.29,56508.57,15.629175
2021-03-13 22:31:00,0.9934243,0.00061885774,0.005956769,5.123963979403259,7.418780882750794,3.4011973816621555,0.0428992811301403,60987.66,60987.66,60900.0,60942.98,46.241993
2021-03-14 00:09:00,0.5192267,0.4805296,0.00024371324,7.011213987350367,8.945462952177666,3.1780538303479458,-0.0763268229662907,61239.16,61280.12,61230.82,61248.16,31.878272
2021-03-14 00:14:00,0.9905195,0.009403802,7.661458e-05,6.727431724850855,9.206633510044856,5.5909869805108565,-0.0625901202443068,61312.87,61387.13,61312.87,61356.05,33.709019
2021-03-14 06:26:00,0.9999995,3.8022173e-07,1.0712707e-07,6.284134161070802,8.69751274553952,4.969813299576001,0.0295678058701455,60713.83,60782.81,60700.04,60725.0,27.756719
2021-03-14 08:32:00,0.99998903,5.565686e-07,1.0312396e-05,6.238324625039508,8.643825842349603,5.82600010738045,-0.0432714257180397,60656.96,60695.98,60655.37,60693.87,25.634699
2021-03-14 21:21:00,0.9985461,1.5035787e-05,0.0014389358,5.420534999272286,7.940583827104244,2.4849066497880004,-0.1720748405577726,60090.71,60106.73,60077.99,60100.0,9.118223
2021-03-17 22:08:00,0.005330097,0.98489237,0.009777517,6.522092798170152,9.007367027451355,5.872117789475416,-0.0653429026600179,58541.98,58699.0,58538.66,58663.53,54.533613
2021-03-17 22:16:00,0.060304977,0.003989871,0.9357052,7.183111701743281,9.063115652219658,5.2832037287379885,0.0107088814847635,58805.27,58840.72,58667.17,58701.45,84.656488
2021-03-17 22:45:00,0.8209156,0.0146858515,0.16439858,6.645090969505644,8.483843211734683,4.836281906951478,-0.0044969753712438,58559.95,58674.54,58559.95,58664.88,38.597238
2021-03-18 03:33:00,0.999215,4.7100484e-06,0.00078024855,6.790097235513905,9.365890072717148,6.214608098422191,-0.072280980593373,58672.85,58733.37,58645.83,58723.11,25.847681
2021-03-18 21:49:00,0.8145153,0.024010494,0.16147415,5.2574953720277815,7.67275789664251,5.981414211254481,-0.0560538520089298,57921.38,57995.0,57921.38,57968.23,49.892248
2021-03-20 00:07:00,0.9914903,0.008499827,9.827695e-06,6.175867270105761,8.819073983267831,5.53338948872752,0.0276630765469363,57965.69,57989.99,57908.38,57989.34,35.202213
2021-03-20 06:04:00,0.999938,5.114645e-05,1.0882981e-05,5.356586274672012,7.602900462204755,4.406719247264253,0.0071080390396478,58142.98,58194.68,58142.98,58194.67,12.335934
2021-03-20 21:08:00,0.9999893,1.00881e-06,9.816398e-06,6.492239835020471,8.624431942085836,6.016157159698354,-0.0118418881712096,58491.9,58533.96,58476.24,58499.12,25.936466
2021-03-22 14:54:00,0.92172354,0.0018584466,0.076418005,6.934397209928558,8.880307358983872,6.787844982309579,-0.0651397230388757,57037.86,57106.37,57037.85,57088.75,25.040046
2021-03-22 23:58:00,0.999767,5.238361e-05,0.00018052271,7.274479558773871,9.304559047215164,6.182084906716632,-0.0195459481744341,54146.86,54215.35,54118.03,54199.97,80.140559
2021-03-23 18:40:00,0.99982625,4.9455607e-06,0.00016891846,6.269096283706261,8.120291313968561,5.926926025970411,0.0082324925367697,55686.9,55687.78,55618.35,55628.71,24.67466
2021-03-24 09:03:00,0.9999685,4.2519514e-06,2.719937e-05,6.148468295917647,8.225235324101668,4.955827057601261,0.0056358856272766,56499.99,56548.15,56486.4,56532.91,120.630467
2021-03-24 15:02:00,0.99991155,2.6353227e-06,8.5831896e-05,11.45132661875127,13.550041277921355,10.311881700150172,-0.0156610986067341,56584.02,56639.3,56584.0,56595.53,26.100607
2021-03-24 15:09:00,0.99999774,1.0368077e-06,1.2278721e-06,9.717519354821976,11.944922144154148,8.255308811785596,0.0441165762259317,56522.66,56530.0,56470.9,56486.25,29.536354
2021-03-24 15:10:00,0.99979645,0.00019121534,1.2363668e-05,8.921857979353632,11.698151134078234,7.822845290279774,-0.0089554102291906,56486.25,56567.75,56483.87,56555.4,32.416575
2021-03-24 19:32:00,0.99997914,1.1638409e-06,1.9640529e-05,6.206575926724928,8.830835365537549,5.66988092298052,-0.012670455606328,55215.42,55229.09,55081.47,55086.78,84.169109
2021-03-25 05:17:00,0.9998934,8.23207e-05,2.4227205e-05,6.994849985833071,9.235228087483964,5.521460917862246,0.0049625878841412,52531.04,52774.16,52497.91,52677.13,268.116934
2021-03-25 23:59:00,0.99860257,1.9970334e-05,0.0013773876,6.322565239927284,8.64259160081057,6.416732282512326,-0.0696663719649867,51411.37,51416.3,51276.69,51293.78,52.659192
2021-03-27 12:39:00,0.99991024,2.3222744e-06,8.7479355e-05,6.45833828334479,8.502485562543963,6.173786103901937,-0.0286100809848674,54161.95,54162.31,54109.93,54156.45,34.653845
2021-03-28 01:00:00,0.99883085,1.3114834e-05,0.0011560111,6.045005314036012,9.03634406392822,6.045005314036012,-0.0920278285126474,56020.29,56137.98,56020.28,56096.06,29.199217
2021-03-28 14:57:00,0.8784588,0.0002225388,0.12131864,7.036148493750536,9.049467146388098,6.345636360828596,-0.062456001167655,55789.14,55799.99,55764.81,55774.02,22.099809
2021-03-29 00:21:00,0.9999566,5.126651e-07,4.2874664e-05,5.25227342804663,7.745435610274381,4.564348191467836,-0.0207057098295548,55752.26,55752.27,55718.54,55738.39,19.171356
2021-03-29 00:34:00,0.93179494,0.051525608,0.01667941,4.553876891600541,8.000684784514748,6.175867270105761,0.0346761453421084,55778.29,55851.91,55775.59,55849.98,43.9109
2021-03-29 04:42:00,0.999998,4.0180427e-07,1.6298732e-06,6.244166900663736,7.80710329012598,4.330733340286331,-0.0452758801020308,55369.35,55384.85,55353.0,55359.2,7.476786
2021-03-30 05:08:00,0.99499846,1.2782898e-05,0.0049887463,5.2574953720277815,7.687538766201629,4.477336814478207,0.0243456326908404,57521.24,57538.13,57493.09,57495.87,31.145825
2021-03-30 19:29:00,0.0071131634,0.00798829,0.9848985,6.620073206530356,8.662677858158219,5.455321115357702,0.0131970581668926,58837.3,58885.96,58836.24,58880.47,18.191994
2021-03-30 19:53:00,0.99985826,7.518051e-07,0.00014104389,6.210600077024653,9.079434102128385,5.860786223465865,0.0250961205276209,58904.27,58926.62,58904.26,58912.15,20.090104
2021-03-30 23:18:00,0.0006004975,0.99939764,1.8789542e-06,5.3706380281276624,7.870547844507712,4.897839799950911,-0.0194229509485462,58593.14,58610.65,58573.51,58582.96,16.224923
2021-03-31 20:10:00,0.998725,2.2824125e-07,0.0012747387,6.442540166468199,8.47407690034261,4.948759890378168,0.024961262879569,58672.91,58676.66,58618.49,58619.89,49.04046
2021-03-31 20:17:00,0.9999963,5.263678e-07,3.265346e-06,6.1463292576688975,7.403670290012373,4.343805421853684,0.008149957706667,58581.94,58617.49,58580.01,58605.56,36.964821
2021-03-31 21:26:00,0.9944999,0.0015387771,0.003961208,5.739792912179234,7.80954132465341,4.969813299576001,-0.0105776597021187,58916.04,58929.99,58905.12,58910.79,25.070113
2021-04-01 03:13:00,0.99993336,2.7267915e-05,3.9385097e-05,5.075173815233827,7.892452043520352,5.075173815233827,-0.0704981853901726,59056.63,59074.35,59042.32,59065.1,10.334652
2021-04-01 20:46:00,0.9999759,5.5278047e-06,1.8601499e-05,4.983606621708336,7.781138509845015,4.948759890378168,0.0481042095702913,58947.64,58956.38,58905.7,58930.0,22.017306
2021-04-02 16:19:00,0.9998908,3.931439e-06,0.00010520821,6.403574197934815,8.936824154997302,6.212606095751519,-0.0084015927163389,59382.29,59395.93,59323.0,59346.45,44.325675
2021-04-02 23:13:00,0.000893132,0.9991036,3.2293958e-06,5.918893854273146,8.251663923605589,5.117993812416755,0.0165152471418219,58833.03,58835.51,58800.0,58804.98,12.299908
2021-04-03 07:57:00,0.9998504,0.00010179956,4.7737754e-05,4.499809670330265,7.496652438168283,4.634728988229636,0.0296907585562304,59288.0,59291.75,59280.01,59289.01,17.361495
2021-04-03 09:28:00,0.99999356,1.1242037e-06,5.3397484e-06,6.289715570908998,8.61341204915678,4.812184355372417,-0.0408745646731081,59170.02,59198.13,59152.12,59161.92,13.757929
2021-04-03 10:05:00,0.99998903,5.565686e-07,1.0312396e-05,6.270988431858299,8.642062173462106,6.018593214496234,0.021671684350195,59442.5,59483.47,59432.3,59435.35,33.800272
2021-04-03 21:31:00,0.022184366,0.97775054,6.50877e-05,5.365976015021851,7.678326356506885,4.465908118654584,-0.0231815814684273,58007.55,58024.17,57950.5,58023.82,37.795632
2021-04-05 07:02:00,0.9404133,0.05876169,0.0008250372,6.844815479208263,8.678631537293768,5.2832037287379885,0.0127019115354418,57063.65,57120.8,57060.22,57107.29,63.856251
2021-04-05 20:08:00,1.3743129e-05,0.9999862,1.5548474e-07,6.135564891081739,8.465478755729558,4.795790545596741,-0.0526281965065349,59021.31,59043.9,59000.0,59002.59,26.769578
2021-04-05 20:37:00,0.91057634,0.089383684,3.9978542e-05,5.976350909297934,8.193400231952097,4.574710978503383,-0.0542588303313286,58972.45,58988.12,58919.07,58962.84,68.528203
2021-04-05 21:00:00,1.3842648e-05,0.99998593,2.527974e-07,5.010635294096256,7.709308333385869,4.584967478670572,0.011556358538122,58773.16,58807.6,58763.94,58795.0,32.840327
2021-04-06 07:48:00,0.9999989,7.2413485e-08,9.55258e-07,4.997212273764115,7.8636512654486515,4.584967478670572,-0.0543250512666072,58512.31,58610.81,58507.16,58575.6,45.286125
2021-04-06 21:16:00,0.9999889,8.677731e-06,2.4429394e-06,5.278114659230517,7.801800401908973,4.691347882229144,0.00995067603328,58103.3,58104.16,58089.94,58103.87,7.850427
2021-04-07 01:29:00,0.37496245,0.0007376103,0.62429994,5.556828061699537,7.782807262839695,4.836281906951478,0.0206170458506322,57443.98,57470.74,57407.72,57417.31,38.606895
2021-04-08 06:37:00,1.5161917e-09,1.0,1.1619022e-08,5.438079308923196,7.994294986415977,5.8522024797744745,-0.0129519758199275,57082.85,57129.83,57078.23,57100.3,46.91456
2021-04-08 07:12:00,0.9750835,9.067482e-06,0.02490744,7.571473648851271,9.306014122044465,5.707110264748875,0.0003361708183311,57128.37,57140.19,57059.01,57068.43,41.684285
2021-04-09 02:36:00,0.00057648815,0.99917394,0.00024956642,5.3706380281276624,7.7823903355874595,4.143134726391533,-0.0251753097247212,58061.36,58097.22,58057.15,58097.22,12.854796
2021-04-09 02:38:00,0.9999548,1.4442331e-07,4.5094275e-05,5.934894195619588,8.368461137615839,5.484796933490655,0.0316297235310065,58177.02,58177.02,58134.52,58134.53,18.545102
2021-04-10 00:37:00,0.99940944,0.00056016806,3.0328383e-05,5.817111159963204,8.789050713521046,6.249975242259483,0.0212810290498075,57966.26,57970.42,57918.74,57966.25,33.330514
2021-04-10 04:38:00,0.9935648,0.0003817989,0.006053326,5.44673737166631,7.669028288589683,3.6635616461296463,0.0364873972160263,60537.09,60634.52,60532.39,60612.47,121.341888
2021-04-10 06:13:00,0.9999993,5.607497e-07,1.7725085e-07,6.765038976780541,9.05204779298159,5.616771097666572,0.0224139526027766,60738.33,60738.33,60663.3,60668.52,45.987343
2021-04-11 06:45:00,0.06132602,0.938659,1.4987709e-05,6.6293632534374485,9.0455836463617,6.3080984415095305,-0.0229626714214535,59761.38,59852.0,59661.44,59831.88,91.240398
2021-04-11 10:16:00,0.99988735,1.2090146e-06,0.00011150038,7.095893221097532,9.217018026729423,6.646390514847729,-0.0486633075555804,59795.49,59922.48,59795.49,59912.1,45.237439
2021-04-12 01:33:00,0.914173,0.06916423,0.01666271,5.783825182329737,8.40827078419205,5.272999558563747,0.0485908889614523,59897.24,59943.3,59897.24,59938.8,12.114441
2021-04-12 05:01:00,0.99852777,0.00091590604,0.00055622007,6.018593214496234,7.527793987721444,4.691347882229144,0.0360941199642545,60174.25,60190.0,60168.83,60174.56,23.387123
2021-04-12 20:07:00,0.9999951,1.8492499e-06,3.003218e-06,7.1631723908466425,9.544882175080447,5.556828061699537,-0.0286005373505551,59961.22,59972.6,59932.6,59951.16,17.070423
2021-04-12 22:46:00,0.99993753,1.4587035e-05,4.7922418e-05,5.552959584921617,8.09346227450118,4.584967478670572,-0.0369021200736898,59892.96,59905.61,59867.52,59888.74,29.848307
2021-04-13 01:45:00,0.9006075,0.0010139305,0.09837853,6.403574197934815,8.389359819906353,4.465908118654584,0.0212939304845287,60536.88,60566.11,60536.88,60549.94,66.632142
2021-04-13 19:43:00,0.0005127034,0.9986993,0.00078798714,6.504288173536645,8.99255742690407,5.123963979403259,0.0015767461881934,62776.06,62839.02,62776.02,62818.34,14.451831
2021-04-13 19:48:00,1.0475347e-05,0.9999895,3.984503e-08,5.799092654460526,8.27052509505507,4.454347296253507,-0.0381130453569102,62884.64,62888.34,62856.58,62881.22,26.294248
2021-04-13 20:31:00,0.012425325,0.00026783496,0.98730683,5.638354669333745,8.080856419640986,4.6443908991413725,0.031171680138948,62964.34,62964.35,62929.82,62947.42,19.432362
2021-04-14 01:24:00,0.99963367,0.00018461276,0.0001817759,6.175867270105761,7.843848638152472,5.209486152841421,0.0355494185577752,63160.01,63219.58,63154.6,63184.12,50.205976
2021-04-14 21:07:00,0.99303377,1.5705766e-05,0.006950538,5.54907608489522,8.078067881815437,5.308267697401205,-0.038658935010469,62560.63,62591.03,62560.63,62591.0,19.741424
2021-04-15 06:54:00,0.9969567,0.0019784777,0.001064827,6.393590753950631,8.186742787113518,4.61512051684126,-0.0862030843948932,62939.78,62962.82,62878.63,62949.97,30.702854
2021-04-15 21:35:00,0.99997854,7.653745e-07,2.070134e-05,5.680172609017068,7.738923757439457,4.532599493153256,-0.0305487091180902,63433.74,63449.78,63400.0,63444.64,53.175617
2021-04-16 05:02:00,1.5609487e-05,0.9999819,2.546041e-06,8.470101583882387,9.073030421011577,5.87493073085203,-0.0281373230807043,61503.09,61820.31,61500.0,61800.0,123.705564
2021-04-17 05:30:00,0.99969506,0.00027122276,3.3689306e-05,5.971261839790462,8.368693183097793,4.969813299576001,0.0117461974570372,62111.48,62111.49,62053.92,62060.48,33.310001
2021-04-18 04:29:00,0.9876658,0.0009792392,0.011354971,5.75890177387728,8.127109185346375,4.718498871295094,0.0196830509055361,55332.0,55399.31,55200.0,55320.13,222.354964
2021-04-18 22:03:00,0.010731641,0.00070652785,0.98856175,6.720220155135295,9.351839934249885,5.942799375126701,0.0059628010190754,56244.59,56253.13,56198.97,56210.37,34.871217
2021-04-20 10:30:00,0.9843477,0.014785725,0.0008666237,5.771441123130016,8.391403185357937,5.517452896464707,-0.0625201858171949,55597.98,55894.06,55597.98,55838.82,114.443945
2021-04-20 20:04:00,0.004136279,0.99582905,3.468339e-05,6.839476438228843,8.937349848267392,4.77912349311153,-0.0036416377193961,56383.22,56444.21,56375.21,56434.92,33.388739
2021-04-20 20:07:00,0.9999516,1.4571808e-05,3.3858825e-05,5.407171771460119,7.615791072035833,4.532599493153256,-0.0577545136628432,56537.17,56555.65,56438.27,56461.77,43.269408
2021-04-21 21:25:00,0.98154366,0.0006409441,0.017815366,5.638354669333745,7.964850887447313,4.727387818712341,-0.0077115047275319,54933.48,54965.85,54914.02,54930.0,30.220356
2021-04-22 03:46:00,0.015488275,5.789734e-05,0.98445386,6.729824070489475,8.190908881182514,5.3981627015177525,-0.0056149272451375,53491.76,53513.29,53411.3,53439.39,65.144588
2021-04-22 05:07:00,0.76796913,0.00607025,0.22596064,6.70196036600254,8.35772841676521,5.655991810819852,-0.0154784010789747,54160.75,54187.9,54147.34,54147.36,26.895283
2021-04-22 20:08:00,7.842267e-05,0.9999192,2.356523e-06,5.198497031265826,8.081784206935001,5.247024072160486,-0.0218886230231742,52524.35,52524.43,52390.0,52491.12,85.218285
2021-04-24 04:21:00,0.9990921,0.00010210315,0.0008058378,6.413458957167357,9.066239028001926,6.073044534100405,0.0297225759327405,50181.82,50212.43,50132.07,50157.16,19.864803
2021-04-26 02:38:00,0.12569326,0.76644033,0.10786651,5.771441123130016,8.279697133877628,4.812184355372417,-0.0830110634501548,51903.08,51922.77,51818.18,51834.91,41.945065
2021-04-26 06:34:00,2.4766112e-05,0.9999752,5.2282335e-08,5.777652323222656,8.440959885416648,5.393627546352362,0.012567069524285,52774.27,52827.29,52750.0,52826.07,42.801074
2021-04-26 09:56:00,0.99352634,0.00025079836,0.006222857,6.29156913955832,8.843759381917984,5.652489180268651,0.020252455086644,53334.88,53385.87,53321.62,53326.46,52.731182
2021-04-26 19:23:00,0.9831768,0.00016525456,0.016657999,7.020190708311925,9.18594521514146,5.429345628954441,-0.0456946488593636,53860.0,53915.17,53860.0,53893.65,27.062351
2021-04-26 21:05:00,0.9999975,2.2516478e-07,2.242276e-06,5.908082938168931,8.61993026886735,4.875197323201151,0.0260951066877971,52690.81,52840.0,52682.54,52817.99,93.058044
2021-04-27 03:15:00,0.0015403146,0.9984586,1.1107485e-06,5.272999558563747,8.028455164114252,4.584967478670572,-0.0479236738799879,53682.57,53691.65,53670.93,53689.01,15.481076
2021-04-27 07:15:00,0.99996185,2.1483452e-06,3.603747e-05,9.267476563346992,11.35507796029868,8.221747728346623,-0.0401534034438998,54745.85,54775.66,54743.97,54754.82,33.101318
2021-04-27 20:27:00,0.9974644,5.5952038e-05,0.0024796042,5.932245187448011,8.497602541651233,5.225746673713202,0.0373090190779509,54868.36,54903.66,54863.03,54903.65,19.590923
2021-04-28 09:18:00,4.242479e-06,0.9999957,5.2512572e-08,6.590301048196686,8.961366060627451,6.171700597410915,0.0151036631478963,54168.32,54168.33,54100.0,54131.49,20.505561
2021-04-29 03:33:00,0.93591636,0.010995004,0.05308868,7.081708586105575,9.177610547353265,3.49650756146648,-0.0097357625061704,54400.0,54404.93,54392.09,54400.64,12.032822
2021-05-01 21:50:00,0.0005108898,0.9994885,6.2965375e-07,5.968707559985366,8.073402968986406,4.770684624465665,-0.020049724419298,57479.61,57481.38,57456.45,57456.46,21.208082
2021-05-02 04:10:00,0.87641025,0.010456836,0.11313291,5.926926025970411,7.333676395657684,6.408528791059498,-0.0192267473250605,56561.03,56599.15,56489.23,56574.99,48.275027
2021-05-02 05:21:00,0.9975821,7.911027e-06,0.0024099045,7.099201743553092,8.93075873555827,6.795705775173514,0.0429116274873872,56790.71,56886.94,56790.71,56884.18,23.778448
2021-05-02 08:49:00,0.99911624,1.9217949e-05,0.0008645768,5.983936280687191,8.649098262296176,5.298317366548036,0.0145478038820382,56502.32,56540.05,56490.76,56527.25,38.942765
2021-05-03 18:51:00,0.9989806,1.8086017e-05,0.0010013236,2.995732273553991,4.406719247264253,2.079441541679836,-0.1154567931751597,57866.46,57890.0,57853.54,57870.66,18.415215
2021-05-03 19:43:00,0.99993527,4.2198485e-06,6.061126e-05,6.124683390894205,7.976595409316577,4.948759890378168,-0.0087688100798766,57517.84,57521.04,57489.79,57490.18,20.699101
2021-05-03 20:23:00,0.9988181,0.00088586245,0.00029594928,5.762051382780177,7.990238185720363,4.564348191467836,0.0381635356152657,57267.22,57294.58,57237.07,57248.23,51.353437
2021-05-03 20:53:00,0.9999769,1.8407258e-05,4.716504e-06,6.511745329644728,8.531490496117062,4.736198448394496,-0.0033318758643689,57007.61,57019.99,56919.36,56919.41,33.694595
2021-05-03 23:53:00,0.9999957,1.4314264e-06,2.9034873e-06,7.263329617476836,9.38151671766514,5.929589143389895,-0.0242272526678807,57171.91,57203.37,57160.01,57195.03,25.253151
2021-05-04 09:56:00,0.9530869,0.046312384,0.00060073496,5.056245805348308,7.67368812926773,4.48863636973214,0.0218749731198413,56132.07,56136.15,56030.0,56044.11,50.091884
2021-05-04 20:28:00,0.99307805,0.004361454,0.0025603953,5.91350300563827,7.802618063442671,4.110873864173311,-0.0304026972272307,54228.99,54243.24,54023.0,54076.92,97.609185
2021-05-05 10:06:00,0.99985003,9.89238e-06,0.00013999545,5.6240175061873385,7.9157131993821155,4.624972813284271,-0.0227059143083314,55288.9,55303.98,55226.58,55266.94,34.354836
2021-05-06 06:15:00,0.9951805,2.3031607e-05,0.0047965706,6.150602768446279,8.53817159780143,5.41610040220442,0.0256168835581398,56872.44,56954.51,56863.28,56902.63,35.768657
2021-05-07 05:01:00,4.2456218e-08,1.0,4.3727684e-09,5.313205979041787,7.693025748417888,4.406719247264253,-0.0047455776032058,55760.72,55817.09,55760.0,55807.93,24.105621
2021-05-07 16:12:00,0.9999877,5.626494e-06,6.7278884e-06,5.981414211254481,8.37378460812088,6.689599269178967,-0.0207653879609175,57720.96,57899.84,57709.24,57880.85,236.063906
2021-05-08 02:48:00,0.99788946,8.9475136e-05,0.0020210615,5.3981627015177525,7.789868559054706,4.941642422609304,-0.0214979343502419,57997.46,58086.13,57993.41,58064.04,117.436875
2021-05-09 06:23:00,8.726546e-09,1.0,5.4468714e-08,5.746203190540153,7.917536353943631,4.330733340286331,-0.0087902875175962,58523.45,58551.77,58523.45,58542.51,31.708546
2021-05-09 06:24:00,0.0007785988,0.9992204,1.0789473e-06,5.5093883366279774,7.975564658495202,4.663439094112067,-0.0301573451599246,58542.5,58542.51,58505.38,58510.98,20.728889
2021-05-09 06:36:00,2.4888837e-07,0.9999993,4.7592977e-07,7.804659297056102,9.707290170206525,6.331501849893691,-0.0441629894339568,58475.37,58481.0,58455.23,58467.49,19.396221
2021-05-09 06:37:00,0.99997723,5.837828e-07,2.2194974e-05,5.214935757608986,7.711996507047669,4.48863636973214,-0.0437509984758063,58467.49,58481.01,58452.72,58457.21,36.899714
2021-05-10 09:38:00,0.9999763,6.0698458e-06,1.7659551e-05,6.444131256700441,9.033125752550372,5.739792912179234,0.0123619559593312,57989.4,58000.0,57888.0,57900.82,125.069957
2021-05-11 07:16:00,0.9995732,2.5564299e-05,0.0004011955,5.968707559985366,8.377011160816375,5.811140992976701,-0.0442067103319552,55646.18,55758.99,55634.53,55758.98,32.895577
2021-05-11 08:35:00,0.99981755,1.0364593e-05,0.00017210982,4.787491742782046,7.861341795599989,4.663439094112067,-0.0387559420353856,55290.07,55373.43,55290.06,55372.88,41.405576
2021-05-11 21:55:00,0.91049546,0.003675145,0.08582936,6.052089168924417,8.411832675758411,4.532599493153256,-0.024088628675091,56389.26,56459.0,56384.61,56430.22,25.536573
2021-05-12 07:27:00,0.9995005,6.805968e-06,0.0004927412,5.968707559985366,8.520388082312756,5.638354669333745,0.0194055634207979,57210.41,57220.37,57197.35,57207.34,27.957478
2021-05-13 07:56:00,0.99850744,0.001468894,2.3684961e-05,7.213768308118642,9.36383369293329,7.001245622069476,-0.0323142741113874,50787.99,50827.02,50766.42,50825.06,32.825792
2021-05-13 19:07:00,0.9999666,3.0797933e-06,3.032793e-05,6.78897174299217,8.17695386822578,5.43372200355424,-0.0469781740922717,48081.15,48464.57,48076.06,48459.39,123.427389
2021-05-13 19:09:00,6.413225e-05,0.99993575,1.4857429e-07,5.262690188904886,7.007600613951853,4.31748811353631,-0.0810710739511522,48394.85,48584.43,48350.92,48444.4,116.338735
2021-05-13 19:10:00,0.9999852,1.4996736e-07,1.4655417e-05,7.115582126184454,8.813289762469037,5.857933154483459,-0.0256649817398932,48444.41,48497.73,48298.0,48319.57,132.425279
2021-05-13 19:12:00,0.99557304,3.137197e-05,0.0043955524,5.961005339623274,7.863266724009573,5.209486152841421,0.0143934883874295,48399.98,48583.19,48399.97,48494.35,89.965472
2021-05-13 19:39:00,0.9891773,0.00033508698,0.010487661,6.107022887742255,8.568266461600238,5.697093486505405,0.0295667957191036,49260.77,49275.61,49185.01,49193.09,29.131686
2021-05-13 20:13:00,0.0077281934,0.99222374,4.8015587e-05,6.775366090936392,9.02437217426203,5.905361848054571,0.0142974050735947,49185.53,49222.22,49130.32,49161.83,71.656265
2021-05-13 21:05:00,1.1320415e-06,0.99998796,1.0941292e-05,6.784457062637643,8.905172985183382,5.666426688112432,-0.0070312369645569,49100.01,49181.72,49059.01,49179.18,44.505213
2021-05-13 21:09:00,0.9872012,0.0064343675,0.0063644894,6.507277712385012,8.613048677059759,5.3230099791384085,-0.0685506390881102,49183.74,49252.96,49160.5,49246.2,40.257094
2021-05-13 23:40:00,0.9993987,1.0262878e-05,0.0005910378,7.556427969440253,9.616005460087012,3.332204510175204,-0.0008728236153817,49376.6,49421.7,49269.06,49306.79,55.782022
2021-05-14 00:45:00,0.0017992655,3.4231825e-06,0.9981974,6.508769136971682,7.914983005848394,5.652489180268651,-0.0303145597574065,49885.36,49886.0,49808.1,49856.31,49.525809
2021-05-14 04:21:00,0.96735317,0.030687597,0.0019592592,7.023758954738443,8.760923376338836,7.818430272070656,-0.024067849153671,49450.01,49499.99,49437.76,49465.31,42.707407
2021-05-14 04:32:00,0.9999856,6.312723e-06,8.151846e-06,4.709530201312334,7.796880342783522,5.117993812416755,-0.0346639245461594,49319.36,49341.05,49300.0,49341.05,27.989407
2021-05-14 05:41:00,0.99979,2.4909083e-05,0.00018506683,8.374015421739909,10.28997369404649,7.496097345175956,0.0233199068202101,49332.12,49332.13,49247.87,49296.44,34.27628
2021-05-15 21:54:00,0.9999796,1.23493755e-05,8.034935e-06,5.823045895483019,8.558718938244736,5.697093486505405,-0.0208318799928079,48527.46,48527.47,48447.42,48505.39,28.007822
2021-05-16 01:52:00,0.9999993,5.607497e-07,1.7725085e-07,6.692083742506628,9.2471543450989,6.139884552226255,0.006258266162495,48046.84,48065.86,48000.0,48065.86,25.444697
2021-05-16 09:59:00,0.9972274,0.00014059055,0.002631952,6.519147287940395,8.603554357064281,5.730099782973574,-0.0913330291286654,49284.99,49317.0,49260.0,49264.69,53.330141
2021-05-16 21:56:00,0.99985003,2.8281245e-05,0.00012167099,5.981414211254481,8.333991247194975,5.017279836814924,-0.0284555149060889,45213.27,45213.28,45151.49,45200.0,90.750103
2021-05-17 02:07:00,0.9999211,5.217414e-07,7.840928e-05,7.38025578842646,9.493336482437249,7.517520850603031,0.0266395794951474,45032.38,45145.78,45019.36,45104.91,52.135472
2021-05-17 02:17:00,0.99978024,2.3272878e-05,0.000196522,8.80131894766524,10.485675239037766,8.736328721332908,-0.0333614459316496,45148.02,45220.1,45118.57,45197.28,41.595844
2021-05-17 13:56:00,0.9965957,4.1033563e-06,0.0034000976,9.583213415483687,11.375810516214353,9.630759771866158,-0.0484138718481786,44899.99,44953.65,44894.29,44946.01,74.513084
2021-05-17 20:45:00,0.99999905,1.9913476e-07,7.014866e-07,6.92461239604856,9.18778796750567,6.960347729101308,0.0064049335652114,44634.94,44878.91,44622.86,44878.9,165.094366
2021-05-17 22:07:00,0.9997757,0.00017495512,4.9394497e-05,5.638354669333745,7.70210434005105,4.23410650459726,-0.0044436184648949,43890.11,43990.0,43880.0,43989.99,70.57853
2021-05-18 21:00:00,0.98862386,0.01134534,3.0752777e-05,7.724004656676065,9.660778845727078,7.769378609513984,0.0305399013360609,43254.06,43500.0,43238.04,43339.38,87.420237
2021-05-18 21:22:00,0.99998724,2.7005856e-06,1.00217285e-05,6.927557906278317,9.407796816354407,6.135564891081739,-0.0325135429309652,42967.59,43055.71,42941.33,42975.66,67.266908
2021-05-19 00:36:00,0.99999857,8.917343e-08,1.3083786e-06,4.7535901911063645,7.631916513071252,5.123963979403259,0.0199835421381752,42706.59,42870.37,42674.16,42819.08,87.502248
2021-05-19 04:35:00,0.999824,2.218411e-06,0.00017382,5.2574953720277815,7.756195343948118,6.400257445308821,-0.0415386687162508,39953.52,40000.0,39859.79,39900.0,180.534215
2021-05-19 10:30:00,0.024349138,0.0026970045,0.9729539,6.9930151229329605,8.526351129201004,5.37989735354046,0.0028370530534344,39584.27,39638.29,39404.0,39447.01,154.603917
2021-05-19 10:32:00,8.623609e-06,0.9999914,3.7368526e-08,6.56244409369372,9.14216859187285,6.654152520183219,0.0136754094038828,39371.4,39390.44,39221.0,39309.99,238.902145
2021-05-19 20:28:00,0.12795293,8.480891e-06,0.87203854,6.900730664045173,8.326758814511733,7.27931883541462,0.0152694852136354,39098.42,39178.78,39058.68,39092.14,89.224703
2021-05-19 21:48:00,0.0037020403,8.585166e-05,0.9962121,6.1092475827643655,8.804175018753625,6.238324625039508,-0.0327855612153865,38664.98,38899.98,38656.49,38775.86,95.835815
2021-05-19 21:54:00,0.97791404,0.0008187052,0.0212673,6.280395838960195,8.873047798971067,5.25227342804663,0.0453937227261513,38703.97,38712.74,38678.16,38696.69,46.819394
2021-05-20 02:43:00,0.9999683,6.3896664e-07,3.1167307e-05,4.77912349311153,7.717351272185329,5.393627546352362,0.0175278844098745,37548.13,37726.32,37548.12,37678.55,90.452267
2021-05-21 04:13:00,0.018238328,0.05431344,0.9274483,6.54965074223381,8.498214224818435,7.193685818395112,-0.0220186278693257,40439.38,40499.99,40412.7,40412.71,37.231913
2021-05-21 13:46:00,0.99991465,7.990312e-05,5.4250854e-06,6.410174881966167,8.40737832540903,4.430816798843313,-0.0181043216665887,41092.23,41119.98,41073.1,41102.87,54.535383
2021-05-22 10:38:00,0.9672472,0.00023065513,0.03252221,6.111467339502679,8.17103418920548,4.804021044733257,0.0110426846938766,37636.36,37694.57,37587.14,37587.15,132.938037
2021-05-22 18:16:00,0.99999785,2.0594862e-06,1.0422858e-07,5.945420608606575,7.86288203464149,4.343805421853684,0.0145704189893441,37853.64,37927.36,37846.62,37874.17,31.465611
2021-05-23 11:08:00,0.99938965,5.8196415e-06,0.0006045448,8.333991247194975,10.401774899604014,7.731053144007127,-0.0210851926923201,35278.06,35354.43,35273.92,35307.89,65.889347
2021-05-23 23:47:00,0.99814594,2.817473e-05,0.0018258968,8.435332164935916,9.763938087586045,2.9444389791664403,-0.033263912370275,34635.06,34888.0,34631.33,34818.2,98.683488
2021-05-24 20:50:00,0.9764671,0.0004308403,0.023102114,6.46302945692067,9.090091799380009,6.091309882077698,-0.0265350459993171,38939.91,38994.13,38934.0,38954.57,43.079096
2021-05-24 21:43:00,0.9988749,7.793019115e-05,0.0010472255015,13.945538320037095,17.81451273653018,10.773776229848487,0.0047650099338401005,38518.43,38664.89,38510.77,38598.97,262.378268
2021-05-24 21:45:00,0.999905,4.1650368e-05,5.3448366e-05,7.917900586327916,9.567874946326796,6.697034247666484,0.0595336086357588,38367.23,38533.86,38308.52,38488.37,189.782782
2021-05-24 23:39:00,0.99999857,5.901521e-07,7.848471e-07,6.152732694704104,8.345217926676428,5.225746673713202,-0.0015828914120038,38504.1,38560.93,38493.42,38543.54,29.346591
2021-05-25 02:00:00,0.9969777,8.071934e-06,0.0030142243,6.244166900663736,8.66888370465667,5.5909869805108565,-0.0293952332706838,38806.36,38812.97,38657.15,38696.69,79.175338
2021-05-25 03:42:00,1.4927115e-05,0.999985,1.2175792e-07,10.352203702638608,12.554113422092469,10.018199209668024,-0.0033418345180594,38275.01,38340.59,38270.0,38285.29,81.359613
2021-05-25 03:52:00,0.8973897,0.08758594,0.015024328,5.627621113690637,8.14002395246292,4.844187086458591,0.0171546225901004,38174.96,38187.05,38076.02,38136.64,65.219559
2021-05-25 04:03:00,0.012425325,0.00026783496,0.98730683,6.748759547491679,9.309914176872276,5.786897381366708,-0.0017892432647291,38422.14,38431.69,38300.0,38355.45,82.209698
2021-05-25 04:32:00,0.9998883,4.425913e-05,6.749471e-05,7.047517221357296,8.951569643018821,5.739792912179234,-0.0340119178864002,38039.35,38067.0,37975.04,38052.18,77.274777
2021-05-25 05:44:00,2.8484944e-06,0.9999968,3.7639356e-07,5.749392985908253,7.897296472595885,4.653960350157523,0.0075960268643691,38197.01,38250.0,38160.01,38237.06,33.896813
2021-05-25 23:39:00,0.0013325798,4.36733e-05,0.9986237,5.8971538676367405,8.548691858475609,5.476463551931511,-0.0080450336276173,38071.19,38111.99,38040.12,38077.82,27.215577
2021-05-26 00:10:00,0.9999956,2.8917026e-07,4.193264e-06,6.579251212010101,9.117457244496126,6.958448393297656,0.0184500754279965,38278.84,38285.65,38196.3,38199.0,49.35563
2021-05-26 20:23:00,0.06513946,0.0003243939,0.93453616,6.163314804034641,8.85609105525229,6.021023349349527,-0.0382188944515393,38663.11,38684.42,38646.74,38683.63,57.271079
2021-05-29 06:08:00,0.9999783,3.4852305e-06,1.82701e-05,5.921578419643816,8.782783017393202,5.564520407322694,0.0184863064457769,36964.51,37030.0,36955.87,36985.01,47.23586
2021-05-30 20:00:00,0.99991775,5.6082914e-05,2.6264108e-05,6.697034247666484,8.97221007835365,5.513428746164983,-0.0201184275119611,36077.59,36090.26,36028.88,36028.88,91.960533
2021-05-31 00:03:00,0.999141,0.0004944986,0.00036441148,5.83773044716594,7.947325027016463,3.970291913552122,0.0269810063447655,35502.01,35514.41,35462.83,35498.2,28.505323
2021-05-31 00:46:00,0.013902154,0.9860765,2.1422382e-05,5.493061443340548,7.952966790923131,4.543294782270004,0.0292795447784633,35324.37,35377.0,35320.09,35363.7,42.059498
2021-05-31 00:51:00,0.9999341,5.086534e-05,1.5068782e-05,6.459904454377535,9.220191688026556,5.8805329864007,0.0035368663793261,35363.64,35410.0,35345.01,35369.65,22.651288
2021-05-31 16:20:00,8.552586e-08,0.9999994,4.3764751e-07,5.560681631015528,7.6251071482389,3.58351893845611,0.047052916189911,37417.98,37428.64,37350.07,37356.99,104.6457
2021-06-01 16:32:00,0.99987996,0.00010884482,1.1237379e-05,6.396929655216146,7.980023592310645,4.59511985013459,0.0507058329415298,36306.65,36346.78,36306.65,36332.54,47.725569
2021-06-02 00:26:00,0.99998903,5.565686e-07,1.0312396e-05,6.411818267709897,8.880307358983872,6.57507584059962,-0.0224955799763117,36264.05,36297.69,36240.08,36276.77,42.012309
2021-06-04 09:07:00,0.99764675,7.557662e-05,0.0022777168,9.821192309809298,12.130696947073998,10.78502119445228,0.0202416559873353,36482.4,36505.59,36476.09,36476.1,16.270175
2021-06-04 12:58:00,0.98115164,1.3537586e-05,0.018834824,5.7899601708972535,8.499232866039245,5.468060141135132,0.0136479153327148,36890.38,36930.0,36826.58,36848.17,59.71833
2021-06-04 21:26:00,0.9999932,1.7936257e-07,6.5453773e-06,5.472270673671475,8.107418811719974,5.0369526024136295,0.0123928085899319,37182.0,37184.36,37158.79,37161.87,21.080875
2021-06-04 22:03:00,0.9998672,1.1863403e-06,0.00013161091,6.423246963533519,8.860782895806315,5.613128106388071,0.0045286000436763,37181.9,37194.96,37143.99,37191.46,29.324294
2021-06-04 22:10:00,0.99985385,4.1760295e-06,0.00014198026,5.598421958998375,8.102889134640868,4.919980925828125,-0.0210627931720178,37092.32,37124.04,37070.61,37093.68,34.601249
2021-06-04 22:15:00,0.9999975,1.4135425e-08,2.505919e-06,5.87493073085203,8.383890344101816,5.117993812416755,-0.030751456192777,37170.37,37185.16,37132.55,37136.81,12.555141
2021-06-05 00:03:00,0.85169464,0.14805824,0.00024713465,5.796057750765372,8.3670677328386,4.927253685157205,0.0314612865606984,36643.42,36759.33,36630.31,36738.06,37.956637
2021-06-05 20:46:00,0.9994677,0.0005234901,8.832294e-06,6.280395838960195,8.647519453091812,5.7899601708972535,-0.0516879856832751,35849.75,35881.91,35815.07,35875.89,75.615983
2021-06-06 02:20:00,0.99919444,0.00077469944,3.090935e-05,6.144185634125646,8.876125585396185,4.859812404361672,-0.0392928579038837,36187.19,36194.79,36173.81,36180.0,14.795039
2021-06-06 04:46:00,0.506877667,0.000602039668,0.49252031453,14.468166939152795,18.45523187926957,11.190016825466444,0.00158573950352805,36141.61,36200.0,36138.32,36166.62,139.49641
2021-06-06 04:49:00,0.68315244,0.001187039,0.31566045,6.675823221634848,8.815666824946216,5.214935757608986,-0.0484108062457347,36179.32,36186.96,36152.41,36157.68,18.457876
2021-06-06 05:41:00,2.7094659e-08,1.0,1.1646846e-08,5.267858159063328,8.535229553902337,6.2166061010848646,-0.0251884546205656,36169.91,36189.16,36168.16,36168.17,21.038734
2021-06-06 08:05:00,0.009690765,0.9902111,9.8123724e-05,6.641182169740591,9.002577922700276,6.60934924316738,0.0542275840539036,36146.49,36151.7,36096.81,36139.51,73.387412
2021-06-06 10:36:00,0.9947649,0.00014965267,0.005085394,6.841615476477592,8.812992231969966,5.973809611869261,-0.0352042321043138,36004.36,36007.48,35987.01,35999.99,11.282343
2021-06-06 21:18:00,0.99978465,2.6206248e-05,0.0001891749,7.628031126930335,9.970865787866076,8.501267040865978,0.0590422110316579,35899.38,35917.46,35886.88,35907.16,37.257631
2021-06-07 09:08:00,0.9999275,4.086202e-05,3.160341e-05,5.209486152841421,7.958227192322312,4.605170185988092,0.0200485235673292,36045.0,36100.0,36041.83,36097.42,34.196897
2021-06-07 09:28:00,0.9999485,6.758389e-06,4.4672634e-05,7.86172707782398,9.55761123583962,6.664409020350408,0.0315184964680093,36300.69,36325.26,36290.0,36293.4,102.56614
2021-06-07 12:27:00,0.00024934506,0.9997502,5.0814435e-07,6.192362489474872,8.046869510959576,4.969813299576001,0.0231738036364448,36357.02,36398.72,36356.04,36362.25,25.158642
2021-06-07 21:01:00,0.99794084,0.0019922531,6.687524e-05,6.302618975744905,8.738735461363474,5.638354669333745,-0.0284953978608369,34458.51,34543.99,34458.51,34480.0,158.833824
2021-06-08 03:44:00,0.9999224,2.3938715e-06,7.521912e-05,6.5998704992128365,8.901638932300326,5.707110264748875,0.0497722551626809,32754.43,32773.29,32732.05,32759.11,75.083262
2021-06-08 04:54:00,0.9892904,0.01064358,6.5983324e-05,6.733401891837359,8.721276239991704,5.62040086571715,-0.0285682831823156,32829.74,32854.38,32826.4,32833.26,30.266288
2021-06-08 05:07:00,0.8413727,0.05553833,0.103089005,5.703782474656201,7.8252452914317745,5.123963979403259,-0.0522575849686535,32906.79,32986.4,32902.89,32939.42,102.271579
2021-06-08 07:09:00,0.012425325,0.00026783496,0.98730683,6.159095388491933,8.772765209949785,5.899897353582492,-0.0170230321340959,32409.59,32612.3,32386.24,32580.74,244.83664
2021-06-08 07:11:00,0.9999503,1.7510109e-05,3.218557e-05,5.438079308923196,8.247482004285693,4.976733742420574,-0.0533044423293953,32702.91,32702.91,32600.62,32664.7,119.467202
2021-06-08 07:32:00,0.9998702,7.1130144e-06,0.0001226626,6.198478716492308,8.718172930028725,5.942799375126701,0.0162258112861246,33124.97,33150.0,33096.0,33096.0,67.327476
2021-06-08 08:28:00,0.0010551715,0.00034092923,0.9986039,5.54907608489522,7.929126487306799,5.153291594497779,-0.0199579123537024,33247.39,33275.0,33224.99,33255.11,78.363248
2021-06-08 20:04:00,0.97388047,1.1521554e-06,0.026118401,7.187657164114956,9.170663554823284,5.631211781821365,-0.0287215747830738,32737.78,32749.49,32720.65,32726.24,27.319582
2021-06-09 00:20:00,0.99991953,7.498842e-05,5.5376445e-06,5.978885764901122,8.51579221050061,5.497168225293202,-0.025396402959711,32987.08,33031.92,32932.47,33000.0,100.103248
2021-06-09 08:50:00,0.84514683,0.15446644,0.00038681814,5.43372200355424,8.19478163844336,6.025865973825314,0.0195649791762861,34025.73,34042.03,34011.34,34032.74,34.496317
2021-06-09 10:06:00,0.99993503,1.387003e-06,6.354761e-05,16.14118698218172,18.811649769716738,12.743223694463714,0.028498401797065948,34083.39,34137.44,34058.93,34062.29,94.506728
2021-06-09 10:14:00,0.9999347,5.7810566e-06,5.9621758e-05,5.768320995793772,7.731492029245684,4.543294782270004,-0.0142891330029792,34070.92,34098.85,34052.31,34098.57,36.217972
2021-06-09 10:35:00,0.9998933,2.9442426e-05,7.720742e-05,6.159095388491933,7.97522083865341,4.465908118654584,-0.0160251652174608,34381.88,34477.73,34357.27,34447.63,114.207102
2021-06-09 12:05:00,0.99998057,2.5505275e-07,1.9140865e-05,5.953243334287785,8.511175119090675,4.836281906951478,-0.0058255388855695,35168.32,35224.92,35101.0,35129.81,169.677416
2021-06-09 12:08:00,0.9997881,0.00013984693,7.206032e-05,8.0507033814703,9.848872959262906,6.244166900663736,-0.0214053953280293,35126.76,35249.67,35115.42,35176.39,181.865793
2021-06-09 12:44:00,0.6761256,0.32344303,0.00043134438,5.37989735354046,7.9211727215870145,4.143134726391533,-0.0182517865222668,34985.17,35107.03,34963.79,35042.98,197.548731
2021-06-09 12:57:00,0.99998355,3.1743118e-06,1.3253636e-05,6.395261598115449,8.574518258035507,5.288267030694535,-0.0487470317957623,34982.62,34982.62,34907.5,34938.37,101.756043
2021-06-09 13:11:00,5.7912257e-05,0.9999397,2.4247593e-06,6.093569770045136,8.20166019080868,4.574710978503383,-0.016960141209509,34874.91,34949.41,34874.9,34933.7,100.997844
2021-06-09 13:57:00,0.99962914,0.0002847526,8.599411e-05,7.496097345175956,9.602517585757411,5.598421958998375,0.0216899288869551,34942.18,34945.04,34890.78,34901.71,43.024541
2021-06-09 20:25:00,0.99900097,0.00043305734,0.0005660259,5.805134968916488,8.467582690862903,4.736198448394496,0.0161415209466541,36124.78,36215.0,36124.37,36210.94,31.181172
2021-06-09 20:28:00,0.9990722,0.00017364357,0.000754095,6.180016653652572,8.339261982923576,4.997212273764115,0.0274044369825637,36181.39,36284.99,36181.38,36258.22,57.208141
2021-06-09 20:35:00,0.9997762,2.9655017e-05,0.00019416463,5.634789603169249,8.07961802938984,4.553876891600541,0.0199499512905696,36244.22,36273.4,36235.03,36247.37,37.5751
2021-06-09 21:02:00,0.9999521,1.8021334e-05,2.9952591e-05,6.2166061010848646,8.081784206935001,4.3694478524670215,-0.0161644136961766,36379.62,36417.2,36370.57,36414.93,36.018632
2021-06-09 22:14:00,0.99923193,6.506427e-06,0.00076152186,6.618738983517219,9.106534203250591,6.490723534502507,-0.0530875833141469,36640.02,36675.0,36637.03,36664.53,25.184663
2021-06-09 22:25:00,0.9999231,1.9845506e-06,7.4834155e-05,5.1647859739235145,7.995643604287271,4.61512051684126,0.0169129492902947,36913.35,37160.99,36905.0,37155.94,499.743158
2021-06-10 02:07:00,9.597022e-09,1.0,9.070918e-09,5.6240175061873385,8.271292652979412,5.123963979403259,0.0200237216092868,36855.51,36938.18,36849.96,36934.0,46.445657
2021-06-10 04:02:00,0.996564,0.0027341759,0.0007018925,6.470799503782602,8.504310565585223,4.997212273764115,0.0128760393374337,36984.32,37022.91,36984.32,37002.64,49.323615
2021-06-10 05:58:00,0.999902,9.6195574e-05,1.8012863e-06,5.75890177387728,8.013012110368916,5.181783550292085,0.0285212322720254,36779.84,36891.36,36779.84,36837.99,76.253315
2021-06-10 07:23:00,0.0013184602,1.3012939e-06,0.9986802,5.25227342804663,8.584103896698863,4.927253685157205,0.0193245663644544,36854.93,36854.93,36832.13,36846.23,24.561647
2021-06-10 09:57:00,0.9999844,8.247384e-06,7.4466852e-06,5.7745515455444085,7.7823903355874595,4.762173934797756,0.002646327573993,37478.33,37494.82,37384.97,37421.99,138.08389
2021-06-10 11:10:00,0.97905445,0.005689342,0.01525613,5.976350909297934,8.62998601889136,5.278114659230517,0.0062773338826496,38077.04,38176.07,38063.55,38175.82,159.077688
2021-06-10 19:45:00,0.9999547,7.0184234e-07,4.46196e-05,4.653960350157523,7.743269700829004,4.990432586778736,-0.006072272300596,36632.43,36632.44,36532.11,36579.8,65.361923
2021-06-10 20:50:00,5.5677297e-08,1.0,2.898897e-09,5.796057750765372,7.688455356549944,3.7612001156935615,-0.05371785615108,36285.73,36291.99,36220.83,36261.23,41.377793
2021-06-10 21:48:00,2.3359997e-08,1.0,3.5088316e-08,5.926926025970411,7.846980982138788,3.367295829986474,0.0707527423625497,36588.93,36627.39,36558.05,36626.41,33.940038
2021-06-10 23:42:00,0.89525527,0.000117362346,0.10462732,5.484796933490655,7.57455848420248,5.796057750765372,-0.0273654829676387,36926.21,36926.21,36869.0,36890.2,47.381373
2021-06-11 04:18:00,0.99397874,0.00018082983,0.0058404077,6.028278520230698,8.177796683277778,5.10594547390058,-0.0436713800253912,36776.58,36811.41,36772.8,36808.94,26.096427
2021-06-11 20:32:00,0.9999082,2.8545168e-05,6.3347805e-05,5.877735781779639,8.483843211734683,5.438079308923196,-0.0485473021441929,37394.99,37477.0,37357.16,37357.17,139.638349
2021-06-12 01:30:00,0.99998116,1.699124e-05,1.740253e-06,5.093750200806762,7.95892649305011,5.225746673713202,-0.021452043886343,36556.2,36564.13,36352.01,36449.55,269.598359
2021-06-12 03:21:00,0.22772308,2.5801264e-05,0.7722511,5.840641657373398,8.610501368549889,5.755742213586912,-0.0503495971413373,35778.49,35833.82,35778.49,35808.08,59.693276
2021-06-13 05:12:00,0.9999274,5.6490666e-05,1.6046373e-05,5.429345628954441,8.160518247477505,5.075173815233827,-0.0073474153769973,34971.36,35007.45,34963.36,34994.98,30.962365
2021-06-13 10:52:00,0.99993575,4.0084237e-07,6.391476e-05,5.752572638825633,7.762170607138205,4.31748811353631,0.0197079210461724,36015.01,36023.85,35986.05,36013.2,45.522632
2021-06-13 11:00:00,0.0075657065,1.0975483e-06,0.9924332,6.532334292222349,8.696175846944678,5.60947179518496,0.0308840181320706,35970.52,36000.0,35958.46,35969.44,52.58686
2021-06-13 22:13:00,0.9999466,1.6832213e-05,3.662949e-05,6.664409020350408,9.158625936289503,5.872117789475416,-0.0221871030639137,38933.23,38933.23,38708.82,38763.77,164.574177
2021-06-13 22:19:00,0.024642583,0.0948,0.8805574,5.41164605185504,8.224431573221159,5.780743515792329,-0.0730037025284172,38859.42,38864.75,38709.23,38815.6,93.632762
2021-06-14 01:00:00,0.0561319,0.0013225606,0.94254553,6.0063531596017325,7.96311205897929,4.605170185988092,0.0014107340347868,39122.19,39133.38,39073.41,39077.04,55.188145
2021-06-14 01:42:00,0.97381085,0.025213664,0.00097544474,9.103868127465669,10.787110454145898,9.01371703047137,-0.0488004492264099,39627.09,39650.0,39570.0,39616.83,133.462841
2021-06-14 20:34:00,0.9999993,5.1187232e-08,7.490483e-07,6.118097198041348,8.567696173589344,4.852030263919617,-0.0023554946852911,39606.98,39670.1,39602.85,39634.08,45.721873
2021-06-14 21:13:00,0.9998504,7.1720115e-06,0.00014237882,6.559615237493242,8.82379514872053,5.541263545158426,0.0304622758935598,40173.84,40188.78,40129.01,40140.52,67.45135
2021-06-15 00:14:00,0.9996898,0.00028788633,2.2294607e-05,7.669961995473577,9.380504998499504,6.278521424165844,-0.0445443399213107,40356.36,40449.0,40356.36,40428.43,33.259534
2021-06-15 03:12:00,0.001045182,0.00012974253,0.998825,5.236441962829949,7.68017564043659,5.068904202220232,-0.055831094219197,40372.74,40416.0,40372.73,40389.25,45.812508
2021-06-15 04:33:00,0.07340148,0.0010736485,0.9255249,6.226536669287466,8.58653266949485,5.181783550292085,0.0201093724408907,40431.54,40450.0,40431.08,40440.0,18.749045
2021-06-15 22:43:00,0.061812058,0.93488896,0.0032989567,4.787491742782046,7.721791776817535,5.602118820879701,0.0171032868666571,40137.96,40170.71,40135.42,40158.86,26.623175
2021-06-15 22:49:00,0.9198345,0.08015902,6.5052736e-06,7.564757012905729,9.85644835453034,7.133295954896068,0.020407625688895,40155.27,40169.12,40151.47,40156.91,13.099143
2021-06-16 00:10:00,0.9998888,1.2305304e-06,0.00011001902,6.104793232414985,8.671286726753637,5.220355825078324,-0.0217436811926278,40063.28,40065.29,40000.0,40041.07,33.697306
2021-06-16 01:44:00,0.9988803,0.0011184614,1.1572392e-06,4.634728988229636,7.7025561132685825,5.075173815233827,0.0191406974053036,40016.7,40043.98,40000.0,40004.31,56.888996
2021-06-16 06:46:00,5.24364e-06,0.999985,9.733372e-06,6.054439346269371,8.19946419761216,4.976733742420574,0.0311746381700757,40500.76,40512.91,40470.18,40475.22,171.237213
2021-06-16 22:51:00,0.9998585,1.9629013e-06,0.00013959093,7.346655163176539,9.373733918884618,6.879355804460439,0.0226705448070933,38553.44,38582.98,38531.25,38576.61,27.465165
2021-06-17 01:20:00,0.99988246,2.3572638e-06,0.00011519952,5.541263545158426,8.213110697596676,5.983936280687191,-0.0260096800502658,38692.19,38702.46,38663.75,38667.94,34.618428
2021-06-17 03:16:00,0.90632087,0.09362051,5.8531034e-05,5.5909869805108565,8.21716859576607,5.087596335232384,-0.0238196732662577,38844.87,38844.87,38807.4,38822.2,31.072784
2021-06-17 10:55:00,0.9992792,1.2076146e-06,0.0007196065,6.035481432524756,8.052933036797567,5.43372200355424,-0.0327020127085316,39265.72,39292.06,39254.43,39282.04,15.728105
2021-06-17 21:27:00,0.999954,4.2801298e-07,4.550499e-05,5.093750200806762,7.473637108496206,5.1647859739235145,0.0158319514703189,37647.29,37689.0,37647.29,37675.3,22.767112
2021-06-18 01:27:00,0.9999416,3.285331e-07,5.801308e-05,5.147494476813453,7.9868449011613825,5.564520407322694,0.0096971963473326,37768.26,37768.26,37683.0,37702.66,23.993799
2021-06-18 09:10:00,0.999995,2.1424848e-06,2.8351228e-06,6.111467339502679,8.534443544822764,5.69035945432406,-0.0106425757560759,37774.44,37820.0,37774.44,37814.21,15.942018
2021-06-19 08:10:00,0.9999939,6.981714e-07,5.388461e-06,5.934894195619588,8.690137586397595,5.641907070938114,-0.0158835867268335,35647.7,35677.6,35633.08,35641.52,36.331636
2021-06-19 08:11:00,3.186065e-07,0.99999964,4.6263587e-08,5.236441962829949,7.888334500738654,5.327876168789581,-0.0220203544096632,35641.52,35666.47,35641.41,35641.41,27.92837
2021-06-19 10:39:00,0.9999963,6.0971394e-07,3.094411e-06,5.996452088619021,8.50532301884575,5.501258210544727,0.0489029176783994,35782.26,35789.98,35744.5,35785.0,44.082692
2021-06-20 05:04:00,0.99379563,1.2774997e-05,0.006191599,5.19295685089021,7.686162303492906,5.262690188904886,0.0467443973462766,35762.72,35790.68,35747.72,35789.29,15.535195
2021-06-21 19:07:00,0.9451568,0.002440058,0.052403215,5.8944028342648505,8.181440695719374,5.093750200806762,0.0100047404047505,32652.4,32653.98,32582.18,32629.26,88.94697
2021-06-21 19:43:00,0.0077094333,0.0022669386,0.9900237,5.8971538676367405,8.826734598220911,5.814130531825066,-0.025348327388874,32426.5,32434.92,32390.01,32430.46,26.588507
2021-06-21 20:07:00,0.99997807,7.3692763e-07,2.1268741e-05,6.83087423464618,8.967249182852276,6.126869184114185,-0.0526289537430928,32659.99,32669.55,32562.84,32613.83,52.92791
2021-06-21 20:27:00,0.9940759,0.003933478,0.0019905972,4.795790545596741,7.774015077250727,4.61512051684126,-0.0175023973418733,32511.95,32511.95,32420.77,32439.81,36.931551
2021-06-22 01:48:00,0.9999926,3.6118868e-06,3.8011633e-06,6.738152494595957,8.715224041915372,5.713732805509369,-0.0013844220966592,32747.05,32780.0,32735.51,32739.02,82.080024
2021-06-22 20:45:00,0.9999037,7.6282554e-06,8.862965e-05,6.533788837933344,8.469891918298224,5.723585101952381,0.0731851335290192,32822.99,32830.0,32780.86,32794.05,53.883837
2021-06-22 21:58:00,0.9999858,2.4495537e-07,1.3985705e-05,6.447305862541213,8.679141958402255,5.583496308781699,0.0190498631540889,32433.02,32450.0,32388.45,32448.34,46.578945
2021-06-22 23:50:00,0.9996984,8.889597e-06,0.0002927324,6.042632833682381,8.602820277383675,5.513428746164983,0.0083534826581522,32431.53,32488.88,32400.23,32431.55,81.469665
2021-06-23 07:26:00,0.99980015,5.9990205e-05,0.00013989971,5.147494476813453,7.709756864454165,4.736198448394496,-0.0256881615275768,33945.6,33971.47,33915.68,33958.09,46.925414
2021-06-23 09:40:00,0.9439147,0.05535159,0.00073364336,5.924255797414532,7.873217054862741,4.7535901911063645,-0.0459236353621528,33935.73,33999.0,33890.96,33996.01,65.458257
2021-06-23 10:02:00,0.970315,0.00012751241,0.029557481,5.525452939131784,7.829630389150193,4.897839799950911,-0.022081571956909,33983.7,34009.0,33952.64,33968.03,75.647376
2021-06-23 20:47:00,0.006878964,0.99312055,4.49521e-07,5.796057750765372,7.595889917718538,3.912023005428146,-0.043922003940137,33163.36,33168.33,33108.11,33143.84,40.078327
2021-06-23 20:49:00,0.9999888,7.3165786e-08,1.1114069e-05,6.532334292222349,8.351138607086154,5.147494476813453,-0.0249841688556216,33149.39,33198.49,33138.46,33153.76,21.728916
2021-06-23 21:58:00,0.005929284,0.9940692,1.525911e-06,5.58724865840025,8.193123721512068,5.262690188904886,-0.0221557576035227,33345.92,33348.33,33311.34,33324.73,20.467475
2021-06-24 07:09:00,1.4475829e-05,0.99998367,1.918567e-06,6.208590026096629,8.07246736935477,4.61512051684126,0.0400588677971086,32960.59,32985.45,32957.78,32978.83,23.073972
2021-06-25 01:01:00,0.9968785,0.0025911673,0.00053038035,7.437206366871292,8.977398978181862,9.722804652410682,-0.0420569476048171,34571.32,34573.63,34423.91,34461.09,602.411947
2021-06-25 10:03:00,0.9827991,0.00062735134,0.01657347,6.447305862541213,8.80956425335415,6.595780513961311,-0.0118191030965612,33852.12,33854.26,33810.74,33816.59,37.323247
2021-06-25 10:11:00,0.9994991,6.111097e-05,0.00043974433,7.80057265467065,10.853599832885791,7.9714309977693505,-0.0369729492931,33802.99,33850.0,33802.98,33849.39,33.026281
2021-06-25 11:17:00,0.99946254,2.0124698e-06,0.0005354338,6.786716950605081,9.425613028909824,6.476972362889683,0.000511648971666,33623.18,33660.52,33604.86,33635.57,94.1177
2021-06-25 11:39:00,0.9999995,3.8454427e-08,4.891819e-07,7.684783943522785,9.791438048727503,6.327936783729195,-0.012244754242606,33488.67,33494.84,33410.72,33423.61,93.25099
2021-06-25 19:38:00,0.9999716,1.6319275e-07,2.8226346e-05,6.39024066706535,9.085117227222105,6.369900982828227,-0.0507556621075028,32311.38,32340.25,32264.08,32269.2,72.897213
2021-06-25 20:34:00,0.99989736,4.484779e-05,5.7808276e-05,6.0112671744041615,9.275378768155404,5.905361848054571,-0.0330340043764652,32274.89,32285.62,32230.77,32234.97,33.349185
2021-06-26 01:36:00,0.99758995,0.0016333985,0.0007766878,6.608000625296087,8.178919332848396,8.908018322784887,-0.002436503816776,31729.52,31779.0,31729.51,31764.13,34.407941
2021-06-26 04:50:00,0.9999999,5.984226e-08,3.2871757e-08,6.045005314036012,8.066835314417336,4.624972813284271,-0.02749480740606,32201.12,32213.67,32177.91,32196.04,27.405771
2021-06-26 10:58:00,0.08649203,1.1628475e-05,0.9134964,7.920446505142607,9.864954602819344,7.278628942320682,-0.0709207738425091,31059.2,31139.99,31042.38,31123.43,117.956139
2021-06-26 22:48:00,0.9999995,3.8022173e-07,1.0712707e-07,6.953684210870537,9.196748418456716,6.317164686747284,-0.0257535583674433,31691.48,31699.01,31663.78,31691.7,16.033259
2021-06-27 06:01:00,0.99999046,3.2375099e-06,6.259436e-06,5.834810737062605,7.221835825288449,3.828641396489095,-0.028261553744424,32924.98,33006.34,32922.04,32987.51,39.367714
2021-06-27 09:43:00,0.0014050193,0.99855953,3.54735e-05,8.272059622210412,9.517678002086406,6.102558594613569,-0.0140908130553552,32605.09,32610.71,32560.0,32597.01,127.620667
2021-06-28 10:50:00,0.9999746,2.1082324e-06,2.3228438e-05,5.525452939131784,8.193676665955241,4.709530201312334,0.0151393546987043,34113.62,34233.42,34102.39,34220.87,155.31447
2021-06-28 11:24:00,3.4990375e-05,0.9999622,2.6962978e-06,6.4457198193855785,8.027802848370312,5.318119993844216,-0.0147007475751237,33978.83,33999.89,33970.3,33978.82,49.064833
2021-06-28 13:19:00,3.2581931e-06,0.9999949,1.8999743e-06,5.6937321388027,7.795234929002173,3.58351893845611,-0.0801798814625582,34401.19,34422.41,34389.02,34397.89,27.225718
2021-06-28 21:44:00,0.005830355,2.0187777e-05,0.99414945,7.186144304522325,9.32901190169368,5.613128106388071,-0.0145835111232089,34592.25,34649.99,34578.13,34641.38,31.90675
2021-06-29 08:12:00,0.11521275,0.8846837,0.00010357608,6.565264970035361,7.998335395952982,4.74493212836325,-0.0408791771980127,34807.17,34825.0,34791.3,34824.99,28.192364
2021-06-29 08:45:00,0.99999845,2.521025e-08,1.5317397e-06,5.937536205082426,7.742835955430749,4.442651256490317,-0.0292552675775022,35099.68,35135.8,35024.84,35024.85,159.084386
2021-06-30 23:14:00,0.9616784,0.0012920245,0.03702964,6.522092798170152,8.530109416682784,5.645446897643238,-0.0290084972056018,35069.2,35100.0,35069.2,35080.01,51.695083
2021-07-01 20:22:00,0.99998903,5.565686e-07,1.0312396e-05,5.84354441703136,8.415603335654604,6.126869184114185,-0.0798253794833005,33228.59,33270.99,33223.83,33265.3,17.298597
2021-07-02 07:18:00,0.9990019,2.3581559e-05,0.00097455236,4.844187086458591,7.963807953231451,4.61512051684126,-0.0089110445780365,33125.59,33132.13,33120.0,33121.35,19.004238
2021-07-02 16:24:00,0.9994374,0.00025012836,0.00031252872,6.190315405853148,8.19478163844336,5.3471075307174685,-0.0104454552125883,33562.54,33575.35,33530.0,33559.16,39.219399
2021-07-03 11:18:00,0.99103546,2.602589e-05,0.008938542,6.74993119378857,8.169902647359145,4.68213122712422,-0.0175357730192736,34538.27,34542.84,34510.7,34510.7,29.522609
2021-07-03 20:53:00,2.420516e-07,0.9999931,6.6474495e-06,5.613128106388071,7.698482787880946,4.382026634673881,0.0215913665700513,34663.82,34679.42,34661.11,34670.7,10.038072
2021-07-03 21:46:00,0.18222363,0.09725873,0.72051764,7.317876198626496,9.221873607789856,5.955837369464831,-0.048648416494479,34810.71,34848.99,34796.01,34843.98,13.064948
2021-07-04 19:29:00,0.99985814,5.9772583e-06,0.00013586193,6.210600077024653,8.271548374755515,4.653960350157523,0.0371589513453409,35520.0,35520.0,35508.83,35511.32,9.684902
2021-07-05 01:17:00,0.012071495,0.9873646,0.0005638663,5.8522024797744745,7.8399193600125825,5.41164605185504,-0.0466946178104749,34887.29,34904.32,34860.14,34892.07,43.243353
2021-07-06 07:01:00,0.9999162,7.376161e-05,9.969656e-06,5.746203190540153,8.227108234348146,4.605170185988092,0.0129774190474072,34711.34,34720.0,34701.7,34720.0,62.071699
2021-07-06 19:26:00,0.02750788,0.0065987282,0.9658933,6.703188113240863,8.840724916761715,5.017279836814924,-0.0677422920550907,33927.74,33948.0,33925.59,33936.87,25.029283
2021-07-07 10:13:00,0.009835857,0.84971714,0.14044705,6.021023349349527,8.462314529906248,5.438079308923196,-0.0283204747556937,34531.47,34559.54,34531.27,34555.7,23.23492
2021-07-07 20:54:00,0.0013467724,0.9984316,0.0002215679,5.049856007249537,8.678801706612651,6.546785410760524,0.0230990406087769,34565.95,34568.71,34565.45,34568.65,4.091954
2021-07-08 22:24:00,0.9998398,3.3219399e-06,0.00015690971,5.736572297479192,8.0106915391303,5.147494476813453,-0.0234731031176255,32648.78,32659.12,32609.3,32618.4,15.378809
2021-07-09 06:48:00,3.6759864e-06,0.9999962,1.2578522e-07,5.564520407322694,8.230577217146454,4.59511985013459,0.017676906515208,32866.42,32904.41,32866.42,32899.88,14.819539
2021-07-09 20:32:00,0.99999666,9.880417e-07,2.3271577e-06,6.139884552226255,8.706986763048892,6.18826412308259,0.0007208133009141,33468.13,33471.29,33465.95,33468.55,7.940485
2021-07-10 16:28:00,1.1322865e-05,0.9999883,3.2001037e-07,6.656726524178391,8.721113147762688,5.293304824724492,0.0235418078098959,34109.11,34125.0,34088.01,34100.04,95.962203
2021-07-10 23:06:00,0.99747974,0.00029172946,0.0022285942,5.308267697401205,7.771910256435763,5.099866427824199,-0.0137663967496743,33611.39,33625.07,33608.33,33608.33,6.061252
2021-07-11 20:16:00,0.06272602,2.3375553e-05,0.93725055,6.0867747269123065,8.317033476492403,5.402677381872279,-0.0508136504657781,33958.79,33970.18,33958.16,33969.36,8.555833
2021-07-12 21:39:00,3.021368e-06,0.999997,3.568158e-08,6.1675164908883415,8.25712628599743,5.327876168789581,-0.021899751555582,32878.55,32893.2,32876.0,32889.71,17.632936
2021-07-13 18:02:00,2.1160993e-08,1.0,1.3171854e-08,5.902633333401366,8.160232492367689,5.3471075307174685,-0.0304544857693998,32722.39,32724.47,32670.01,32677.09,38.171386
2021-07-15 18:56:00,0.33245102,0.0007530716,0.6667959,6.8690144506657065,8.710619527942297,6.013715156042802,0.0060780343837835,31444.28,31456.97,31426.58,31449.05,15.855822
2021-07-15 22:18:00,0.00036383135,0.00012736802,0.99950874,4.941642422609304,7.426549072397305,4.691347882229144,-0.0466620965781064,31822.53,31859.0,31817.59,31835.62,37.923541
2021-07-16 04:18:00,0.996953,0.0030404099,6.4929313e-06,7.091742115095153,9.268797941547753,6.133398042996649,-0.0618116980362666,31917.45,31925.84,31899.46,31910.0,10.008671
2021-07-17 12:08:00,0.99998987,4.814081e-07,9.642646e-06,6.507277712385012,8.271036865792954,5.442417710521793,-0.041055213682606,31391.1,31404.82,31386.19,31399.33,15.861708
2021-07-17 23:36:00,0.0017263845,0.9982633,1.0351246e-05,5.58724865840025,7.711101251840158,5.003946305945459,-0.0389690867785118,31554.18,31561.52,31527.71,31534.7,9.305783
2021-07-19 19:45:00,0.03674271,0.0014321846,0.96182513,5.840641657373398,8.459987717645458,5.579729825986222,-0.0201226840100183,30686.89,30715.62,30686.89,30712.19,13.037389
2021-07-20 09:35:00,1.407729e-07,2.7189604e-05,0.9999727,4.795790545596741,7.747596838692885,5.342334251964811,-0.0192114627943624,29688.48,29711.73,29680.87,29707.07,15.500546
2021-07-20 20:43:00,0.0017819073,0.013874729,0.9843434,6.20050917404269,8.538758969330798,5.863631175598097,-0.0539646907828963,29899.63,29917.38,29898.27,29900.72,13.536637
2021-07-20 22:16:00,0.9999869,8.015774e-08,1.2968235e-05,5.293304824724492,7.968665700466235,5.117993812416755,0.021141527330415,29667.99,29679.81,29655.65,29676.62,11.495799
2021-07-21 20:33:00,5.1223064e-06,0.9999752,1.9667086e-05,5.934894195619588,8.09040229659332,4.844187086458591,-0.0090794180124299,31577.4,31606.97,31577.07,31606.79,27.873219
2021-07-22 02:11:00,0.9998313,1.0177825e-05,0.00015856036,5.4638318050256105,7.847762537473608,4.553876891600541,-0.020493068248879,31908.64,31923.62,31901.0,31904.05,10.306942
2021-07-22 02:12:00,0.99956363,0.00040924668,2.7011762e-05,7.746300662231439,9.923241159022965,6.70073110954781,0.0270280109930977,31904.05,31910.0,31885.9,31906.76,21.944045
2021-07-22 02:25:00,0.9862068,0.0051341723,0.008658964,5.568344503761097,7.870165946469845,4.02535169073515,-0.0672156795011923,31931.48,31948.61,31924.62,31945.37,24.235964
2021-07-22 02:34:00,0.99959916,1.972243e-05,0.00038108762,6.278521424165844,8.443761913330354,4.543294782270004,-0.0349748998335162,31850.0,31855.88,31787.93,31846.65,88.763152
2021-07-22 02:35:00,0.99954104,0.00013102869,0.00032792473,5.513428746164983,7.748460023899697,4.04305126783455,0.0106931402326968,31846.65,31876.57,31840.97,31857.44,43.659481
2021-07-22 02:38:00,0.99850875,5.500651e-06,0.0014857304,6.0473721790462776,8.446985296372741,5.402677381872279,-0.0269257556823643,31849.34,31850.0,31819.92,31825.74,15.669594
2021-07-22 02:59:00,0.9999815,1.03246286e-07,1.8400902e-05,5.529429087511423,8.15708378502887,4.820281565605037,-0.0146839752191232,31877.47,31877.48,31851.47,31855.0,19.469303
2021-07-22 03:25:00,3.3087274e-06,0.9999963,3.652175e-07,6.391917113392602,8.774776816043985,5.932245187448011,0.0121621351974327,31962.11,31966.16,31946.92,31958.81,6.986904
2021-07-24 07:08:00,0.99764675,7.557662e-05,0.0022777168,5.351858133476067,8.400209835930418,5.303304908059076,0.007800564836715,33841.56,33863.66,33835.72,33843.85,39.983448
2021-07-25 00:36:00,0.99764675,7.557662e-05,0.0022777168,5.2832037287379885,8.299037181613066,5.3612921657094255,0.023977153432195,34162.11,34162.12,34138.0,34161.05,15.427716
2021-07-26 01:57:00,0.9995702,6.903337e-06,0.0004229156,6.882437470997847,8.456806041401142,4.962844630259907,0.0189128304888186,38286.18,38380.0,38271.8,38356.04,201.197924
2021-07-26 09:29:00,2.1132764e-05,0.9999788,6.909499e-08,5.25227342804663,7.725330037917135,4.718498871295094,-0.0245034230040186,38269.95,38298.91,38253.7,38291.99,35.011289
2021-07-26 09:46:00,0.9995365,4.957716e-06,0.00045847226,5.808142489980444,8.572249397164315,5.099866427824199,0.0197100139334779,38085.61,38097.18,38000.0,38088.98,148.111627
2021-07-27 00:29:00,0.99764675,7.557662e-05,0.0022777168,5.529429087511423,8.411610428841172,5.225746673713202,0.0489769372613952,37409.8,37420.02,37395.2,37414.92,21.2675
2021-07-27 03:15:00,4.337259e-06,0.9999957,2.4697309e-08,5.056245805348308,7.715569534520208,4.564348191467836,-0.0020462617116459,36616.88,36620.25,36580.7,36609.89,32.669882
2021-07-28 10:18:00,0.9999951,3.1924728e-08,4.8455086e-06,5.10594547390058,8.12355783506165,5.111987788356544,-0.0238558959576897,40235.15,40246.93,40106.99,40118.7,103.111401
2021-07-28 10:25:00,0.9428768,0.0054364963,0.05168665,5.62040086571715,7.869783902530146,4.859812404361672,0.0254818406225575,40186.37,40200.0,40180.15,40197.86,57.655622
2021-07-28 20:09:00,0.9990798,0.00013823045,0.000781852,2.70805020110221,4.110873864173311,3.49650756146648,-0.0927418134717421,40000.02,40010.18,39900.75,39990.91,158.52192
2021-07-28 20:16:00,0.9999317,6.332953e-07,6.766508e-05,6.063785208687608,8.257644958208228,6.93537044601511,-0.0320033648725004,40132.93,40192.25,40130.0,40130.0,21.263271
2021-07-28 21:24:00,0.9995844,0.00018877101,0.00022686875,6.792344427470809,9.040500592684284,6.20050917404269,0.0174958186266791,39897.85,39946.16,39892.0,39919.34,29.092949
2021-07-29 04:05:00,3.7030509e-06,0.99999607,2.1361288e-07,6.042632833682381,8.226840890408578,5.117993812416755,-0.0057488422463388,39723.0,39837.84,39718.72,39837.83,59.132926
2021-07-29 07:41:00,0.99998236,1.8842923e-07,1.7429482e-05,7.029087564149662,10.022691800014604,7.906178840394815,-0.0680233317808165,40002.12,40019.99,39982.31,40013.17,23.582485
2021-07-31 08:04:00,0.0015161984,4.1956726e-05,0.9984419,5.459585514144159,7.757906208351747,4.248495242049359,-0.0267751713369736,41620.0,41659.87,41595.06,41655.15,32.390135
2021-07-31 08:13:00,0.9999845,7.673791e-08,1.5419744e-05,5.645446897643238,8.19478163844336,5.313205979041787,0.028174936553499,41646.17,41668.23,41645.01,41657.17,17.429283
2021-07-31 09:02:00,0.9925667,4.8248374e-05,0.007384987,5.771441123130016,8.316544717929398,5.3981627015177525,0.0063193288114733,41667.46,41669.78,41655.0,41655.0,16.663613
2021-08-01 12:11:00,0.08196501,0.9140496,0.0039853896,5.736572297479192,8.427706024914702,5.204006687076795,-0.0051788234394457,41717.01,41733.63,41695.04,41695.06,16.459795
2021-08-01 21:07:00,0.99546,0.004538585,1.4090045e-06,5.568344503761097,8.022568946988255,5.921578419643816,-0.0336763164900257,41151.31,41159.93,41126.34,41159.7,15.450742
2021-08-02 07:54:00,0.99189454,8.4543026e-05,0.0080208825,5.087596335232384,7.786967002614872,4.204692619390966,0.0072553198406929,40105.0,40105.0,40085.49,40090.87,9.621255
2021-08-02 22:32:00,0.9987079,0.0011339929,0.00015813076,5.501258210544727,8.420021279663963,6.077642243349034,0.0048362869624579,39499.99,39511.26,39459.0,39467.96,14.052567
2021-08-03 04:58:00,0.9939355,0.00048282417,0.0055816947,5.3612921657094255,7.912056888179006,4.912654885736052,-0.0195152290544148,38273.8,38399.99,38250.0,38365.0,232.019332
2021-08-04 05:56:00,0.9999969,4.154022e-07,2.739846e-06,5.147494476813453,7.909122183211411,5.017279836814924,-0.0389233421290951,38025.82,38029.93,38007.86,38016.26,10.842461
2021-08-04 16:48:00,0.68092567,0.31895772,0.00011656104,5.814130531825066,7.766840537085513,4.934473933130692,-0.0208781822192711,39481.92,39500.0,39472.69,39499.99,37.830729
2021-08-05 13:42:00,0.9994935,0.00037631913,0.0001302694,6.74993119378857,8.401108712395436,3.1354942159291497,0.097655358256873,37848.43,37848.44,37769.23,37769.24,57.261138
2021-08-05 14:47:00,0.99991703,4.9392287e-07,8.253245e-05,6.570882962339584,8.607582191143917,3.1354942159291497,-0.0427222563719769,38725.0,38800.0,38722.95,38795.7,131.869449
2021-08-06 10:32:00,0.9680582,4.4077e-05,0.03189769,6.660575149839686,8.029107054619736,5.0369526024136295,-0.0093898802069002,40459.2,40459.2,40422.14,40435.01,30.116654
2021-08-08 04:33:00,0.96735317,0.030687597,0.0019592592,4.8283137373023015,6.393590753950631,3.044522437723423,0.0245964093426873,44363.53,44392.1,44345.5,44350.95,22.861459
2021-08-08 10:00:00,0.97531873,1.0363827e-05,0.024670938,6.586171654854675,8.851377097519439,5.41164605185504,-0.0123341232653462,44724.16,44812.45,44719.99,44809.13,36.171415
2021-08-08 12:33:00,0.9992993,2.3664488e-05,0.00067693746,5.641907070938114,8.09009578318096,4.663439094112067,-0.0180838477207802,44860.73,44861.39,44827.84,44833.42,19.022519
2021-08-08 13:46:00,0.41490862,0.4509704,0.13412094,5.655991810819852,8.17413934342947,4.890349128221754,-0.017892707202972,44653.47,44688.23,44640.0,44685.46,27.762417
2021-08-08 17:05:00,0.99613047,0.0031672283,0.00070225657,4.51085950651685,7.634820677745543,4.584967478670572,0.024274309466976,43590.93,43669.03,43555.0,43581.37,100.873527
2021-08-08 21:34:00,0.99941325,1.1259762e-05,0.0005754682,6.431331081933479,8.323608442343572,4.962844630259907,0.0088814805420908,44031.06,44038.76,43990.0,43999.81,12.091728
2021-08-08 22:48:00,0.3092605,0.69065523,8.41991e-05,5.981414211254481,8.418256443556213,5.924255797414532,-0.0335070139430005,44312.97,44360.0,44312.96,44354.78,17.941275
2021-08-09 07:39:00,0.96748793,0.0021566174,0.030355413,5.662960480135946,7.586803535162581,5.010635294096256,-0.0227458293262213,43540.65,43552.59,43511.17,43542.29,15.947242
2021-08-09 21:29:00,0.99990547,1.4175615e-05,8.034465e-05,5.831882477283517,8.448700194970938,5.886104031450156,-3.994808918032149e-05,45225.41,45235.08,45160.42,45176.35,44.648564
2021-08-10 00:50:00,4.4506322e-07,0.99999726,2.2663153e-06,6.692083742506628,8.228977643358313,4.770684624465665,-0.2238461237467982,45763.69,45837.58,45763.69,45825.53,21.347596
2021-08-10 01:01:00,0.9999882,4.458092e-06,7.4391614e-06,7.172424577124845,9.079434102128385,3.58351893845611,0.0786778876704816,46000.0,46000.04,45850.0,45894.12,39.389472
2021-08-10 02:26:00,0.9995402,0.00045628322,3.599887e-06,5.2832037287379885,8.189522110748094,5.613128106388071,0.0215524275852429,46021.22,46021.22,45980.16,45980.17,21.745019
2021-08-10 03:42:00,0.98809624,0.0017390169,0.010164701,6.448889394146858,8.22817689595132,4.709530201312334,-0.1091624245884804,45770.42,45835.02,45770.41,45822.15,43.702731
2021-08-10 06:22:00,0.99999285,4.7892972e-06,2.373582e-06,6.726233402358747,9.222367752188902,5.8664680569332965,-0.0636739129621506,45473.23,45481.34,45446.74,45451.22,42.353313
2021-08-10 06:29:00,0.97683847,0.017815305,0.0053461995,5.71042701737487,7.643961949002529,4.691347882229144,0.0198746574557629,45375.02,45411.33,45360.0,45409.85,69.133374
2021-08-10 12:41:00,0.00021884432,8.272608e-06,0.99977285,6.18826412308259,8.104703468371108,4.48863636973214,-0.0279858030962549,45720.08,45730.58,45700.69,45723.89,23.654327
2021-08-11 19:19:00,0.999998,4.579402e-07,1.5828655e-06,5.713732805509369,8.107418811719974,4.795790545596741,-0.0242262422096186,46261.69,46286.95,46251.97,46286.94,25.490735
2021-08-11 22:54:00,7.412524e-06,0.9999926,3.8334502e-08,5.645446897643238,8.165079258805068,4.867534450455582,-0.0144122912503598,45663.84,45713.79,45637.74,45713.79,27.926887
2021-08-12 01:41:00,0.99999976,2.1590742e-08,1.931505e-07,5.4510384535657,7.919356190660617,4.060443010546419,-0.0438344179606698,45945.66,45955.87,45932.0,45932.0,20.007623
2021-08-12 17:00:00,0.9999944,3.0917724e-07,5.2374867e-06,6.228511003591184,7.99799931797973,5.135798437050262,-0.0093834109022356,43999.4,43999.41,43860.82,43901.55,58.840164
2021-08-13 03:21:00,7.013074e-07,0.99999905,2.651361e-07,5.293304824724492,7.947325027016463,4.727387818712341,-0.0310701610103044,43999.4,43999.41,43860.82,43901.55,0.0
2021-08-13 07:18:00,0.9998841,7.7426364e-07,0.00011510395,6.723832440821209,9.437874271591683,7.59337419312129,-0.0162359030868747,46148.76,46215.27,46148.76,46211.42,48.414271
2021-08-13 21:19:00,0.9999795,1.0180925e-05,1.0360233e-05,5.752572638825633,8.329899292995725,5.455321115357702,-0.0133264034031174,47652.24,47729.38,47646.17,47723.84,26.66204
2021-08-14 04:30:00,0.99764675,7.557662e-05,0.0022777168,5.3471075307174685,8.422662707570003,5.337538079701318,0.085765465432899,47586.34,47624.99,47568.38,47618.79,18.648119
2021-08-16 10:40:00,0.9996057,6.567447e-06,0.000387777,6.238324625039508,8.497194544909547,3.044522437723423,-0.0408684620312067,47366.99,47367.0,47327.84,47336.93,24.761924
2021-08-16 15:37:00,0.39030173,0.010340471,0.5993579,5.572154032177765,7.8160138391590275,4.672828834461906,0.0331941338165214,46226.85,46226.86,46178.02,46197.65,28.533599
2021-08-16 16:58:00,0.004087462,0.9956589,0.0002535859,6.679599185844383,8.582418976333944,4.74493212836325,0.0168241403101545,46397.44,46400.02,46390.64,46399.11,15.426556
2021-08-16 21:24:00,0.99998224,1.2386527e-05,5.395679e-06,5.529429087511423,8.165079258805068,4.890349128221754,-0.0196506289637285,45940.26,45949.97,45928.44,45949.97,4.623884
2021-08-18 02:09:00,0.99998903,5.565686e-07,1.0312396e-05,6.12029741895095,8.522976436171964,6.212606095751519,0.0224315355072139,44989.71,45044.63,44976.94,45013.48,26.382159
2021-08-19 05:32:00,0.8509215,0.14069507,0.008383449,6.003887067106539,8.3030093814735,4.6443908991413725,0.0360004265486735,44413.98,44475.2,44393.38,44464.8,51.269715
2021-08-21 00:19:00,0.99764675,7.557662e-05,0.0022777168,5.278114659230517,8.144969417087875,5.337538079701318,0.0092385179105827,49073.72,49073.72,49000.0,49022.81,58.245019
2021-08-23 09:33:00,0.99999917,6.656136e-08,7.7315434e-07,5.393627546352362,8.195609567288775,5.209486152841421,0.0202438078273205,50299.17,50299.99,50271.94,50272.18,18.730283
2021-08-23 19:02:00,0.9999969,2.291927e-06,8.725013e-07,5.68697535633982,8.047189562170502,4.882801922586371,0.0281462933122992,49391.1,49419.24,49382.08,49419.24,24.890315
2021-08-23 22:56:00,0.1562182,0.012701314,0.8310805,5.556828061699537,8.005367067316664,4.418840607796598,-0.0498771285505084,49605.5,49606.5,49583.54,49592.74,32.178386
2021-08-24 08:33:00,0.0014445778,0.9985532,2.1745998e-06,5.793013608384144,8.241703159729818,5.14166355650266,0.024094426766281,49694.72,49704.13,49685.46,49688.59,16.636837
2021-08-24 20:34:00,0.9999896,9.685748e-06,6.9957736e-07,6.673297967767654,9.110409533351133,5.971261839790462,0.0196674737943185,48375.09,48384.13,48351.5,48377.38,20.795747
2021-08-25 20:24:00,0.9951675,0.0008687942,0.003963806,5.468060141135132,8.031385330625534,4.990432586778736,0.037866196597394,48946.32,48967.96,48941.99,48951.99,13.884569
2021-08-26 18:56:00,0.99999607,1.5369747e-06,2.4323074e-06,7.135687347028144,8.515191188745565,5.049856007249537,0.0454109308310145,47023.01,47048.43,47017.78,47023.23,12.51821
2021-08-28 01:42:00,0.7539662,0.24576046,0.00027329315,6.104793232414985,8.538758969330798,5.272999558563747,-0.0714943343877721,49090.0,49130.22,49084.23,49127.02,31.70891
2021-08-28 02:49:00,0.99996114,2.3290078e-05,1.5640022e-05,6.51471269087253,8.774158291205957,5.5053315359323625,-0.0006952496303772,48942.3,48945.01,48901.82,48901.83,6.99101
2021-08-29 09:57:00,0.99938023,2.4455642e-07,0.0006195521,6.900730664045173,7.919356190660617,5.062595033026967,-0.0678578793852164,48542.37,48560.0,48541.81,48558.04,11.68149
2021-08-29 10:16:00,0.9994351,0.00045828064,0.00010646848,5.525452939131784,7.516433302915632,5.560681631015528,-0.0476610756250978,48458.79,48473.71,48458.79,48472.26,10.20485
2021-08-30 07:27:00,0.9999224,7.507779e-05,2.4628023e-06,5.049856007249537,7.908387159290043,4.948759890378168,0.0150552415879968,47982.02,47992.1,47957.75,47966.9,19.99185
2021-08-30 09:08:00,0.99991107,6.94781e-06,8.201489e-05,7.649692623711514,9.075207697984686,6.280395838960195,0.0153832522897276,47967.32,47993.88,47967.32,47991.12,14.22941
2021-08-31 20:21:00,0.9953816,0.00067424047,0.0039442494,6.018593214496234,7.84971375760487,4.48863636973214,-0.0088675946903264,47261.03,47261.03,47220.0,47232.1,8.64382
2021-09-01 05:26:00,0.9998697,5.8274287e-05,7.200705e-05,6.144185634125646,7.952966790923131,5.117993812416755,-0.0114787705952391,47241.41,47248.44,47211.07,47227.67,23.59265
2021-09-01 14:00:00,7.159145e-05,0.9965534,0.003374888,6.298949246855942,8.476371196895983,5.14166355650266,0.0333105834727783,47468.07,47498.17,47468.07,47498.16,24.38144
2021-09-01 14:27:00,0.9999838,2.8216743e-06,1.33047515e-05,6.376726947898627,8.448914350662942,6.955592608396297,0.0062602713286061,47574.43,47595.53,47554.44,47554.45,51.63549
2021-09-01 20:04:00,0.9999316,4.6299392e-05,2.2158112e-05,6.102558594613569,8.041412909393047,5.204006687076795,0.0042978920977208,48232.73,48257.82,48232.72,48246.4,20.84962
2021-09-01 22:35:00,0.018695388,0.981146,0.00015864783,6.270988431858299,8.0040315078527,4.709530201312334,0.0250971404702104,48432.53,48436.0,48388.12,48402.66,25.32263
2021-09-02 09:44:00,0.9280529,7.1786824e-05,0.07187527,5.068904202220232,8.095293776844649,5.247024072160486,0.0088880931681776,49753.01,49759.61,49683.67,49710.49,246.40045
2021-09-04 00:19:00,0.99999917,1.1273746e-07,6.75626e-07,5.7899601708972535,8.238008249218403,5.484796933490655,-0.0233740103149693,49926.3,49960.9,49922.4,49954.18,31.75184
2021-09-05 11:16:00,0.0057737175,5.015066e-05,0.99417615,5.424950017481403,7.91862865334224,5.799092654460526,0.0863757471217674,50163.9,50234.44,50163.89,50234.14,41.16873
2021-09-07 04:17:00,0.99941576,0.0005786464,5.569696e-06,7.860185057472165,9.818474178209172,6.104793232414985,0.0004306715973826,52670.7,52682.06,52655.92,52663.01,20.86753
2021-09-07 06:59:00,0.9996344,2.7727885e-05,0.00033785438,5.808142489980444,8.572627898304338,5.891644211825772,-0.019749549233409,52381.87,52400.0,52329.43,52334.71,89.82186
2021-09-07 07:07:00,2.4791584e-06,0.9999975,1.3757216e-08,4.934473933130692,7.674152921281675,5.017279836814924,0.013262248358412,52275.34,52327.46,52271.29,52298.01,66.40382
2021-09-07 07:43:00,0.9999907,8.488651e-06,8.800227e-07,6.371611847231857,8.506334448081361,5.204006687076795,-0.0230525317421093,52366.0,52393.16,52342.08,52342.11,29.36562
2021-09-07 14:16:00,0.99999285,4.3724165e-07,6.6365724e-06,6.456769655572163,8.745921121024347,4.90527477843843,-0.0301953473939955,50372.99,50406.36,50170.0,50314.57,443.16498
2021-09-07 18:48:00,0.99881786,0.0007322261,0.00044983142,5.7899601708972535,8.39728289474368,4.934473933130692,0.0194273619993598,47189.98,47215.78,47135.87,47159.75,75.6853
2021-09-07 20:41:00,0.99999905,3.2241053e-07,5.4331883e-07,5.723585101952381,8.501470230951002,5.820082930352362,-0.0054595159856043,46437.5,46560.35,46408.68,46489.89,61.49976
2021-09-07 23:19:00,0.99992085,5.7348952e-06,7.342353e-05,6.900730664045173,9.433963808127244,5.7899601708972535,-0.0488049557223042,46704.32,46732.97,46687.68,46715.81,12.68714
2021-09-08 02:05:00,0.84889454,0.0037747538,0.14733073,7.273786317844895,9.0617243476474,6.001414877961151,0.0108946229550415,47274.18,47277.66,47226.0,47230.02,22.48588
2021-09-08 05:55:00,0.99812466,2.573074e-06,0.0018726744,6.617402977974478,8.15162164696975,4.969813299576001,0.0281674111577675,46253.76,46261.98,45958.18,46199.99,396.33841
2021-09-08 21:45:00,0.99806195,2.1037473e-05,0.0019169623,5.583496308781699,7.47477218239787,3.9318256327243257,-0.0352737933285091,46122.39,46125.5,46099.8,46110.36,32.82883
2021-09-09 04:59:00,0.9998603,1.7149553e-06,0.00013804057,7.595889917718538,9.752257603219848,6.333279628139691,0.0131418299342703,46159.64,46177.99,46150.76,46165.24,10.00338
2021-09-09 21:30:00,0.99997365,7.189054e-07,2.5635245e-05,5.062595033026967,7.68937110752969,4.110873864173311,-0.062340780993284,46408.26,46429.43,46404.71,46425.41,12.13469
2021-09-10 06:48:00,0.00019060713,0.99960524,0.0002041103,5.54907608489522,7.775695749915245,4.836281906951478,0.0289360551509827,46433.06,46474.15,46433.06,46469.69,14.26089
2021-09-10 22:14:00,0.9999336,4.9918704e-05,1.6401378e-05,5.82600010738045,7.8156105320351905,5.049856007249537,0.0270874383692137,44516.15,44533.27,44468.01,44500.0,24.81964
2021-09-13 20:15:00,0.99999344,4.383795e-06,2.1498681e-06,6.739336627357174,9.104312967330651,6.0112671744041615,-0.0234408158176498,44872.96,44898.86,44860.98,44865.29,15.0379
2021-09-13 23:42:00,0.99998057,1.4798462e-05,4.648308e-06,5.493061443340548,8.02059914989697,4.634728988229636,0.0312497456550906,44994.08,45030.87,44990.01,45030.87,10.31182
2021-09-15 10:13:00,0.9997695,6.911882e-06,0.00022361451,6.507277712385012,8.098642843759418,4.382026634673881,0.0472170674694165,47233.23,47342.22,47233.23,47342.21,30.27212
2021-09-15 12:04:00,0.74730676,0.00018889477,0.25250438,6.111467339502679,7.759187438507795,4.3694478524670215,0.0086333606708484,47540.02,47545.54,47529.45,47543.65,20.29256
2021-09-15 22:06:00,0.9318181,0.0680999,8.201571e-05,5.723585101952381,7.973155433444133,5.0238805208462765,0.0209056169685302,48082.04,48104.0,48072.76,48104.0,14.85519
2021-09-17 02:23:00,0.0060775275,7.251452e-05,0.99384993,4.48863636973214,5.575949103146316,4.6443908991413725,0.0204531286651142,47834.77,47851.39,47833.58,47840.6,12.21877
2021-09-17 02:32:00,0.99979407,7.551268e-05,0.00013044411,6.2166061010848646,8.37216741936598,5.872117789475416,-0.0226812844367482,47813.53,47849.84,47813.53,47847.02,9.24929
2021-09-20 18:49:00,0.52710515,0.081858546,0.39103627,5.921578419643816,8.5422759717837,5.342334251964811,0.0275971378932658,43550.4,43617.0,43550.0,43550.01,24.96215
2021-09-20 20:41:00,0.0031420365,0.00037835786,0.9964796,5.817111159963204,8.74909824839902,5.8971538676367405,0.0149766815144635,43585.07,43585.08,43427.28,43451.0,124.92673
2021-09-23 21:51:00,0.00014931061,0.99985015,5.109145e-07,5.117993812416755,7.847371836159788,5.123963979403259,-0.0394755279869282,44591.67,44595.74,44591.67,44595.67,10.24191
2021-09-24 01:03:00,0.9996057,0.0003875727,6.8181575e-06,7.812782818577581,9.79333780903514,6.331501849893691,0.0442116769562846,44661.21,44690.1,44660.02,44672.15,26.04915
2021-09-24 02:02:00,0.38389748,0.46232772,0.15377484,5.680172609017068,8.14002395246292,4.330733340286331,-0.0223584583536613,44511.48,44518.76,44432.08,44469.86,33.87411
2021-09-24 02:45:00,0.99998415,4.26625e-06,1.1592658e-05,5.472270673671475,7.824445930877619,4.812184355372417,0.0265247046200441,44408.79,44414.66,44379.12,44394.37,21.10729
2021-09-24 20:00:00,0.20642734,5.7799556e-05,0.79351485,6.135564891081739,7.962415680121064,5.356586274672012,0.019094156815995,42371.43,42407.4,42344.06,42399.97,29.77488
2021-09-24 21:22:00,0.9902581,0.0049684914,0.004773362,6.61338421837956,8.618846845142738,5.961005339623274,-0.0008387986207398,42986.43,43056.39,42986.43,43033.81,25.64043
2021-09-24 21:47:00,0.9998621,6.676326e-05,7.114968e-05,6.839476438228843,9.194922119247805,6.154858094016418,0.016160914184562,43030.97,43039.19,43008.59,43031.72,11.22196
2021-09-25 09:17:00,0.9503679,5.7522375e-06,0.04962627,5.187385805840755,7.982757702011113,4.691347882229144,0.0228805756263816,42501.11,42550.6,42469.46,42548.59,25.94432
2021-09-27 03:47:00,0.9994461,0.00021230064,0.0003416402,7.353081920515432,9.469391461628812,5.891644211825772,-0.0208403743850912,44005.74,44005.74,43943.57,43943.58,18.64868
2021-09-28 07:50:00,0.9998217,1.912259e-05,0.00015926307,7.952966790923131,9.000113045928519,6.049733455231958,-0.0167362440010308,41674.09,41718.41,41674.09,41700.0,38.51801
2021-10-01 00:22:00,0.9992042,4.7883505e-06,0.00079102145,7.181591944611865,8.63817111796914,4.948759890378168,0.0132945666992612,43798.89,43798.9,43750.03,43763.94,17.52976
2021-10-01 02:18:00,0.99990547,1.1915982e-06,9.33206e-05,6.9782137426306985,8.758255243232792,5.726847747587197,0.0078989894976228,43551.55,43571.6,43525.58,43562.39,18.45715
2021-10-01 22:04:00,0.9953707,0.0038334117,0.0007958751,5.950642552587727,8.302761580704049,4.653960350157523,-0.0330143949812009,48295.66,48371.81,48263.05,48349.96,52.761
2021-10-02 06:30:00,0.03755177,0.6678505,0.29459777,6.35088571671474,8.648221453822641,5.886104031450156,-0.0528096086519932,47749.96,47759.63,47733.48,47759.63,8.43317
2021-10-03 00:15:00,0.9838563,0.0152746895,0.00086901925,5.493061443340548,7.691656822810547,4.68213122712422,-0.0016116235261443,47705.19,47769.1,47701.01,47758.19,35.5769
2021-10-03 04:44:00,0.5931773,0.12485638,0.2819663,5.641907070938114,7.661527081358517,4.700480365792417,0.0060478339362606,47844.07,47860.9,47837.29,47858.84,4.75045
2021-10-04 05:29:00,0.9999988,4.6964607e-07,6.8742077e-07,6.687108607866515,8.927977461002001,5.375278407684165,-0.0191874184239063,47788.5,47801.8,47776.06,47779.35,11.4531
2021-10-05 00:37:00,0.2881951,0.00391597,0.70788896,7.80710329012598,9.947408739594056,6.744059186311348,-0.0171123813170221,49338.69,49415.52,49335.74,49389.64,28.70932
2021-10-05 04:18:00,0.9999933,3.5600792e-06,3.0814033e-06,5.420534999272286,8.150179269682326,4.897839799950911,-0.0360954355170785,49212.54,49225.18,49210.11,49222.12,13.13217
2021-10-05 20:44:00,0.9996344,2.7727885e-05,0.00033785438,6.22455842927536,8.871785969150645,5.953243334287785,0.0141733440387205,51372.55,51399.2,51351.64,51390.05,25.03871
2021-10-06 04:28:00,0.99998474,2.0614506e-07,1.4989223e-05,8.183118079394745,10.113586390329528,6.694562058521095,-0.0538486321933473,51407.37,51446.53,51400.01,51427.42,20.56884
2021-10-06 20:40:00,0.9569767,0.00011179017,0.042911544,4.804021044733257,7.637716432664798,4.584967478670572,0.0249778361233453,55101.0,55175.58,55042.0,55172.4,50.2514
2021-10-06 20:57:00,0.99870515,2.0696974e-05,0.001274181,7.955074273262696,10.161534819858218,9.106201332235038,0.0023024820246755,55009.83,55009.83,54910.0,54916.89,93.38074
2021-10-06 21:16:00,0.9999511,4.0749936e-05,8.086732e-06,6.444131256700441,8.930626469173578,5.214935757608986,0.0194601440127233,55026.37,55070.58,55024.17,55036.83,27.04444
2021-10-06 22:01:00,2.8990978e-06,0.99999714,2.1642265e-08,5.424950017481403,7.891704659330107,4.406719247264253,-0.0174106011645206,55169.98,55250.0,55159.1,55247.78,36.42344
2021-10-06 22:14:00,0.998444,7.5066264e-06,0.0015484826,6.175867270105761,8.414938957377482,5.170483995038151,-0.0402250201420294,55092.01,55092.01,55040.62,55062.99,27.92335
2021-10-07 00:22:00,0.9986815,4.427828e-05,0.0012742468,6.583409222158765,8.997889450200717,5.645446897643238,-0.070887529830166,55034.82,55055.92,54971.96,54972.88,19.93007
2021-10-07 04:48:00,0.9993544,0.0006092552,3.633435e-05,5.393627546352362,7.927685045615778,5.332718793265369,0.0533179172454799,55115.43,55117.78,55092.57,55104.01,14.98835
2021-10-07 09:04:00,0.999992,1.5672846e-07,7.81992e-06,6.470799503782602,9.046290859969677,5.863631175598097,-0.0123369146175056,54378.41,54378.41,54300.0,54300.01,51.58177
2021-10-07 20:49:00,3.1871224e-07,0.9999995,1.13723935e-07,5.680172609017068,8.21716859576607,5.010635294096256,0.0114170818350146,54159.55,54175.82,54159.54,54159.54,7.86618
2021-10-08 08:16:00,9.450816e-05,0.999905,4.5563988e-07,5.730099782973574,8.030084094267563,5.081404364984463,0.0266943043755366,55228.55,55324.55,55205.95,55271.61,172.94135
2021-10-08 15:03:00,0.99746585,6.585946e-05,0.0024683098,5.627621113690637,7.950502434808851,5.14166355650266,-0.020147677244824,54521.02,54558.07,54518.46,54552.8,17.33185
2021-10-09 16:51:00,0.99998474,3.832868e-06,1.1474051e-05,6.917705609835305,8.631771096123673,5.337538079701318,-0.0886199682058753,54736.44,54741.59,54674.07,54692.9,73.65885
2021-10-10 08:14:00,0.998111,0.0017846179,0.00010430288,6.455198563340122,8.294049640102028,4.836281906951478,0.0072446635880461,55695.68,55721.85,55653.37,55655.79,52.12809
2021-10-11 04:37:00,0.99998796,3.9850784e-06,8.078274e-06,5.529429087511423,8.147867129923947,5.056245805348308,-0.0229156057531981,56628.97,56658.95,56607.41,56610.01,18.94147
2021-10-11 09:16:00,0.999998,1.6749885e-07,1.8744399e-06,6.393590753950631,8.026170194946426,4.727387818712341,-0.0285736714147367,56637.22,56655.75,56614.53,56614.53,11.64292
2021-10-11 21:40:00,0.99997187,1.7217479e-06,2.6507001e-05,6.107022887742255,8.736971085254146,5.5093883366279774,-0.016545474509311,57187.6,57192.6,57187.0,57187.0,13.86825
2021-10-12 01:01:00,0.9986135,6.0089587e-05,0.0013263884,7.965198290612176,9.641733102094262,7.502738210754851,-0.0131205585448374,56972.72,56998.88,56964.61,56994.56,16.42048
2021-10-12 01:23:00,0.9989549,0.0008447625,0.00020034972,6.824373670043086,8.795127912413138,6.3080984415095305,-0.0162053282620947,57021.61,57035.09,56965.06,56972.6,23.78673
2021-10-12 02:01:00,0.99999976,7.73563e-08,8.0043876e-08,5.891644211825772,8.167919362957816,5.468060141135132,-0.029715068947308,57080.0,57103.35,57079.99,57089.71,6.63761
2021-10-12 02:31:00,0.98737854,0.0013139672,0.011307565,5.857933154483459,7.951911381854188,5.5053315359323625,-0.0206179790776806,56949.61,57006.88,56949.6,56980.41,7.7471
2021-10-12 04:18:00,0.9998876,4.2139993e-05,7.0177586e-05,8.363342466597977,9.408699306467762,6.5998704992128365,0.0381896319799958,56926.34,56980.0,56892.42,56901.01,79.03239
2021-10-12 05:26:00,0.9992429,9.5268695e-07,0.0007561175,6.2766434893416445,8.91784674252718,6.551080335043404,-0.0088212366150633,56805.4,56805.4,56779.27,56779.28,14.00999
2021-10-13 04:01:00,1.0666148e-05,5.3353965e-06,0.999984,7.914617709040679,8.923324744067562,6.093569770045136,0.0173916300537409,56251.9,56271.07,56251.89,56256.63,5.10842
2021-10-13 20:53:00,2.0897964e-05,0.99997807,1.0288368e-06,5.659482215759621,8.034306936339489,5.214935757608986,-0.0218053355750119,56998.23,57005.62,56905.77,56943.73,21.83386
2021-10-14 01:43:00,0.0002747581,0.9996213,0.00010387796,5.777652323222656,7.8351837552667485,4.68213122712422,0.0217248584561879,58363.8,58392.77,58260.64,58347.01,82.594455
2021-10-14 09:02:00,0.99497175,0.0033725118,0.001655633,6.944087208229528,8.966738978759576,5.402677381872279,0.063718311468221,57403.58,57424.37,57375.18,57424.37,54.90929
2021-10-14 10:05:00,3.808745e-06,6.1264695e-06,0.9999901,5.68697535633982,8.408939605975984,4.927253685157205,0.0294631200028275,57250.0,57308.81,57241.92,57304.32,30.93118
2021-10-15 03:59:00,0.99995637,9.241546e-06,3.4319844e-05,5.262690188904886,7.970740390007095,4.787491742782046,0.0416357530445912,59436.53,59440.0,59376.99,59431.71,43.99284
2021-10-15 10:30:00,0.9986998,0.00019654473,0.0011036306,6.175867270105761,8.163371316459912,4.7535901911063645,-0.0232360088940245,59015.68,59082.09,59008.89,59069.4,54.64236
2021-10-15 10:57:00,0.84107006,0.15686755,0.0020624648,6.762729506931879,8.974744612722734,5.455321115357702,0.0260644207851483,59245.93,59261.1,59224.26,59250.0,18.57462
2021-10-15 11:07:00,0.99999726,1.936555e-06,8.186989e-07,6.208590026096629,8.981052985901483,5.187385805840755,0.0560025392716938,59262.81,59262.82,59250.31,59251.01,10.80271
2021-10-15 22:19:00,0.95767844,0.036606666,0.005714977,6.077642243349034,8.17131687471973,5.389071729816501,0.0057900801304122,61291.04,61317.04,61205.83,61292.88,64.31907
2021-10-16 00:07:00,0.9999523,1.1686155e-06,4.654793e-05,6.066108090103747,8.348774539791274,4.7535901911063645,0.0180993730872395,61471.13,61510.22,61444.96,61454.09,24.33367
2021-10-16 00:21:00,0.99999964,2.9401765e-08,3.8641718e-07,7.618251097876695,10.003649579435107,6.393590753950631,0.0107435054268765,61399.0,61493.15,61370.87,61487.79,33.12491
2021-10-16 00:56:00,0.9999316,7.02934e-07,6.769263e-05,4.663439094112067,7.808729306744399,4.3694478524670215,-0.0177988462552395,61434.51,61434.51,61343.86,61348.19,20.34168
2021-10-16 01:59:00,0.9999999,1.3947958e-08,1.6345999e-07,5.3706380281276624,7.736743682453495,4.532599493153256,0.0362737024809582,61368.24,61393.08,61368.24,61393.07,22.79589
2021-10-16 03:58:00,0.94443864,0.00028131908,0.055279944,4.276666119016055,8.127699852817772,4.394449154672439,0.0395894423295621,61593.71,61593.71,61557.28,61564.59,7.33207
2021-10-16 04:36:00,0.012460454,0.9875365,3.0691263e-06,5.676753802268282,8.133880887949207,4.356708826689592,0.0470874629769275,61725.01,61750.2,61720.0,61724.49,14.37695
2021-10-16 05:26:00,0.992949,0.0060169967,0.0010339495,6.418364935936212,8.703008637464448,5.575949103146316,0.020320446889859,62095.69,62146.0,62079.44,62106.1,26.97019
2021-10-16 22:11:00,0.99999416,4.259975e-06,1.5845555e-06,5.517452896464707,7.765569081097317,4.718498871295094,0.0585322947789944,60782.54,60782.55,60735.42,60742.9,6.76188
2021-10-17 07:31:00,0.99999094,5.2082855e-06,3.8129713e-06,6.556778356158042,8.74957394808293,5.556828061699537,-0.0336090339864923,60725.77,60730.44,60700.0,60713.07,19.5055
2021-10-18 03:30:00,0.99989045,1.2617661e-06,0.00010818839,7.026426808699636,9.059401196410896,5.828945617610208,0.0631767551827765,62138.99,62163.0,62137.69,62161.96,17.44679
2021-10-18 08:41:00,0.9999683,3.407154e-06,2.8276661e-05,5.117993812416755,7.659642954564682,4.248495242049359,-0.0628137116750634,61785.39,61846.87,61762.12,61769.12,22.27275
2021-10-18 09:16:00,0.098993085,0.90091455,9.237939e-05,5.87493073085203,8.53070154144103,5.384495062789089,-0.0556554294156752,62107.6,62140.6,62033.82,62134.65,54.25046
2021-10-18 20:35:00,0.9999995,2.580966e-07,2.7693525e-07,6.124683390894205,8.486115235845377,5.1298987149230735,-0.0223823451246325,61351.54,61386.68,61326.53,61337.0,12.17179
2021-10-18 21:40:00,0.99993443,1.2513044e-05,5.3020434e-05,5.262690188904886,7.808729306744399,4.812184355372417,-0.0231152757514352,61849.98,61862.52,61823.43,61860.82,19.45712
2021-10-18 22:42:00,0.052467823,0.9475141,1.8067727e-05,7.347943823148687,9.203819154985917,5.648974238161206,-0.0273339771880398,61630.73,61678.11,61630.72,61670.39,7.08652
2021-10-19 02:47:00,0.99999905,1.5656994e-08,9.529333e-07,6.3835066348840055,8.96264794774056,6.0867747269123065,-0.0228608150557289,61742.92,61759.2,61738.66,61747.01,6.55098
2021-10-19 20:25:00,0.99999964,5.1903065e-08,3.8850715e-07,6.405228458030842,8.720950028930258,5.41164605185504,0.010716772120402,64152.73,64176.22,64150.0,64170.09,23.94762
2021-10-19 21:10:00,0.99979395,0.00020081233,5.192759e-06,6.442540166468199,8.681011276645632,4.897839799950911,0.0057300984757321,64089.09,64114.0,64070.14,64071.78,17.59291
2021-10-19 22:06:00,7.214542e-08,0.9999999,2.3429111e-08,5.572154032177765,7.776115477098742,4.477336814478207,0.0148686920861257,64134.05,64182.84,64134.05,64159.56,18.91854
2021-10-19 22:40:00,0.99922323,4.688386e-05,0.00072988664,6.580639137284949,8.60135049942296,5.278114659230517,-0.0206083161055334,63980.01,63995.4,63827.99,63898.89,70.8491
2021-10-20 02:50:00,0.99962795,0.0003713597,6.867812e-07,6.0112671744041615,8.181720455128108,4.68213122712422,-0.0339854682110203,63798.29,63824.81,63780.0,63817.08,32.50308
2021-10-20 04:24:00,0.9999989,2.024729e-07,8.054865e-07,6.023447592961033,8.660254034256889,4.74493212836325,0.0385844200405098,63945.48,63949.57,63920.89,63929.92,10.6875
2021-10-20 04:27:00,0.9999989,3.0349656e-07,7.416923e-07,5.924255797414532,8.51398806046729,4.7535901911063645,0.02330987053041,63949.82,63960.0,63910.21,63914.83,34.51625
2021-10-20 05:35:00,0.99996126,3.1789077e-05,6.9251246e-06,5.278114659230517,7.694392802629421,4.23410650459726,0.0222833878735852,63846.39,63846.39,63805.8,63807.79,13.78081
2021-10-20 07:54:00,0.9706999,5.970412e-06,0.029294042,5.910796644040527,7.951207156472972,4.77912349311153,-0.0489164794305706,63920.3,63965.6,63920.3,63943.06,8.47879
2021-10-20 08:00:00,0.999964,3.7339114e-06,3.2253305e-05,6.478509642208569,8.814181823188319,5.676753802268282,0.0013377208073246,63999.98,64000.0,63955.4,63974.54,50.75123
2021-10-20 08:14:00,0.9994398,9.120223e-06,0.0005509914,4.3694478524670215,7.543273346705446,4.553876891600541,-0.0203047084909896,64037.4,64054.15,64033.61,64040.86,7.12816
2021-10-20 09:03:00,0.9999924,1.1954913e-06,6.455755e-06,5.442417710521793,7.683863980256429,4.882801922586371,-0.0405843261829622,64075.88,64075.89,64032.82,64032.82,8.78116
2021-10-20 21:44:00,0.004586445,0.99534434,6.917177e-05,7.338238150065589,9.592468614719907,5.652489180268651,0.0087782812503074,65785.32,65792.1,65650.95,65735.61,30.35041
2021-10-20 21:46:00,0.4794096,0.51983374,0.0007566548,5.659482215759621,7.785720896534624,3.367295829986474,0.1122431875855982,65792.87,65809.74,65778.38,65800.99,11.82379
2021-10-20 21:49:00,5.7816474e-06,0.999992,2.132488e-06,5.849324779946859,8.318010277546872,4.30406509320417,0.012817055324617,65689.1,65699.56,65678.91,65684.79,18.72491
2021-10-20 22:11:00,0.9981425,4.790288e-06,0.0018527826,6.572282542694008,9.044403844431551,5.780743515792329,-0.0029089991694662,65785.96,65900.0,65785.96,65863.76,42.48353
2021-10-20 22:39:00,0.99999976,1.950855e-08,2.1186885e-07,5.303304908059076,8.234299635696253,4.990432586778736,0.0270775869990646,65997.66,66000.0,65985.54,65985.54,5.80088
2021-10-20 22:42:00,0.9999989,3.6540726e-07,7.31681e-07,5.988961416889864,8.51699317141357,4.976733742420574,0.019716898324088,65990.6,66007.0,65980.61,65999.99,6.56677
2021-10-20 22:57:00,0.99729866,5.027503e-05,0.0026511152,6.577861357721047,9.127610724377186,8.165363632473982,-0.0201403454521883,65933.97,65967.37,65933.97,65939.99,4.76072
2021-10-21 03:07:00,0.9999889,1.5916064e-06,9.535405e-06,7.329749689041512,9.34084218004034,5.908082938168931,0.020256420340034,64842.01,64842.01,64742.43,64742.43,18.18487
2021-10-21 05:11:00,8.422259e-08,0.9999999,2.0481124e-08,6.267200548541362,8.255308811785596,4.867534450455582,0.0116419612714272,64995.27,65049.99,64970.01,65030.66,19.8036
2021-10-21 23:02:00,0.99999523,3.099232e-07,4.402144e-06,6.760414691083428,9.042868018032436,5.537334267018537,0.0216182587914336,62513.56,62513.57,62433.64,62448.32,34.89222
2021-10-22 01:39:00,9.992419e-05,0.99989974,3.1131603e-07,5.602118820879701,8.072779333169498,4.74493212836325,0.065408831355408,62940.0,62940.01,62900.29,62922.12,14.78699
2021-10-22 05:05:00,0.033298973,0.00011366525,0.9665874,5.713732805509369,7.876638460975463,4.672828834461906,-0.0074156840445117,63027.25,63052.86,63006.85,63013.06,15.10233
2021-10-22 21:43:00,0.9999652,4.6157135e-07,3.4330656e-05,5.3471075307174685,8.114324709155339,5.53338948872752,-0.0142105417862539,60649.1,60692.65,60643.01,60692.0,19.16089
2021-10-22 21:52:00,0.00035689306,0.9995602,8.29232e-05,6.202535517187923,7.767263996757308,5.537334267018537,-0.0200385063914159,60338.0,60377.11,60336.08,60377.11,14.82038
2021-10-23 02:40:00,0.9999045,3.0901858e-05,6.461301e-05,6.447305862541213,8.31996102188653,5.093750200806762,0.0205996283672012,61037.91,61041.04,61027.31,61038.0,8.97194
2021-10-24 05:48:00,7.2948533e-06,0.9999924,4.0219842e-07,4.77912349311153,7.655390644826152,3.871201010907891,0.0505578937272223,60961.9,60961.9,60946.59,60946.59,5.62996
2021-10-25 01:51:00,0.010062525,0.98753124,0.002406301,6.536691597591305,8.493924564476883,6.48768401848461,0.024625853349669,61763.35,61765.39,61707.0,61718.53,21.00621
2021-10-25 02:01:00,0.99993515,5.1013758e-05,1.3795661e-05,8.560635749259074,10.369734132904153,8.449770515098804,0.0255886670769727,61782.59,61784.1,61777.86,61780.42,7.30154
2021-10-25 21:39:00,0.99998915,1.5574024e-06,9.272969e-06,7.166265974133638,9.303739636234733,5.5093883366279774,0.0199211213647878,62911.37,62911.38,62877.24,62894.32,9.8346
2021-10-26 22:07:00,0.99996746,4.1400932e-07,3.2161883e-05,5.476463551931511,7.719129840906732,4.787491742782046,-0.0238415369896172,60379.74,60502.97,60234.29,60387.6,151.16452
2021-10-26 23:25:00,0.9998554,1.2778828e-05,0.00013187382,4.189654742026425,8.807172622916703,5.8888779583328805,0.0887183910182097,60398.29,60433.9,60387.12,60396.62,36.18832
2021-10-27 00:24:00,1.4937175e-06,0.9999982,1.8926103e-07,7.288927694521257,9.30846476996938,6.059123195581797,-0.0351221113683685,60684.4,60729.3,60670.04,60729.29,13.68959
2021-10-27 01:14:00,0.99999654,1.6016604e-06,1.8709296e-06,6.194405391104672,8.259458195332408,5.720311776607412,0.0505078349582736,60748.86,60769.01,60731.49,60743.55,15.72242
2021-10-27 03:36:00,0.999853,2.4052028e-07,0.0001466772,5.707110264748875,8.206583614320753,5.808142489980444,-2.894497183167787e-05,60692.33,60720.23,60676.48,60720.23,20.28825
2021-10-28 04:41:00,0.9999417,2.8489854e-05,2.980411e-05,7.392647520721623,9.73825907316835,7.327123292259293,0.0159284428183736,58859.74,58859.75,58830.22,58835.13,8.61624
2021-10-28 07:14:00,0.99989164,1.0049079e-05,9.833303e-05,6.142037405587356,8.530109416682784,6.12029741895095,-0.0025038759924854,58962.01,58962.01,58899.0,58921.36,34.67669
2021-10-28 20:18:00,0.9999844,7.5614294e-06,8.057933e-06,6.428105272684596,8.60135049942296,6.226536669287466,-0.0247107168956658,61745.53,61772.42,61614.0,61673.5,73.73188
2021-10-29 16:10:00,0.9999976,1.1419267e-07,2.2828801e-06,6.003887067106539,8.141189793457691,4.912654885736052,0.0088687112805699,62804.85,62874.95,62804.85,62839.85,44.81917
2021-10-30 23:00:00,0.9999685,3.6955826e-06,2.780872e-05,5.662960480135946,8.21716859576607,5.43372200355424,-0.0156819439157192,61540.32,61541.24,61488.35,61535.62,22.43974
2021-10-31 02:25:00,9.546558e-07,0.9999987,3.0039462e-07,6.345636360828596,8.35983738064003,5.3471075307174685,-0.0210471833991088,62133.26,62134.95,62111.95,62117.01,16.04188
2021-10-31 21:09:00,0.9991007,0.0008897904,9.489025e-06,6.192362489474872,7.996653875462607,5.288267030694535,0.0216636401808928,60890.0,60901.38,60890.0,60901.28,5.82142
2021-11-01 11:08:00,1.0838136e-06,0.9999988,1.0948457e-07,5.153291594497779,7.737616282857904,4.859812404361672,0.0966009127653541,62414.01,62426.51,62292.7,62325.11,46.31605
2021-11-02 03:38:00,0.9999975,1.01184e-06,1.5076874e-06,7.007600613951853,9.184919994629272,5.501258210544727,-0.0025795100859514,61026.34,61035.0,61001.58,61016.19,8.50382
2021-11-02 20:12:00,0.99999833,7.562166e-07,9.387208e-07,7.7226775164680035,9.869206618559254,6.406879986069314,-0.0185512632637182,63350.48,63383.0,63344.15,63374.81,12.03941
2021-11-02 21:10:00,0.99995637,1.150746e-06,4.246824e-05,5.814130531825066,8.348774539791274,5.262690188904886,-0.0296744709049898,63020.96,63040.62,63000.0,63018.06,33.69757
2021-11-02 21:18:00,0.99999964,6.4777254e-08,2.395174e-07,6.608000625296087,8.445482343862237,5.66988092298052,-0.0110201486116499,63128.3,63128.3,63026.97,63058.64,16.99518
2021-11-03 00:08:00,0.99999845,9.3989044e-08,1.4335752e-06,5.707110264748875,7.782807262839695,4.477336814478207,0.033705193965581,63163.37,63163.37,63119.53,63150.96,19.99653
2021-11-03 03:53:00,0.99813676,0.00020800058,0.0016552433,6.83087423464618,8.197814032221203,6.556778356158042,-0.0385810886297902,63220.57,63240.0,63180.57,63234.2,38.27577
2021-11-03 09:03:00,0.99477553,0.00027442595,0.004950009,7.148345743900068,9.31721973360328,6.928537818164665,0.007068834936188,62941.96,62955.73,62909.76,62936.43,16.86225
2021-11-03 21:05:00,0.9999697,3.5088294e-06,2.6860022e-05,5.3706380281276624,7.913886714856082,4.897839799950911,0.0252047791519697,62812.32,62817.1,62760.02,62790.87,36.55353
2021-11-05 01:36:00,0.99998367,3.127517e-06,1.3185584e-05,5.942799375126701,8.17188200612782,4.74493212836325,0.0594849790458381,61071.42,61100.0,61053.15,61053.15,6.21515
2021-11-05 01:51:00,0.9999069,1.34617685e-05,7.960723e-05,5.2574953720277815,8.25608813381491,5.991464547107982,0.01826564151648,61449.38,61487.12,61407.3,61425.73,9.79397
2021-11-08 10:41:00,5.1920633e-06,0.99999464,1.4556446e-07,5.631211781821365,7.848153086199526,4.532599493153256,-0.0264899067721586,65928.45,65980.1,65928.44,65979.99,7.59106
2021-11-08 11:21:00,0.992454,0.0069191647,0.0006269063,5.44673737166631,7.991592282068092,4.5217885770490405,-0.0337484181148362,65850.0,65866.41,65849.0,65849.01,17.85862
2021-11-08 20:04:00,0.98817736,0.011452141,0.0003705271,5.081404364984463,8.139148678884066,4.820281565605037,-0.0229169703952871,65613.64,65947.45,65568.29,65681.27,115.36776
2021-11-08 23:15:00,0.99997437,9.306081e-06,1.6352553e-05,6.71295620067707,8.543055850941965,5.697093486505405,0.0161973903801997,67269.94,67653.7,67223.02,67629.63,416.670057
2021-11-09 07:22:00,0.31305686,0.6216754,0.06526781,6.880384082186005,9.510222717509285,5.752572638825633,0.0284867629553993,68047.74,68058.95,68032.0,68055.64,9.47222
2021-11-09 08:19:00,0.99998856,2.1248638e-06,9.344373e-06,5.755742213586912,8.087025470667701,5.081404364984463,0.0054796303989061,67836.67,67862.46,67828.66,67828.66,11.8585
2021-11-09 08:44:00,0.99999344,1.213038e-07,6.4734e-06,6.734591659972948,9.244161920451694,5.700443573390687,-0.0654095613140511,67918.02,67941.51,67912.0,67936.73,9.54148
2021-11-09 08:56:00,0.9818303,0.00019040663,0.017979281,5.123963979403259,7.917171988845776,4.787491742782046,0.0218048006157918,68024.0,68086.26,68023.99,68071.92,18.07019
2021-11-09 09:06:00,0.9995258,6.107534e-06,0.00046809335,4.382026634673881,8.112227958349724,5.10594547390058,0.0126141033313769,68058.41,68058.41,68022.06,68036.0,11.13769
2021-11-09 10:24:00,0.9999703,5.1925954e-06,2.4413022e-05,5.384495062789089,7.946263643580541,4.700480365792417,-0.0459380094773764,68149.18,68161.46,68121.08,68160.01,13.58521
2021-11-09 11:51:00,0.9992662,0.00019623485,0.00053756894,6.755768921984255,9.286653054825347,5.673323267171493,-0.0198308611028262,67432.57,67500.0,67432.14,67500.0,72.7267
2021-11-09 23:18:00,0.999997,1.0565013e-06,1.9064308e-06,6.698268054115413,7.851271997109883,4.941642422609304,-0.0294975752556632,67241.81,67306.38,67241.77,67293.81,16.87851
2021-11-09 23:27:00,0.9997298,1.563952e-05,0.00025453774,7.539027055823995,9.19187085569252,5.8944028342648505,0.0147524564008307,67276.39,67281.55,67255.01,67275.96,9.88878
2021-11-10 22:01:00,0.7886228,0.00045886627,0.2109184,5.723585101952381,8.147867129923947,4.499809670330265,0.020037310260807,64026.8,64275.31,63852.69,64238.4,158.95914
2021-11-10 22:16:00,0.99444145,0.0020076344,0.003550964,7.050122520269059,9.138951775888527,5.598421958998375,-0.0183888145052152,64703.26,64810.01,64642.55,64682.04,42.1241
2021-11-11 03:29:00,0.9929893,0.0069804247,3.0288445e-05,6.180016653652572,7.853216388156072,4.477336814478207,0.0238184104101572,64690.63,64690.63,64640.41,64658.0,33.84331
2021-11-11 06:46:00,0.010731641,0.00070652785,0.98856175,6.077642243349034,9.083075020930307,6.018593214496234,-0.027968337381586,64794.09,64796.46,64782.98,64794.55,9.85277
2021-11-11 21:18:00,0.17375684,0.82550746,0.0007356534,5.537334267018537,7.722234744709607,4.770684624465665,-0.0027036595194122,64883.67,64893.33,64868.88,64893.31,6.80114
2021-11-11 23:47:00,1.5288344e-05,0.9999838,9.659351e-07,8.321907968230423,10.162577230623809,6.811244378601294,-0.0238614801992959,64934.69,64935.7,64865.23,64865.27,14.21905
2021-11-11 23:51:00,0.9999968,2.549314e-07,2.9431503e-06,5.641907070938114,8.382518288089635,4.969813299576001,-0.0119488657733608,64819.77,64838.24,64777.2,64786.46,22.96854
2021-11-12 00:13:00,0.9999999,3.899748e-08,1.594204e-07,5.613128106388071,8.279189777195004,5.556828061699537,0.0029763583443564,64813.08,64813.08,64707.3,64715.16,41.12163
2021-11-12 22:09:00,0.99225193,0.007567806,0.00018027311,5.652489180268651,8.110427237575024,5.062595033026967,-0.0349593501946356,64185.0,64195.98,64180.64,64184.79,7.21596
2021-11-13 00:46:00,0.8930731,7.5077514e-05,0.10685179,5.723585101952381,8.148156439921625,6.12029741895095,-0.0437204921739993,64369.55,64375.29,64353.18,64355.31,3.78262
2021-11-13 09:12:00,0.9995146,3.9720853e-06,0.00048147753,5.247024072160486,7.886081401775745,5.262690188904886,-0.0222595030791016,63791.72,63795.97,63748.31,63769.94,14.565
2021-11-13 10:14:00,0.009726849,0.97935516,0.010917923,5.765191102784844,7.957527402230773,5.159055299214529,-0.0241066787804485,63513.65,63539.7,63513.64,63535.27,11.44763
2021-11-14 12:59:00,0.0010020529,0.99898773,1.0249661e-05,6.803505257608338,9.001592700945706,5.37989735354046,0.0177649966140748,64588.51,64609.45,64588.5,64600.52,5.70314
2021-11-14 14:51:00,2.0042318e-05,0.9999795,4.827654e-07,4.736198448394496,7.591357046698551,3.688879454113936,0.0848569511563914,64349.69,64349.7,64283.53,64297.42,10.29343
2021-11-15 06:07:00,0.99868864,0.0011717856,0.00013949092,5.645446897643238,7.579678823090456,5.834810737062605,0.0635463078642171,65665.0,65735.65,65644.56,65694.14,39.12673
2021-11-15 07:02:00,0.999984,1.6755828e-06,1.427664e-05,5.176149732573829,7.57455848420248,5.214935757608986,-0.0074579511655205,65698.07,65698.07,65655.5,65657.29,24.1383
2021-11-15 08:22:00,0.45104185,0.0007112926,0.54824686,5.4510384535657,8.126813720726114,5.298317366548036,-0.0363720443195234,65292.07,65292.08,65264.41,65268.92,17.56618
2021-11-15 13:29:00,0.9999938,5.030617e-06,1.178693e-06,5.568344503761097,7.659642954564682,4.897839799950911,-0.0215110867509634,65548.79,65568.56,65512.01,65518.5,37.08175
2021-11-15 21:25:00,0.9999919,1.5387457e-06,6.548328e-06,5.424950017481403,7.936302693201959,4.5217885770490405,-0.0101151119155381,63913.83,63933.36,63900.0,63914.71,11.29376
2021-11-16 00:50:00,0.99998176,2.5781612e-06,1.5578522e-05,5.87493073085203,8.195609567288775,5.525452939131784,-0.0454422630947135,62805.34,62836.23,62784.03,62802.7,42.65884
2021-11-16 09:54:00,0.99998236,2.454147e-07,1.739841e-05,4.8283137373023015,7.753194269884341,5.117993812416755,-0.0372910290519966,60498.93,60650.0,60460.56,60553.25,150.29926
2021-11-16 23:40:00,0.9999684,4.1476633e-06,2.7454738e-05,5.25227342804663,7.952615111651,5.099866427824199,-0.074973850580861,60221.14,60275.25,60188.58,60256.25,35.03933
2021-11-17 09:34:00,0.07033399,0.0020005866,0.9276655,5.680172609017068,8.465689348549121,5.14166355650266,-0.0277371674484095,59148.14,59191.38,59141.36,59183.91,15.08686
2021-11-18 10:22:00,1.014825e-06,0.99999833,6.5472807e-07,5.966146739123692,8.482187582217422,5.521460917862246,0.022059260637537,59072.9,59163.98,59072.89,59162.99,20.12789
2021-11-19 21:35:00,0.9999976,1.7301145e-06,6.305997e-07,4.804021044733257,6.447305862541213,3.295836866004329,-0.1306943256098934,57870.0,57882.93,57818.47,57826.0,23.90232
2021-11-19 21:48:00,0.99999964,2.785036e-08,3.6715022e-07,7.392647520721623,9.028458718410612,5.680172609017068,0.0630658676654559,57883.84,57910.09,57865.14,57905.13,12.17597
2021-11-20 14:20:00,0.99919754,0.00042051758,0.00038202264,8.483636407887394,10.520185560932669,8.342363500380579,0.0670255764993436,58611.74,58614.12,58579.83,58586.8,12.6128
2021-11-21 00:23:00,0.99827814,0.0014214944,0.00030031154,5.68697535633982,7.933438387627489,4.736198448394496,0.0456587504975694,59559.97,59611.03,59559.97,59596.86,10.35532
2021-11-21 15:19:00,0.9999219,3.465353e-05,4.341323e-05,6.9782137426306985,9.019058793810718,5.41164605185504,-0.0188710007531805,58941.96,58999.98,58935.46,58999.98,17.97121
2021-11-21 15:35:00,0.9999949,2.5034726e-07,4.891211e-06,6.148468295917647,8.485083137498004,5.91350300563827,-0.0415061795794802,59074.54,59074.54,59023.62,59056.84,17.05187
2021-11-22 09:02:00,0.9935521,1.3785277e-06,0.0064465296,6.776506992372183,8.644882552557126,5.2574953720277815,-0.015702563635595,57374.79,57415.91,57374.78,57410.0,14.06092
2021-11-23 02:16:00,0.9992835,2.671836e-05,0.00068988407,4.68213122712422,8.247482004285693,4.653960350157523,-0.0011857679036468,56714.95,56821.44,56714.94,56800.02,110.7573
2021-11-23 08:17:00,0.99996614,2.4120322e-06,3.142898e-05,5.342334251964811,8.107720061910534,5.2574953720277815,-0.022264348091784,55900.58,55934.65,55850.0,55924.71,31.30186
2021-11-23 08:31:00,0.99949133,0.0005064151,2.2719403e-06,5.802118375377063,7.215239978730097,4.867534450455582,-0.0181058853062133,55880.51,55889.99,55790.03,55872.65,28.87424
2021-11-23 09:14:00,0.018650347,1.0559295e-05,0.98133904,6.481577129276431,8.32263709695394,5.288267030694535,0.0038676393229076,56356.66,56360.73,56260.02,56323.07,29.42078
2021-11-23 12:56:00,0.99866855,1.6353101e-06,0.0013297877,5.950642552587727,8.494333897270154,5.087596335232384,-0.0117478870491468,56242.38,56299.34,56231.5,56295.53,19.1521
2021-11-24 20:57:00,0.18870343,0.8101586,0.0011380286,3.1780538303479458,4.356708826689592,2.833213344056216,0.0,57303.87,57349.65,57278.13,57317.08,30.60429
2021-11-24 21:52:00,0.99970263,6.214289e-05,0.00023527506,5.8664680569332965,7.641084249174914,4.564348191467836,-0.0518014467285383,57308.43,57367.87,57302.19,57367.87,11.40648
2021-11-25 21:28:00,0.9999976,3.592617e-07,1.9800534e-06,6.608000625296087,8.916774356365426,5.799092654460526,-0.0618092369812958,58948.79,58975.51,58932.95,58972.42,10.67912
2021-11-25 22:15:00,0.99997365,1.6918391e-06,2.4668861e-05,6.210600077024653,8.57376254290413,6.0112671744041615,0.0484035348572948,58606.2,58606.21,58561.0,58567.93,33.2443
2021-11-26 22:56:00,0.99947196,0.00052503153,2.9686494e-06,6.304448802421981,8.575084669832014,5.0369526024136295,-0.0084374397935937,54020.81,54056.33,54020.81,54025.71,13.93706
2021-11-27 03:09:00,0.99995255,5.030568e-06,4.2383028e-05,7.232733136177615,9.678655075789957,6.063785208687608,0.0155592757216798,54344.2,54357.93,54315.65,54315.65,13.45521
2021-11-27 08:20:00,0.99992204,4.0142604e-05,3.7817343e-05,6.173786103901937,7.768956044538332,4.691347882229144,-0.0186410947209279,54817.36,54849.79,54749.69,54795.35,62.32916
2021-11-28 23:12:00,0.00013688547,0.9998629,2.2803782e-07,5.902633333401366,8.075893630298857,4.852030263919617,-0.0205121925555573,57115.25,57119.6,56996.82,56996.82,51.62842
2021-11-29 00:40:00,0.6746611,0.0019126601,0.32342625,6.023447592961033,8.036573409707312,4.8283137373023015,0.0185055836123598,57728.97,57777.09,57679.97,57700.0,25.6487
2021-11-29 09:12:00,0.99967766,3.9972915e-06,0.0003183046,5.19295685089021,8.21932609390609,5.41164605185504,0.0235271534453241,57349.91,57374.68,57332.54,57360.01,10.74816
2021-11-29 21:11:00,8.585194e-07,0.99999917,4.6483365e-08,6.963189985870238,9.383032379794294,6.091309882077698,-0.0318008479256773,58171.24,58189.2,58162.53,58183.64,18.28752
2021-12-02 04:16:00,0.99998975,3.3413667e-08,1.0277108e-05,4.262679877041316,7.419979923661835,4.59511985013459,0.0201516414344472,56470.01,56470.01,56400.0,56406.16,27.36227
2021-12-02 21:51:00,0.9999665,4.169758e-06,2.9362895e-05,5.313205979041787,7.83002808253384,5.288267030694535,-0.0534676821027573,56867.79,56885.58,56853.9,56872.23,25.67146
2021-12-03 03:53:00,0.999895,5.824617e-06,9.913343e-05,5.231108616854587,7.555905093611346,5.3471075307174685,-0.045727331852773,56371.81,56377.92,56356.74,56374.82,14.9343
2021-12-04 20:31:00,0.0009837281,7.9223435e-05,0.9989371,7.739794458408701,9.773948181181144,7.785305182539862,-0.0110448224420792,49404.49,49444.06,49386.73,49389.91,27.36009
2021-12-04 21:48:00,0.99936527,5.4805905e-06,0.00062930066,6.248042874508429,8.509161019718974,5.351858133476067,0.0189126725940287,48668.71,48735.7,48600.0,48600.01,56.36638
2021-12-05 03:39:00,0.98276895,3.0181402e-05,0.01720087,5.568344503761097,8.212839584676484,5.062595033026967,0.0311879680085912,49301.51,49375.0,49271.26,49271.27,25.69255
2021-12-07 20:36:00,0.9997967,9.82988e-06,0.00019350387,4.948759890378168,6.54534966033442,5.468060141135132,0.0058065221404089,50296.24,50344.58,50207.17,50334.72,95.92436
2021-12-07 21:44:00,0.081422254,0.90119946,0.017378364,5.214935757608986,7.798933310041217,6.082218910376446,-0.0295468297267678,50678.68,50683.81,50637.17,50659.12,50.69178
2021-12-08 10:12:00,0.9999974,2.0083908e-07,2.3648915e-06,6.255750041753367,8.309922989258318,6.182084906716632,-0.0371363867696124,50213.58,50265.99,50205.63,50264.03,14.23593
2021-12-08 21:53:00,0.9987418,0.00019504574,0.0010631499,6.144185634125646,7.923348211930154,5.459585514144159,-0.0209656697000926,50643.9,50668.96,50643.89,50657.1,10.36738
2021-12-08 23:21:00,0.9918956,4.1379993e-05,0.008062947,5.030437921392435,7.721348612617949,5.375278407684165,-0.0183289604227621,50527.17,50575.81,50527.17,50568.71,14.01513
2021-12-09 01:42:00,0.99983776,6.787295e-07,0.00016152073,4.68213122712422,8.051659556841953,4.31748811353631,-0.0098700716593508,50339.31,50339.31,50315.88,50330.0,17.75051
2021-12-09 21:13:00,1.5393634e-06,0.99999845,5.6787798e-08,6.522092798170152,8.918784137975802,6.093569770045136,-0.0263721662015853,47744.09,47787.43,47730.46,47781.6,11.01188
2021-12-10 21:42:00,2.1815491e-05,0.9999703,7.834508e-06,6.3080984415095305,8.250358951477294,6.456769655572163,-0.0100282919076463,48209.9,48255.15,48207.75,48242.15,8.38248
2021-12-11 00:55:00,0.07988005,0.9135332,0.006586842,6.1092475827643655,8.789660098061537,5.762051382780177,-0.0159347827406808,47805.23,47805.24,47760.69,47796.12,17.33157
2021-12-13 17:12:00,0.023516122,0.96107507,0.015408843,5.926926025970411,8.38662882139512,4.787491742782046,0.0253177204175508,47605.76,47682.29,47565.19,47669.76,45.38471
2021-12-15 00:13:00,0.999995,2.9591536e-06,2.0499765e-06,6.095824562432225,8.428799040653642,5.442417710521793,-0.0229641731766412,48344.96,48356.61,48287.53,48295.27,18.47796
2021-12-15 00:44:00,0.9995455,0.0004514265,3.00924e-06,5.521460917862246,7.674617497364363,5.081404364984463,-0.0006426269840631,48267.95,48283.42,48095.0,48169.99,107.34631
2021-12-15 10:10:00,0.009903881,0.9896507,0.00044535275,5.365976015021851,7.788626065625031,4.919980925828125,-0.0956756465304021,48574.45,48602.6,48574.44,48596.13,24.01637
2021-12-16 06:28:00,0.8745244,0.12087641,0.0045991773,5.5909869805108565,8.025843344150903,4.919980925828125,-0.0409263948551037,48734.19,48738.64,48707.35,48719.42,15.2748
2021-12-17 03:17:00,0.9999709,3.1892705e-06,2.588635e-05,6.401917196727186,7.932362154339751,5.54907608489522,-0.0187285861876128,47715.67,47726.93,47711.54,47726.92,4.7788
2021-12-20 04:21:00,0.78746814,0.21251537,1.6547474e-05,5.267858159063328,7.471363088187097,3.9318256327243257,0.0139079185296235,46853.07,46856.16,46820.84,46847.0,18.02118
2021-12-22 01:12:00,0.99996114,4.547536e-06,3.4386976e-05,5.087596335232384,7.768110378525988,5.14166355650266,-0.061334903513334,48639.85,48642.34,48619.27,48640.29,13.0025
2021-12-22 04:10:00,0.99999094,4.383729e-08,9.05196e-06,4.499809670330265,7.803026643632217,5.075173815233827,-0.0200436791359401,49223.0,49274.24,49221.01,49255.14,10.73436
2021-12-22 14:15:00,0.9999759,9.908161e-07,2.3157578e-05,6.289715570908998,8.98744678941718,6.042632833682381,0.0114838256434951,48685.17,48688.73,48650.0,48678.3,31.72771
2021-12-23 14:32:00,0.9999777,2.9048365e-06,1.9385781e-05,5.4510384535657,7.8119734296220225,6.12029741895095,0.0179221768252151,48532.17,48573.19,48529.99,48569.78,17.90846
2021-12-27 21:37:00,0.99999726,5.3049533e-08,2.7437745e-06,4.564348191467836,7.805474625270857,5.575949103146316,0.0202802823233294,51243.19,51254.64,51243.18,51247.5,9.16404
2021-12-27 22:31:00,0.7055939,8.294469e-05,0.2943232,5.937536205082426,8.201385955238608,5.579729825986222,0.0185755372062625,51146.12,51157.06,51138.14,51151.11,12.04634
2021-12-30 17:12:00,0.96709853,0.03230734,0.00059412257,6.635946555686647,8.54849804124465,7.146772179452637,0.0208856952414237,47505.25,47524.39,47495.54,47496.48,12.87912
2021-12-30 21:21:00,1.6176436e-07,0.9999999,1.4647029e-08,6.679599185844383,9.127719343287843,6.2166061010848646,0.0164656340740033,47312.23,47312.24,47262.86,47272.31,8.2029
2021-12-31 23:11:00,0.9830959,0.0010904905,0.015813574,5.877735781779639,8.592486175451668,7.07326971745971,-0.0299817783265594,47312.23,47312.24,47262.86,47272.31,0.0
2022-01-01 13:49:00,0.9995653,6.691043e-05,0.0003677258,5.918893854273146,8.628734566149145,5.733341276897746,-0.0791034054339829,47042.84,47053.78,47005.0,47011.6,6.90059
2022-01-02 06:14:00,0.021864899139999998,0.97225526,0.005879848651,10.477006245640542,15.71887341550623,8.226840890408578,0.0063646603834761496,47039.2,47055.97,47035.38,47035.39,8.4773
2022-01-02 06:21:00,0.4450537,0.014600542,0.5403457,5.337538079701318,7.791522819150732,5.4638318050256105,-0.019676121323488,47124.16,47136.99,47106.46,47134.43,5.24277
2022-01-03 20:36:00,0.9995365,0.00044574152,1.773264e-05,7.227662498728654,9.042040056544485,5.666426688112432,0.0454959457476305,45805.26,45859.86,45800.67,45816.71,44.65658
2022-01-03 23:23:00,0.998287,0.001651985,6.0950537e-05,7.8713112033234065,9.506957408485542,7.54274354536855,0.0008284143090602,46380.06,46380.07,46350.0,46373.85,6.41597
2022-01-05 21:44:00,0.84317225,0.0029004978,0.15392713,6.79346613258001,8.964311948124514,5.652489180268651,-0.0464619320617329,43660.73,43700.0,43639.14,43672.91,27.33241
2022-01-06 21:12:00,0.008658641,0.8002491,0.19109224,5.863631175598097,8.0323601479245,5.062595033026967,0.025239856959585,43173.03,43224.83,43163.75,43199.08,23.44389
2022-01-12 06:26:00,0.99992836,5.983276e-07,7.1043876e-05,4.852030263919617,7.632401126601453,5.442417710521793,-0.0183433223458432,42640.0,42662.5,42639.99,42659.25,6.30886
2022-01-14 13:24:00,0.621103,0.3785479,0.00034919087,5.673323267171493,8.285513309079741,4.859812404361672,0.0174483404076665,42281.94,42281.99,42269.17,42270.47,10.01225
2022-01-14 20:36:00,0.998126,0.0014443013,0.00042979346,5.87493073085203,8.429017500512511,5.170483995038151,-0.0205152010362254,43043.03,43056.37,43010.0,43016.34,15.01806
2022-01-15 04:34:00,0.99994195,3.478657e-05,2.3297895e-05,6.309918278226516,7.792348924113037,4.574710978503383,0.0233230331050932,42810.02,42842.8,42795.72,42841.76,14.75751
2022-01-15 09:53:00,0.9999678,8.182177e-06,2.3924453e-05,6.661854740545311,8.447843113281444,5.717027701406222,0.0252711212303326,42946.33,42955.84,42931.41,42952.63,17.71008
2022-01-18 00:38:00,7.40498e-07,0.99999726,1.9834017e-06,7.552237287560802,9.53285855926342,7.718240951959316,0.0203748937664543,42328.46,42336.17,42290.64,42298.02,10.95427
2022-01-18 07:16:00,0.99971324,1.6922013e-05,0.00026985022,7.629003889652957,8.989070065043654,6.598509028614515,0.016423590503285,42152.44,42156.2,42141.48,42143.64,5.67391
2022-01-19 23:35:00,0.9466466,0.05111131,0.002242171,6.171700597410915,8.25608813381491,5.298317366548036,-0.0152563741951185,41865.23,41875.32,41847.28,41857.27,8.66598
2022-01-20 11:45:00,0.9999877,1.3439278e-07,1.2215743e-05,6.129050210060545,8.56197533418813,3.1780538303479458,-0.0318778220208353,42109.6,42109.61,42080.0,42080.0,18.23597
2022-01-20 17:24:00,0.9999565,1.00226625e-05,3.3535383e-05,4.969813299576001,7.591357046698551,5.062595033026967,-0.0819517317278683,43195.91,43205.01,43180.0,43197.79,14.14168
2022-01-21 22:05:00,0.99279857,4.675135e-05,0.0071547064,6.437751649736401,8.945593270806897,6.293419278846481,-0.0396681392932923,37158.79,37163.46,36946.8,36950.0,153.99674
2022-01-21 23:25:00,0.9437836,0.021469897,0.03474652,5.662960480135946,8.094988759303774,5.41164605185504,0.0125788452732321,36722.82,36754.12,36671.0,36673.84,49.67074
2022-01-21 23:28:00,0.007495712,0.00085686496,0.99164736,5.771441123130016,8.0040315078527,5.247024072160486,-0.0679757993271803,36765.15,36775.6,36687.76,36716.94,57.69037
2022-01-22 06:25:00,0.9999778,6.4834836e-07,2.1560549e-05,7.337587743538596,9.73613342286396,7.157735484249907,-0.0222567451033266,35763.94,35783.1,35726.27,35781.07,38.20004
2022-01-23 03:28:00,2.6285445e-05,0.0010534347,0.9989203,7.142036574706803,9.515911477263703,6.570882962339584,-0.0276432182004827,34879.49,34882.65,34839.41,34842.81,13.6809
2022-01-24 02:59:00,2.2271324e-06,0.9999976,1.5931425e-07,4.941642422609304,7.716906135298388,5.262690188904886,-0.0762139836428107,35215.24,35223.79,35187.95,35201.17,15.41314
2022-01-24 20:41:00,0.0298365,0.9697639,0.00039968608,4.77912349311153,7.716460800176355,4.74493212836325,-0.0002009890821576,36437.67,36486.73,36357.77,36397.53,56.74585
2022-01-25 00:04:00,0.9998572,7.979035e-06,0.00013479167,6.1092475827643655,8.110727582974489,5.111987788356544,-0.0200893151405765,36567.42,36652.24,36567.42,36622.03,33.72076
2022-01-25 21:35:00,0.9999683,3.7105874e-06,2.8022168e-05,5.583496308781699,8.257904193465674,5.480638923341991,-0.0246253353722149,36509.47,36509.47,36439.13,36448.82,30.22906
2022-01-26 03:13:00,0.99915457,0.0005918321,0.0002536026,6.815639990074331,9.18142636181154,6.439350371100098,-0.026626240797551,36989.09,37026.07,36989.09,37010.91,23.40316
2022-01-27 03:05:00,0.9999734,1.4742061e-06,2.5109794e-05,7.215239978730097,8.89370997756851,5.605802066295998,0.0373412503745837,36073.12,36145.24,36054.99,36124.76,29.42952
2022-01-27 04:46:00,0.9998012,5.294054e-06,0.00019354683,5.3706380281276624,8.00469951054955,4.6443908991413725,0.0186994585334346,35788.76,35893.43,35776.52,35855.02,92.49065
2022-01-28 00:00:00,0.78690064,0.0022837585,0.21081555,5.8664680569332965,8.323122887587735,6.396929655216146,-0.0407580545613028,37160.11,37160.11,37103.24,37106.58,56.96157
2022-01-28 05:03:00,0.00019767258,0.99979657,5.663071e-06,5.700443573390687,7.959625305098115,5.634789603169249,-0.0667410162498609,37227.37,37230.82,37197.88,37213.43,11.06097
2022-01-28 07:18:00,0.99999523,1.4672573e-08,4.726736e-06,5.627621113690637,8.317033476492403,6.115892125483034,-0.0188054079803174,37061.78,37091.87,37035.22,37089.99,23.60984
2022-01-29 00:59:00,1.343654e-08,1.0,1.0367755e-08,6.139884552226255,8.693328989123106,5.777652323222656,0.012710176684008,37777.32,37794.1,37764.87,37788.27,11.35661
2022-01-29 02:24:00,0.9999478,9.508108e-06,4.2656255e-05,7.480428306074208,9.107975365298154,6.163314804034641,0.0196711931663943,37610.39,37612.29,37592.2,37592.2,6.61997
2022-01-31 22:53:00,0.0101424195,0.9889281,0.00092955824,6.842683282238422,8.483636407887394,5.472270673671475,-0.0350034575570249,38477.0,38477.09,38425.37,38425.38,26.34362
2022-02-01 21:22:00,2.0298035e-05,0.9999795,2.8188046e-07,6.111467339502679,8.594709633844065,5.793013608384144,0.018662291165193,38722.56,38767.82,38719.7,38740.07,26.15353
2022-02-01 22:49:00,0.724557,0.10986695,0.16557606,5.488937726156687,7.65491704784832,4.897839799950911,0.0374984334736785,38659.73,38668.77,38656.87,38661.01,2.49531
2022-02-01 22:58:00,0.9994831,0.000174427,0.00034237828,5.83773044716594,8.441607204459642,6.068425588244111,-0.003220140675642,38616.16,38690.01,38607.52,38690.0,13.16306
2022-02-02 00:10:00,0.99999356,2.2553709e-06,4.171128e-06,5.799092654460526,7.75833346749091,4.61512051684126,0.0529724857063605,38686.7,38703.2,38682.49,38682.51,5.78538
2022-02-02 01:32:00,1.5161917e-09,1.0,1.1619022e-08,5.823045895483019,8.313116702819253,6.408528791059498,0.023844733206504,38389.62,38426.7,38374.78,38403.27,64.88425
2022-02-02 23:43:00,0.98747694,0.0004998315,0.012023164,5.44673737166631,7.662467815200237,5.099866427824199,-0.0529820208958786,36851.23,36900.47,36851.04,36875.91,25.25234
2022-02-04 05:47:00,0.99979657,0.00018484562,1.8608718e-05,4.844187086458591,7.281385663570282,5.262690188904886,0.0191763764464634,37637.98,37643.48,37587.48,37590.3,146.15365
2022-02-04 06:01:00,0.039841544,0.9601409,1.7562203e-05,6.61472560020376,7.995306620290822,4.68213122712422,0.0448148103243722,37630.36,37646.86,37596.57,37633.65,36.75181
2022-02-04 07:50:00,0.9960764,0.00048388584,0.003439652,6.385194398997726,8.58858318750291,5.855071922202427,-0.033371534495194,37861.24,37881.9,37857.0,37872.19,9.97165
2022-02-05 00:32:00,0.99950564,4.2029696e-06,0.00049023016,5.003946305945459,7.911690520708339,5.030437921392435,0.015506224910389,41607.37,41632.36,41571.28,41628.88,83.55885
2022-02-05 00:40:00,0.9975624,1.2688122e-05,0.0024248534,5.648974238161206,8.641179171197228,6.285998094508865,-0.020086410461766,41741.06,41770.0,41737.31,41769.99,25.21942
2022-02-05 00:46:00,0.00827701,0.0017651389,0.98995787,5.272999558563747,7.7279755421055585,4.77912349311153,-0.0435513234809135,41633.22,41674.0,41618.58,41635.15,120.07987
2022-02-05 00:52:00,0.99535453,2.152568e-05,0.00462403,6.259581464064923,8.920923462230686,5.82600010738045,-0.0229019841903884,41515.44,41540.03,41486.71,41512.39,147.30129
2022-02-05 06:38:00,0.8918874,3.5523663e-06,0.10810908,5.262690188904886,8.030409562130485,5.755742213586912,-0.030790876390735,41575.01,41606.47,41570.0,41575.92,8.80205
2022-02-05 09:48:00,0.9996768,1.8158396e-06,0.00032140687,5.6240175061873385,8.186185994226083,5.53338948872752,-0.0461067466809358,41421.65,41423.08,41399.99,41408.42,15.86906
2022-02-06 03:21:00,0.9999682,7.4030886e-06,2.4454843e-05,5.4638318050256105,8.079927770758275,5.351858133476067,0.0041994798903651,41488.52,41501.94,41485.42,41497.09,7.10449
2022-02-07 21:34:00,0.9999825,3.0176625e-07,1.7111302e-05,6.173786103901937,8.675051276031818,5.891644211825772,0.0119232446189886,43922.19,43944.47,43922.18,43939.12,11.98729
2022-02-08 00:27:00,0.015546856,0.984444,9.198679e-06,5.926926025970411,8.333991247194975,5.147494476813453,-0.0304198831912325,43738.38,43795.0,43736.26,43794.99,16.40748
2022-02-08 00:53:00,0.99998844,1.3340051e-06,1.0194433e-05,7.156176637480615,9.257033099968163,5.988961416889864,0.0252274633582424,43869.06,43875.0,43851.24,43862.22,8.36606
2022-02-08 01:35:00,0.91661465,0.083254136,0.00013126667,6.202535517187923,8.080237416216702,5.087596335232384,0.0331562774494621,43948.5,43967.59,43945.0,43959.12,10.19216
2022-02-09 00:51:00,0.91228795,0.0008679617,0.08684411,6.124683390894205,8.385260520155413,5.752572638825633,-0.0408682551203,44260.0,44318.75,44252.78,44318.75,34.68896
2022-02-09 01:54:00,0.54094803,0.45842806,0.0006239159,7.342131730584722,9.133351330448049,7.085901464365611,-0.0165900503830129,43920.88,43935.78,43902.08,43910.07,12.80048
2022-02-09 02:21:00,0.9999845,1.3413453e-06,1.4145863e-05,6.654152520183219,9.023408202624545,6.025865973825314,-0.0208578366112756,43393.62,43409.86,43331.86,43331.87,21.42802
2022-02-09 12:25:00,0.9999689,3.1045415e-06,2.8010776e-05,8.368461137615839,10.048539824235268,6.811244378601294,0.0111549984666765,43780.89,43814.49,43760.94,43812.47,25.65476
2022-02-09 20:52:00,0.9999825,7.872978e-07,1.6737364e-05,6.144185634125646,8.236950048061455,6.689599269178967,0.0370242528980599,44709.34,44712.49,44683.74,44712.29,9.26952
2022-02-10 03:44:00,0.26119027,4.5059194e-05,0.7387647,7.304515946460155,8.972463821059907,5.568344503761097,-0.0047016559836056,43749.99,43760.15,43731.6,43748.62,11.08289
2022-02-10 21:12:00,0.9998258,7.906692e-07,0.00017343945,4.875197323201151,7.671826797878781,5.043425116919247,-0.0389504216939458,44013.78,44039.12,43951.53,43954.96,29.4172
2022-02-10 21:40:00,0.7307711,0.268803,0.00042592423,5.771441123130016,8.117908942383155,5.25227342804663,-0.1250615838678996,44073.44,44111.07,44068.01,44111.07,3.74419
2022-02-10 22:20:00,0.9997279,4.7482717e-06,0.0002672837,7.780720886117918,9.749403537153412,7.874358824729881,-0.07182025261743,43700.0,43800.0,43696.53,43799.87,10.46606
2022-02-10 23:56:00,0.999897,4.02313e-06,9.889765e-05,5.899897353582492,8.150179269682326,5.181783550292085,-0.0341669046721302,43494.49,43543.52,43490.62,43530.0,21.91734
2022-02-11 09:16:00,0.98834175,0.00024014903,0.011418148,5.733341276897746,8.03398273468322,5.198497031265826,-0.046025898619481,43254.62,43444.36,43250.27,43440.1,202.04048
2022-02-13 00:41:00,0.1845929,0.81426084,0.0011462468,6.063785208687608,8.07402621612406,5.605802066295998,-0.0066952025025076,42420.93,42476.26,42419.68,42441.86,14.36821
2022-02-14 03:22:00,0.9668601,0.00024043248,0.032899473,7.491645473605133,9.10286651367095,6.363028103540465,0.0070275506455049,41932.04,41946.01,41913.0,41917.5,18.90484
2022-02-14 03:43:00,0.99999666,2.685088e-07,3.0566407e-06,5.973809611869261,7.761319180947987,5.318119993844216,0.0082252305655211,41926.1,41926.19,41904.63,41904.91,7.33214
2022-02-14 08:19:00,0.9990821,6.393758e-05,0.0008539247,7.43543801981455,8.114922974204593,5.288267030694535,0.0228910676176618,42360.37,42367.81,42340.0,42357.84,24.76304
2022-02-14 09:09:00,0.817041,0.00027578973,0.18268321,6.137727054086234,7.914617709040679,4.672828834461906,0.0169401329487354,42065.26,42065.27,42030.95,42063.01,11.98004
2022-02-14 09:50:00,0.9999671,5.3061294e-06,2.7508508e-05,5.308267697401205,8.197538739721184,6.030685260261263,-0.0497757514379284,42036.18,42064.99,42028.54,42062.8,10.02117
2022-02-15 10:10:00,0.99999654,1.3106812e-06,2.1842159e-06,6.672032945461067,8.846496938558838,5.41164605185504,-0.0026331267049026,43992.85,44020.0,43992.85,43998.72,12.46484
2022-02-15 10:55:00,0.080467336,8.834993e-05,0.9194443,6.300785794663244,8.818926087090677,5.955837369464831,-0.0387468005272516,44167.21,44215.47,44163.53,44206.93,27.36644
2022-02-15 21:31:00,1.7205062e-06,0.9999981,2.0233395e-07,5.476463551931511,7.998335395952982,5.308267697401205,-0.0012373358176974,44022.31,44033.38,44010.0,44010.01,5.62314
2022-02-15 21:55:00,0.9999728,7.964084e-06,1.9214349e-05,5.517452896464707,7.661997558901893,4.418840607796598,-0.0458367664742618,43999.99,44000.0,43989.58,43999.99,24.92751
2022-02-16 00:52:00,0.99999905,8.3986706e-08,8.82108e-07,7.278628942320682,9.2259184019395,6.049733455231958,0.0371486713659013,44149.0,44169.46,44148.99,44164.56,9.55278
2022-02-16 22:07:00,0.9999628,1.4450492e-05,2.275338e-05,6.570882962339584,8.784162222270476,5.645446897643238,-0.0516620711438065,43979.89,43981.03,43956.3,43971.83,9.16785
2022-02-16 23:20:00,0.9884946,1.5039442e-06,0.011503852,6.543911845564792,8.801770448914539,5.700443573390687,-0.0158370564996392,44110.02,44132.58,44110.01,44132.58,2.8069
2022-02-17 00:50:00,0.938569,0.041813947,0.019617017,6.113682179832232,7.812782818577581,4.532599493153256,0.0152627386873099,43965.53,43975.57,43960.6,43970.68,13.95279
2022-02-17 02:02:00,0.99978226,5.380671e-06,0.00021235303,5.834810737062605,7.741533589281828,5.765191102784844,-0.0535774836395761,43993.06,44011.79,43990.08,44002.31,6.18539
2022-02-17 04:25:00,0.12498278,0.00021549042,0.8748017,6.548219102762372,8.34711636103872,6.07993319509559,-0.0267861882149422,43585.89,43585.9,43523.23,43550.01,38.15886
2022-02-17 13:17:00,0.00022259161,0.99977654,7.790983e-07,5.153291594497779,7.717796211013582,4.927253685157205,-0.0381505495990884,43096.9,43121.12,43083.0,43100.32,8.07092
2022-02-17 21:41:00,0.9295122,1.0185499e-06,0.07048683,5.817111159963204,8.239857411018601,6.052089168924417,-0.0491277230429963,40688.69,40708.06,40649.17,40649.18,24.52032
2022-02-17 23:14:00,0.973736,5.584724e-05,0.02620815,7.27655640271871,9.462965052612562,6.2766434893416445,-0.0533304538977553,40617.26,40645.97,40617.26,40628.75,16.43132
2022-02-18 23:52:00,0.9808715,0.019021655,0.00010692295,5.673323267171493,8.133000218583613,5.43372200355424,-0.048885911309387,40033.0,40039.0,40029.73,40035.28,10.73617
2022-02-19 01:39:00,0.8982631,0.101159796,0.00057709456,6.836259277277067,8.446556111816797,5.062595033026967,-0.0181753263264114,40160.66,40160.66,40135.11,40149.64,32.84932
2022-02-19 02:06:00,0.58805007,0.000119079275,0.4118309,6.689599269178967,8.795430805040018,6.118097198041348,-0.0233571727931239,40106.11,40118.05,40098.64,40115.86,11.68273
2022-02-19 09:44:00,0.9995982,0.00023910012,0.00016268803,4.969813299576001,6.634633357861686,3.49650756146648,0.1037719597032816,39967.74,39971.89,39960.44,39963.11,5.34905
2022-02-19 09:55:00,0.20021391,0.00015402994,0.7996321,6.93828448401696,8.60337088765729,5.955837369464831,-0.0028560049904337,39959.89,39959.9,39942.74,39945.44,5.513
2022-02-19 22:11:00,0.99734455,0.00034449538,0.0023108616,9.724301076237646,11.052808798233295,7.764720544771477,-0.0044410053985616,39923.93,39928.7,39912.65,39917.4,4.99816
2022-02-22 22:55:00,0.9878312,8.2773164e-05,0.012086078,4.844187086458591,7.71289096149013,5.093750200806762,0.0193171165328216,37875.62,37877.47,37859.91,37868.64,3.67141
2022-02-22 23:22:00,0.9999938,5.289978e-07,5.7275574e-06,6.082218910376446,7.998671361015776,4.997212273764115,-0.0426499670224518,38014.24,38032.29,38014.24,38032.29,7.83185
2022-02-23 01:46:00,0.99694,2.300705e-05,0.003036942,5.493061443340548,8.079308192051961,5.236441962829949,-0.0303443062627091,37996.04,37998.45,37938.07,37964.58,34.46489
2022-02-25 04:02:00,0.9768688,0.016633134,0.006498037,6.418364935936212,8.88723835429314,6.35088571671474,-0.021017265551134,38883.27,38891.0,38872.0,38885.02,25.79702
2022-02-25 06:08:00,0.9999999,2.0076863e-08,8.958337e-08,4.844187086458591,7.631916513071252,5.267858159063328,0.0134997363358838,38424.49,38498.0,38424.48,38489.0,46.48685
2022-02-25 20:18:00,0.9979876,0.00018944436,0.0018229323,5.484796933490655,7.187657164114956,4.941642422609304,-0.0626133891469788,38802.93,38830.0,38800.97,38822.15,35.22824
2022-02-26 07:48:00,0.8980651,0.10171319,0.00022175364,5.666426688112432,7.641084249174914,5.739792912179234,0.0282249746678882,39132.4,39140.22,39122.04,39132.08,18.80243
2022-02-27 02:40:00,0.00043635277,1.2610172e-05,0.999551,8.071218539969863,9.810714152383774,6.437751649736401,-0.0018146606777173,38526.98,38535.91,38525.3,38535.88,3.67693
2022-02-28 02:12:00,0.99997485,1.9396712e-05,5.6684034e-06,6.595780513961311,8.537975730598767,6.1092475827643655,-0.0606764957914097,37933.7,37934.17,37887.04,37929.02,32.37997
2022-03-01 05:09:00,0.75081944,0.21675523,0.032425378,7.497207223203318,9.365290731974005,6.3080984415095305,-0.0307624926549984,43280.34,43287.32,43255.83,43269.3,18.33983
2022-03-01 06:50:00,0.74913114,0.25017306,0.0006957579,5.948034989180646,8.652423140676342,5.342334251964811,0.0222424367707573,43309.8,43389.0,43300.34,43383.4,24.96564
2022-03-02 01:56:00,0.99999046,3.085751e-07,9.202521e-06,5.365976015021851,7.76046702921342,4.700480365792417,-0.016612007326502,43960.39,43995.0,43960.38,43985.13,17.08329
2022-03-02 11:08:00,0.99764675,7.557662e-05,0.0022777168,5.438079308923196,8.21932609390609,5.442417710521793,0.0266575195021605,44056.06,44070.73,44056.05,44068.03,12.10014
2022-03-03 23:48:00,0.48602885,0.5106615,0.003309662,6.084499413075172,8.35983738064003,5.111987788356544,-0.0240779351488813,42494.05,42494.05,42455.83,42468.17,8.45413
2022-03-04 01:19:00,0.9999479,1.7986911e-06,5.029305e-05,6.694562058521095,8.892611378172106,5.662960480135946,0.0203422248160148,41306.21,41316.54,41212.12,41215.02,38.91717
2022-03-06 22:40:00,0.24495883,0.0008852383,0.75415593,6.129050210060545,8.215817791832453,5.598421958998375,-0.0335338302830852,39117.46,39127.81,39117.45,39127.8,3.84005
2022-03-07 09:56:00,0.94419956,0.00015721485,0.055643193,4.454347296253507,7.802209316247118,6.371611847231857,-0.0331006902171423,38151.32,38177.3,38151.32,38160.76,13.78741
2022-03-08 00:00:00,0.99605894,0.003918041,2.300584e-05,6.251903883165888,7.826044013518965,5.278114659230517,0.0592026590962604,37988.01,38059.14,37986.84,37999.56,59.11769
2022-03-09 19:05:00,0.9998653,1.7833781e-05,0.00011685216,4.343805421853684,5.41164605185504,3.8501476017100575,-0.0774505924114071,42040.0,42052.0,42006.98,42042.43,39.15965
2022-03-09 21:11:00,0.051672295,0.94755226,0.000775457,5.902633333401366,7.505492274737424,5.043425116919247,-0.0397835901921854,41764.55,41780.11,41746.73,41761.19,33.18796
2022-03-09 21:25:00,0.21685192,0.7530378,0.030110296,6.1463292576688975,8.098642843759418,5.517452896464707,-0.0439389973298076,41740.47,41751.99,41723.63,41742.68,12.02878
2022-03-09 21:46:00,0.80237144,0.19606085,0.0015676585,7.268920128193722,8.83695515733143,6.35088571671474,-0.0638304600555417,41816.12,41839.76,41804.0,41838.22,11.16859
2022-03-10 21:44:00,1.8913674e-05,3.0585834e-05,0.9999505,4.919980925828125,7.576609766973037,4.90527477843843,-0.095496180120297,39383.19,39403.1,39368.0,39372.75,30.86308
2022-03-11 07:41:00,3.8403763e-05,0.9999194,4.224124e-05,5.932245187448011,7.944492163932159,4.7535901911063645,0.0460510205656971,39227.12,39227.12,39202.86,39203.0,21.96496
2022-03-11 19:59:00,0.9999981,8.0988553e-07,1.0331868e-06,4.31748811353631,5.3706380281276624,3.5263605246161616,-0.0830956423545905,38787.73,38797.99,38773.06,38792.59,8.51695
2022-03-11 20:20:00,0.9999968,1.1802413e-07,3.0763313e-06,6.3784261836515865,8.24800570160062,5.673323267171493,-0.0256763366982009,38893.36,38905.68,38882.0,38884.19,12.27538
2022-03-11 22:13:00,0.59563345,0.0021496785,0.4022169,5.37989735354046,7.894318063841624,5.981414211254481,0.0184719691587555,38899.01,38938.21,38899.0,38907.74,17.69235
2022-03-14 12:11:00,0.9906064,0.009352229,4.1342097e-05,9.314249835366695,10.869862848577704,8.154500175151941,0.0277931859701431,38892.69,38899.96,38850.4,38857.99,32.01671
2022-03-14 23:27:00,2.7385404e-08,1.0,1.5778964e-08,6.327936783729195,8.589327789175437,5.288267030694535,0.0087201795331496,39717.36,39717.36,39683.0,39686.7,28.85319
2022-03-16 04:14:00,0.99997914,7.5284527e-07,2.0132731e-05,5.703782474656201,8.066835314417336,5.6240175061873385,-0.0387954958608142,39155.69,39155.8,39117.29,39117.29,22.04862
2022-03-16 10:22:00,0.99764675,7.557662e-05,0.0022777168,5.2832037287379885,8.174421152646497,6.432940092739179,0.0095271829438329,40504.53,40544.29,40502.71,40534.9,21.82109
2022-03-16 23:23:00,0.99974936,3.3391652e-06,0.00024730634,5.293304824724492,7.980023592310645,5.198497031265826,0.0543888710284686,41143.73,41148.82,41130.0,41136.51,48.55709
2022-03-17 08:28:00,0.8208003,0.17643026,0.0027694653,6.061456918928017,8.357259153499912,5.83773044716594,-0.0258497581013279,40832.66,40858.49,40832.66,40851.9,12.36438
2022-03-18 02:11:00,0.99676526,0.000101413076,0.0031334353,5.4638318050256105,7.72356247227797,5.87493073085203,-0.0255545336041422,40486.04,40493.21,40436.0,40436.0,35.81058
2022-03-19 04:22:00,0.14368945,0.85622257,8.795719e-05,6.856461984594587,8.555259392222693,6.52649485957079,-0.0511576022157245,41807.52,41815.0,41807.09,41815.0,9.61592
2022-03-19 19:58:00,0.9999398,1.5330976e-05,4.4790664e-05,6.4457198193855785,8.394347361417392,5.225746673713202,0.0342290511472436,42048.5,42050.0,42035.0,42037.56,10.96688
2022-03-21 21:59:00,0.9999987,2.0931164e-07,1.0561092e-06,6.238324625039508,7.796880342783522,5.2574953720277815,0.0443239825016756,41300.01,41307.57,41300.0,41305.52,16.23792
2022-03-22 19:57:00,0.99932325,7.705339e-05,0.0005997071,5.828945617610208,7.830822995135316,5.181783550292085,-0.0346229657382044,42300.01,42352.53,42287.6,42352.52,50.23164
2022-03-23 01:16:00,0.99966097,0.00013105152,0.00020791331,6.212606095751519,8.3707791729607,5.968707559985366,-0.0068491854292618,42116.65,42128.32,42100.91,42115.01,23.68601
2022-03-23 07:00:00,0.99983895,6.251845e-05,9.842439e-05,5.963579343618446,8.786456678344,6.53813982376767,-0.0130633628727406,42232.3,42259.38,42232.3,42249.28,17.80541
2022-03-24 02:07:00,0.93733895,0.06259889,6.214391e-05,6.51025834052315,8.700347734514084,5.43372200355424,-0.0060720941495058,42835.87,42842.47,42818.42,42842.47,10.80057
2022-03-24 05:51:00,0.9999777,1.0133046e-07,2.2226206e-05,5.327876168789581,7.610357618312838,5.37989735354046,-0.0234592510378485,42934.33,42968.0,42934.32,42949.4,21.2907
2022-03-24 19:45:00,0.5517713,0.44817755,5.1185783e-05,6.192362489474872,7.629003889652957,4.852030263919617,0.0555601103791996,44006.02,44006.02,43992.03,43992.04,9.91537
2022-03-24 22:30:00,9.6891725e-08,0.9999999,2.0025004e-08,5.236441962829949,7.623153068476902,4.962844630259907,0.0295294621853353,44050.43,44054.47,44023.02,44023.61,13.69553
2022-03-25 01:11:00,0.9463373,0.050185006,0.003477735,6.682108597449809,8.523374050491318,5.68697535633982,-0.0951267067687417,44031.64,44038.17,44031.63,44037.49,19.94488
2022-03-25 01:16:00,0.999998,6.346626e-07,1.3796034e-06,5.594711379601839,7.634820677745543,4.74493212836325,-0.0467259403159086,44012.0,44050.61,44010.0,44050.61,21.03736
2022-03-25 01:51:00,0.00026381738,0.0005740635,0.9991621,6.068425588244111,8.25712628599743,5.081404364984463,-0.0030071456195806,44103.48,44109.99,44067.97,44109.97,54.25999
2022-03-25 02:49:00,0.9999076,1.1063049e-06,9.132488e-05,5.799092654460526,8.280204233279974,5.627621113690637,0.01885558290374,43877.8,43879.0,43877.31,43878.37,29.63975
2022-03-25 20:21:00,0.115750104,0.85670364,0.027546277,6.12029741895095,8.36380888451688,5.420534999272286,-0.0242721506018899,44493.16,44496.5,44448.32,44450.0,15.9523
2022-03-25 20:30:00,0.77268463,0.17594463,0.05137078,6.20455776256869,8.10349427838097,6.0112671744041615,-0.0202293973066456,44454.32,44455.02,44434.43,44438.13,8.27491
2022-03-26 02:52:00,0.9994217,0.00031148325,0.00026690974,7.171656822768514,9.267665438595452,6.396929655216146,0.0399832207841498,44254.42,44254.42,44229.81,44236.35,14.20902
2022-03-26 04:39:00,0.9997173,4.0254785e-05,0.00024243935,3.4657359027997265,5.805134968916488,2.9444389791664403,0.0665703390090885,44396.14,44396.15,44391.4,44393.54,14.83574
2022-03-26 05:29:00,0.5005723,0.0006792248,0.49874848,5.765191102784844,8.128880142125638,5.940171252720432,-0.1319706564836531,44412.09,44430.92,44412.09,44430.92,4.41804
2022-03-26 07:30:00,0.99999344,3.9097295e-06,2.5964655e-06,6.16541785423142,7.869019376499023,4.584967478670572,0.0034755958990268,44404.9,44424.89,44394.03,44401.35,39.35908
2022-03-26 22:36:00,0.999508,0.0004860586,6.005512e-06,6.826545223556594,9.020026965252676,6.359573868672378,-0.0201032375893189,44442.78,44442.79,44428.8,44428.81,10.80453
2022-03-27 00:20:00,0.9999788,1.6353271e-06,1.957922e-05,6.230481447578482,8.504107951867582,6.710523109452428,-0.025521554037147,44535.62,44559.03,44523.63,44559.03,23.19068
2022-03-27 07:12:00,0.99986076,1.5856827e-05,0.00012342063,5.087596335232384,8.202208436436448,5.8944028342648505,0.026925159125621,44668.01,44671.3,44668.01,44671.3,8.10256
2022-03-27 15:27:00,0.002250992,0.0009114192,0.9968376,6.19644412779452,8.011355109161286,5.123963979403259,-0.0324195888818974,44800.75,44834.45,44794.96,44817.76,47.88331
2022-03-27 18:07:00,0.9993224,1.12475345e-05,0.0006664144,5.638354669333745,8.824236617346639,6.6240652277998935,-0.1246917835414235,44936.5,44957.23,44936.49,44941.22,13.4834
2022-03-28 00:15:00,0.119510904,0.8793014,0.0011875958,6.133398042996649,8.298041661371565,8.464003362902119,0.0629198629230527,46714.3,46723.51,46688.74,46688.75,50.26958
2022-03-28 04:39:00,0.99974185,0.00023722487,2.0888285e-05,5.942799375126701,8.41803561988302,5.857933154483459,0.0741391291009705,46956.0,46963.0,46953.0,46953.01,10.7917
2022-03-28 04:46:00,0.99764675,7.557662e-05,0.0022777168,5.765191102784844,8.440959885416648,5.459585514144159,0.0220269009713304,46956.71,46956.72,46953.17,46953.18,5.08443
2022-03-28 05:08:00,0.0006859346,0.9993106,3.4255888e-06,5.53338948872752,7.910957382845589,4.762173934797756,-0.0270419276816308,47168.93,47186.54,47168.93,47186.54,14.55997
2022-03-28 21:11:00,0.94969547,0.00033569493,0.049968805,5.83773044716594,8.163086375583216,4.948759890378168,-0.0146712991114176,47991.98,47991.99,47979.0,47979.0,11.13325
2022-03-28 21:57:00,0.99813557,1.7319622e-05,0.0018470166,6.317164686747284,9.211639527707804,7.048386408721883,-0.0495439859675897,47598.83,47649.61,47598.82,47649.61,9.1328
2022-03-28 23:01:00,0.999995,1.4268902e-07,4.9067417e-06,7.284820912568604,8.704668113450987,3.58351893845611,-0.0194857973899611,47535.99,47546.35,47488.01,47540.5,64.52793
2022-03-29 06:53:00,6.4183006e-08,0.9999999,1.7966089e-08,5.926926025970411,8.310414994188292,5.111987788356544,0.0171928253235195,47545.24,47546.9,47543.46,47543.46,10.10328
2022-03-29 20:37:00,3.6883852e-05,0.99996305,1.05001135e-07,6.186208623900494,8.565030520830398,5.472270673671475,-0.0217317721308722,47552.75,47556.08,47549.18,47554.91,10.81087
2022-03-29 21:48:00,0.25082073,0.7447178,0.004461466,5.860786223465865,8.213652703029998,5.5093883366279774,-0.0006299995664007,47280.14,47293.74,47238.18,47238.19,18.84007
2022-03-29 22:02:00,0.9999224,1.6743758e-06,7.588546e-05,6.320768294250582,8.591929537530255,5.517452896464707,-0.0085245308996452,47215.08,47266.22,47180.81,47264.55,38.20209
2022-03-29 22:57:00,0.99999464,8.5705565e-08,5.2405708e-06,7.197435354096591,9.691531190612483,6.424869023905388,-0.0238428193530063,47297.63,47350.0,47297.63,47349.99,16.32709
2022-03-30 04:51:00,0.934353,0.0021007208,0.06354627,6.570882962339584,8.241703159729818,5.44673737166631,-0.0401763200639172,47215.11,47236.8,47215.01,47236.8,16.31925
2022-03-30 16:39:00,0.9997296,4.9815485e-06,0.0002653845,5.541263545158426,8.487558386286548,6.877296071497429,-0.0420592335738633,47227.56,47259.43,47227.55,47253.7,27.08563
2022-03-30 19:18:00,0.99995327,1.8089016e-06,4.4891978e-05,6.352629396319567,8.64541048921699,5.82600010738045,-0.0428651114179512,47086.64,47086.65,47027.04,47036.78,50.99174
2022-03-30 22:25:00,0.9998191,0.00017769424,3.1588215e-06,6.075346031088684,8.142354276849835,5.75890177387728,-0.0191236438023786,46914.92,46951.0,46914.05,46947.86,20.14232
2022-04-01 04:29:00,0.99975294,1.6423588e-06,0.00024535667,5.41610040220442,8.58185670474196,6.419994928147142,-0.013187454379523,44689.0,44689.0,44664.27,44667.96,31.29513
2022-04-01 05:57:00,0.9907217,6.094887e-05,0.009217393,5.303304908059076,7.850103545175582,5.976350909297934,0.0286168285339378,44619.58,44634.63,44615.96,44629.45,14.2817
2022-04-01 17:33:00,0.99547607,0.00025982526,0.0042641913,7.495541943884256,9.082847851460906,7.353722330399631,-0.0043550980588098,46243.6,46249.22,46226.14,46249.22,17.96401
2022-04-02 00:28:00,0.9999478,1.9225084e-07,5.1972373e-05,7.153833801578843,9.109967397829395,6.001414877961151,-0.0242106669199419,46220.01,46245.0,46220.0,46243.42,11.58022
2022-04-02 15:46:00,0.99999094,1.8805027e-07,8.830995e-06,8.739376281635323,9.246865146658555,8.922791623969637,0.0090575615674897,46275.55,46275.55,46204.11,46230.22,30.63552
2022-04-04 20:09:00,0.011042121,9.357064e-06,0.98894846,6.142037405587356,8.261784679514752,5.472270673671475,0.0140773669517796,45709.29,45860.9,45626.02,45823.47,320.41329
2022-04-04 20:17:00,1.5734686e-05,0.9999789,5.3872755e-06,5.288267030694535,7.983440063006542,5.351858133476067,0.0226385396065985,46053.25,46095.84,46040.92,46060.17,84.37607
2022-04-05 20:20:00,0.99999595,1.3009322e-06,2.7975266e-06,6.393590753950631,8.855235623206967,6.152732694704104,0.0074681021402862,45945.57,45969.02,45937.5,45964.98,11.31824
2022-04-05 20:22:00,0.9999914,4.341366e-06,4.2625766e-06,5.717027701406222,8.143226750367445,6.673297967767654,-0.0447210066649089,45938.62,45940.0,45909.96,45932.76,23.92878
2022-04-06 01:04:00,0.9999355,3.0725569e-06,6.1388935e-05,5.998936561946683,7.717796211013582,5.176149732573829,-0.0421662398284132,45118.13,45154.24,45070.03,45073.17,89.3459
2022-04-06 06:29:00,0.9861433,0.013609191,0.00024752988,5.680172609017068,8.138564737261632,6.824373670043086,-0.0606492632758881,45365.32,45391.9,45350.0,45350.0,41.65721
2022-04-06 18:58:00,0.99971336,0.00024475547,4.1794367e-05,4.955827057601261,7.661527081358517,5.204006687076795,-0.0275232746087336,43803.57,43849.43,43768.77,43819.51,89.88673
2022-04-06 20:31:00,0.9999982,2.7535359e-08,1.781503e-06,6.881411303642535,9.389323027504624,7.307202314764738,0.0245821847802223,43940.95,43959.22,43936.54,43955.16,47.53438
2022-04-07 02:10:00,0.9994691,4.2965887e-05,0.0004878917,7.340186835320115,9.551657993593873,6.78897174299217,0.023928393488453,43365.25,43365.26,43310.0,43310.01,24.63527
2022-04-07 09:16:00,0.0023532666,0.997505,0.00014171698,8.501063809486354,10.490496137034404,7.835974581721566,0.0367384694607755,43342.61,43366.72,43341.81,43357.86,24.20781
2022-04-07 20:46:00,0.90896016,0.0013018383,0.08973808,8.42463920980563,10.501279552279218,7.597396320212795,0.0219609597554083,43596.76,43596.77,43562.55,43566.96,13.99402
2022-04-07 21:28:00,0.99988246,0.00011432984,3.2709956e-06,6.07993319509559,8.319717386850606,5.099866427824199,0.0390812338083366,43325.41,43333.93,43274.88,43282.03,27.96402
2022-04-07 23:51:00,0.9999933,1.2626989e-06,5.3395847e-06,5.814130531825066,8.312871394342615,5.181783550292085,-0.0204182101727787,43561.34,43563.43,43561.33,43563.43,9.13837
2022-04-08 05:08:00,0.99983966,0.00015352563,6.8000168e-06,6.6240652277998935,8.491465042843506,5.41610040220442,-0.0035040798752079,43502.41,43516.03,43502.41,43516.03,5.59387
2022-04-08 05:09:00,0.9999236,6.047279e-05,1.6008435e-05,6.674561391814426,8.934059722248843,5.673323267171493,-0.0304758212653718,43516.02,43516.03,43516.02,43516.03,3.5531
2022-04-08 05:11:00,0.3042784,0.0019627835,0.6937588,5.786897381366708,8.364275084991524,5.318119993844216,-0.0100916349015464,43519.37,43538.31,43519.36,43536.78,4.22823
2022-04-08 06:37:00,0.99689215,0.0013200913,0.0017877739,5.846438775057725,7.9976631270201,5.846438775057725,-0.0226706455497739,43534.96,43545.7,43529.98,43529.99,15.45225
2022-04-08 15:17:00,0.9999993,5.921867e-07,1.1993393e-07,6.54965074223381,8.347590407030058,6.248042874508429,-0.0174210662089491,43781.53,43830.01,43766.09,43830.0,53.88056
2022-04-08 16:36:00,0.9999261,1.1374955e-05,6.259627e-05,5.697093486505405,8.195885391314796,5.996452088619021,-0.0200720367351419,43577.44,43599.11,43576.95,43594.74,12.72414
2022-04-08 20:09:00,0.9904041,0.009110857,0.00048502875,6.716594773520978,9.036463061964891,6.726233402358747,0.013775668221479,42850.02,42850.94,42802.07,42819.88,21.69907
2022-04-08 23:29:00,0.9999752,1.1830788e-06,2.3620927e-05,7.334329350300536,9.250618218474752,6.0112671744041615,0.0218154051587033,42178.29,42178.61,42150.99,42155.24,28.93636
2022-04-09 05:08:00,0.99992514,1.4297551e-06,7.342055e-05,4.919980925828125,8.648572269472618,5.948034989180646,0.0221525625656871,42442.67,42484.84,42436.06,42476.93,15.8911
2022-04-09 22:13:00,0.9995191,8.2606203e-07,0.00048000962,7.274479558773871,9.57838048699361,6.944087208229528,0.0238896495873933,42590.0,42590.01,42553.04,42559.62,10.28941
2022-04-10 08:08:00,3.8032715e-05,0.999796,0.00016607033,5.631211781821365,7.934155233536322,5.153291594497779,0.0352930722597458,42574.83,42604.8,42574.83,42604.8,18.1624
2022-04-10 20:49:00,0.99999344,2.5227273e-06,4.0711784e-06,6.238324625039508,8.832733591996416,6.270988431858299,0.0013390537240927,43263.52,43263.52,43234.85,43245.37,25.49746
2022-04-10 21:56:00,0.9998178,1.685834e-06,0.00018052137,7.2305631534092925,9.11007795003779,6.326149473155099,-0.004341111564513,42893.66,42921.95,42886.31,42896.99,9.98002
2022-04-11 00:28:00,0.99993014,1.6913194e-05,5.2905903e-05,7.533693709848633,8.938137870372788,6.677083461247136,0.0310102809551812,42171.02,42198.0,42101.52,42192.47,58.21215
2022-04-11 02:36:00,0.5727109,0.42476073,0.0025283566,5.513428746164983,8.03398273468322,6.327936783729195,0.0054058597543442,42068.44,42068.44,41985.6,41985.61,79.29368
2022-04-11 19:07:00,0.9999255,5.8146874e-08,7.445704e-05,5.616771097666572,8.512180649592693,6.683360945766275,-0.0207645467093663,40540.03,40540.03,40530.0,40530.01,10.15267
2022-04-11 21:16:00,0.99998057,3.4201985e-06,1.5946964e-05,6.824373670043086,9.19309247856663,7.1308988302963465,-0.0304130989543433,39827.34,39868.52,39827.33,39837.65,22.12989
2022-04-12 00:52:00,0.9979692,0.0017663903,0.0002643718,6.419994928147142,8.093156697722637,5.525452939131784,-0.0722031150043519,39707.2,39728.72,39707.2,39708.87,25.04
2022-04-12 03:11:00,0.19227545,0.00024194426,0.8074826,6.994849985833071,8.574140471857987,6.192362489474872,0.0228338523612976,39579.99,39621.06,39579.99,39614.45,37.57796
2022-04-12 20:47:00,2.0640515e-07,0.9999982,1.5718215e-06,8.242756345714477,10.01779789871354,7.685243607975833,-0.029566047071446,39413.45,39487.3,39401.55,39477.41,15.00689
2022-04-13 01:23:00,0.4999231954865,0.4999950485065,8.17333551e-05,13.497311544402468,17.13379821208746,11.10076801300094,0.020689310657971048,39678.3,39697.12,39669.51,39687.43,33.21396
2022-04-13 19:19:00,0.99998415,2.7748422e-06,1.3066046e-05,5.676753802268282,8.425735580927402,5.937536205082426,-0.0203593277229876,41276.64,41339.1,41274.08,41307.23,25.97291
2022-04-13 20:33:00,0.9999895,1.0304388e-07,1.0379285e-05,5.225746673713202,7.645875825184813,5.272999558563747,0.0074380311971342,41190.02,41200.15,41190.02,41200.15,5.73783
2022-04-13 21:54:00,0.99993396,1.0061351e-06,6.50446e-05,6.893656354602635,8.975503722070927,6.570882962339584,0.0206364969797108,41189.98,41193.75,41189.98,41193.32,4.47896
2022-04-14 06:13:00,0.9998246,0.00013515298,4.0280225e-05,6.525029657843462,8.24564690087386,5.877735781779639,0.0507873673158668,41220.96,41235.29,41220.96,41228.53,16.94025
2022-04-14 20:06:00,0.9998565,3.129685e-06,0.00014037281,7.51479976048867,9.833547804331449,7.22983877815125,-0.002829968690604,39720.0,39733.86,39719.99,39726.01,14.07658
2022-04-14 20:46:00,0.98927605,0.0003972165,0.010326739,5.746203190540153,7.752764808851328,5.231108616854587,-0.0917783412282952,39850.0,39850.0,39810.7,39826.0,15.87853
2022-04-15 18:35:00,0.001358315,0.99863786,3.8069695e-06,5.7745515455444085,8.09712193091871,5.945420608606575,0.0098758488238578,40422.31,40422.31,40415.58,40415.59,4.54651
2022-04-15 20:12:00,0.9999933,4.5443113e-07,6.2276577e-06,6.111467339502679,8.741456115998364,6.356107660695892,-0.0429936742403339,40301.66,40322.78,40301.66,40310.01,10.64274
2022-04-15 21:46:00,1.13610156e-07,0.9999999,1.031501e-08,6.840546529288687,9.196545660953994,7.00669522683704,-0.0169804635229422,40453.84,40457.49,40441.7,40443.31,3.36171
2022-04-16 00:51:00,0.9999242,3.0936404e-05,4.480671e-05,5.8522024797744745,8.264620829411216,6.234410725718371,0.019604315420471,40536.33,40559.01,40536.32,40559.01,12.51181
2022-04-16 04:05:00,2.7211758e-08,1.0,2.4827441e-08,6.054439346269371,8.073402968986406,5.60947179518496,0.1318156665133627,40431.37,40436.92,40431.37,40436.92,20.21432
2022-04-16 06:03:00,0.99997556,1.2636606e-06,2.3152337e-05,5.849324779946859,7.804251383528112,5.3612921657094255,0.0171765822393296,40429.86,40429.86,40429.8,40429.81,5.84421
2022-04-16 21:04:00,0.9999939,1.0340306e-07,5.9646077e-06,6.8966943316227125,9.158520623246384,6.52649485957079,0.0230789156635027,40309.11,40309.12,40305.85,40305.86,4.7389
2022-04-17 02:17:00,0.95680577,0.00035539572,0.042838775,6.980075940561763,8.914626127827137,6.444131256700441,-0.0224515059001995,40350.0,40352.84,40350.0,40352.84,2.25077
2022-04-18 01:49:00,0.9916854,0.008241366,7.3317104e-05,6.57507584059962,8.264878262801748,6.240275845170769,0.1383481592759048,39723.48,39747.7,39723.48,39744.51,25.55492
2022-04-18 20:50:00,0.9999604,8.8040485e-07,3.876511e-05,7.229113877793302,9.436519311833914,7.215239978730097,-0.0261981755227881,40700.64,40700.65,40698.59,40698.59,2.618
2022-04-19 01:14:00,0.00059075345,0.0094150305,0.9899942,6.45833828334479,8.268218880067506,5.993961427306569,-0.0357199638198885,40925.85,40925.86,40911.8,40920.46,6.89073
2022-04-19 21:47:00,0.20299192,0.0016677805,0.79534024,7.419979923661835,9.445412494155669,6.833031732786201,0.0327979230083648,41289.68,41320.0,41289.67,41320.0,9.19763
2022-04-20 07:05:00,0.9696389,2.3669302e-06,0.030358832,6.504288173536645,8.136810863675537,5.793013608384144,0.0759552979418121,41436.82,41452.45,41436.82,41447.04,11.70769
2022-04-20 20:58:00,0.0001708815,0.9998286,4.7774057e-07,6.456769655572163,8.915029272359911,6.658011045870748,0.0208557545393327,41427.96,41427.97,41413.38,41416.16,20.47121
2022-04-21 02:58:00,0.98693186,0.012796041,0.00027207914,7.258412150595307,9.016755622903515,6.553933404025811,0.0203439631291999,41634.22,41634.23,41634.22,41634.22,8.53659
2022-04-21 09:11:00,0.99999666,5.7435534e-07,2.7930635e-06,6.222576268071369,8.834045641167798,5.60947179518496,0.0577639368830153,41864.35,41894.37,41864.35,41892.31,31.49958
2022-04-21 20:40:00,0.99828655,8.900999e-06,0.001704514,6.997595982981927,9.26302769425519,7.094234845924755,-0.0378226746586415,40695.89,40772.37,40688.55,40752.25,102.26703
2022-04-22 23:47:00,0.9999802,5.1007777e-07,1.9280038e-05,5.902633333401366,7.788626065625031,5.594711379601839,0.0484871887883669,39754.92,39774.6,39745.92,39774.6,10.28879
2022-04-23 02:32:00,0.99998164,8.415205e-07,1.7510156e-05,6.398594934535208,8.783396232190894,6.335054251498059,-0.0166786528573794,39521.59,39554.97,39521.58,39540.93,12.91168
2022-04-23 02:50:00,0.9531164,0.04591139,0.0009722444,5.891644211825772,8.269500767180615,5.932245187448011,0.0224329595955491,39492.9,39507.5,39492.9,39499.3,6.05889
2022-04-23 11:00:00,0.708996,0.2910003,3.7237437e-06,6.51025834052315,9.162304922937626,6.45833828334479,-0.0479853390164109,39600.28,39620.0,39600.27,39619.99,10.90163
2022-04-23 20:58:00,0.038871963,0.0005705354,0.96055746,7.292337176173877,9.351318965235755,7.107425474110705,0.0373797001282995,39769.66,39777.89,39748.74,39777.89,28.38193
2022-04-24 21:46:00,0.91500986,0.0840013,0.0009888775,6.39024066706535,8.56216655705897,6.563855526532128,-0.0176443578420408,39572.94,39588.85,39572.94,39588.84,11.68847
2022-04-24 22:23:00,0.5431292,0.45233008,0.0045406464,1.9459101490553128,3.332204510175204,3.80666248977032,-0.1867630225905728,39724.72,39724.73,39688.16,39691.47,15.67373
2022-04-25 00:45:00,0.9999387,2.8328714e-06,5.837309e-05,6.317164686747284,8.07215530818825,6.030685260261263,0.0129387416587781,39037.15,39047.31,39019.29,39019.3,32.70791
2022-04-25 02:29:00,0.99999785,1.5418125e-07,2.0404602e-06,7.767687277186908,9.576163344811905,7.666221925662725,0.0614685351803476,38992.19,39009.98,38992.18,38999.76,10.2774
2022-04-25 21:08:00,5.0092765e-08,0.9999999,7.2192634e-08,6.625392368007956,8.973731569708402,6.584791392385716,-0.0303718525770756,40162.45,40169.99,40162.44,40167.76,5.604
2022-04-25 23:03:00,0.002463422,0.9975085,2.8101049e-05,7.160069207596127,8.832441791585824,6.1092475827643655,-0.0140469718978558,40295.97,40324.67,40295.97,40313.87,6.38531
2022-04-26 04:01:00,3.7883296e-05,0.99996126,8.3808516e-07,6.823286122355687,8.476579508530941,5.808142489980444,0.0208912990703051,40557.1,40574.14,40544.29,40574.14,17.62526
2022-04-26 16:57:00,0.056963567,0.94254965,0.0004866923,5.003946305945459,7.615791072035833,5.1298987149230735,0.0229101507678718,38600.46,38704.69,38590.47,38703.69,105.12636
2022-04-26 20:37:00,0.99964758,0.00034959247,2.8189878000000002e-06,12.980338877374912,16.934435033443428,10.554405498878337,0.01467711077724425,38142.75,38171.76,38090.0,38090.01,126.25526
2022-04-26 20:39:00,0.9965988,0.0033422858,5.887636e-05,6.313548046277095,8.175829008714597,5.267858159063328,0.0313963777070427,38118.5,38142.7,38091.23,38140.0,34.55359
2022-04-26 23:38:00,0.6755162,0.32433495,0.00014889905,6.647688373563329,8.184792654165078,6.171700597410915,0.0350510684978346,38133.43,38153.93,38084.88,38153.93,36.23173
2022-04-27 01:31:00,0.9999856,1.0109829e-06,1.3522031e-05,6.429719478039138,8.840869624091395,6.950814768442584,-0.0188226190948359,38212.79,38230.0,38212.79,38225.42,9.23556
2022-04-27 23:36:00,4.4544806e-05,0.9999527,2.797251e-06,6.413458957167357,8.290041618704489,6.102558594613569,-0.0131707565098815,39194.15,39217.67,39190.01,39211.41,4.16357
2022-04-28 04:41:00,0.9999968,3.6785187e-07,2.803712e-06,5.676753802268282,8.645058562414134,5.749392985908253,-0.0371049716968285,39333.85,39333.86,39328.18,39331.57,5.78299
2022-04-28 21:06:00,0.5203696,0.47957715,5.325665e-05,6.698268054115413,8.736971085254146,6.413458957167357,0.0175739786236189,39940.35,39958.49,39940.34,39958.49,7.69293
2022-04-28 22:33:00,0.0016467521,0.9983053,4.800077e-05,6.424869023905388,8.269500767180615,5.918893854273146,0.0017565734529009,39712.82,39722.72,39705.51,39722.72,8.14295
2022-04-29 01:02:00,0.0038102733,0.012101987,0.98408777,5.303304908059076,7.784057002639929,4.5217885770490405,0.0547569855973473,39855.41,39855.41,39831.6,39845.36,17.82188
2022-04-29 04:14:00,0.9996755,0.00029205062,3.2403e-05,6.095824562432225,8.287528423111763,5.831882477283517,0.0259005223137211,39451.49,39451.5,39444.5,39444.5,12.01164
2022-04-29 08:09:00,5.4842436e-05,0.9999441,1.1238437e-06,6.393590753950631,8.499029220788566,5.424950017481403,-0.0809597580330561,39590.95,39595.52,39590.04,39595.52,9.4493
2022-04-29 20:52:00,0.98355836,0.0055465153,0.010895214,6.849066282633458,8.651724084373843,5.932245187448011,0.0004953595396938,38536.97,38544.86,38536.96,38536.97,6.45319
2022-04-29 21:56:00,0.27675244,0.04777566,0.6754719,6.648984550024776,8.421783006611578,6.142037405587356,-0.018680204382812,38515.43,38542.54,38515.42,38533.19,5.92513
2022-04-30 07:43:00,0.9999161,6.075303e-07,8.329653e-05,5.877735781779639,8.147288258706624,5.697093486505405,0.0184100867672424,38657.89,38678.83,38657.88,38667.9,12.77272
2022-04-30 12:00:00,0.99107975,0.00037691745,0.008543389,3.970291913552122,5.811140992976701,3.951243718581428,-0.0361611924710816,38580.0,38587.73,38580.0,38587.72,10.67968
2022-04-30 13:06:00,0.99477506,6.267425e-05,0.005162208,7.085064293952548,8.688959234270676,6.042632833682381,0.0176912134436995,38534.0,38582.17,38526.02,38582.17,56.6784
2022-05-01 06:05:00,0.9999484,2.3825705e-06,4.9187056e-05,6.576469569048224,8.916237731721479,5.971261839790462,-0.0363944108142883,38080.78,38132.33,38080.78,38132.33,53.65623
2022-05-01 06:29:00,0.9999707,2.0928433e-06,2.7183767e-05,7.317876198626496,9.679718805828,7.120444372392488,-0.0121285487365087,38069.03,38069.06,38069.03,38069.05,10.55659
2022-05-01 14:51:00,0.99985623,9.463915e-06,0.00013428218,7.454719949364001,10.163233006294886,7.392647520721623,-0.0030427289016456,38010.68,38010.69,37997.28,38008.25,16.92905
2022-05-01 21:32:00,0.9998913,4.4720284e-07,0.00010828861,6.210600077024653,8.982937763741589,5.552959584921617,-0.0200154253427802,38299.99,38300.0,38290.43,38291.35,4.39029
2022-05-02 01:28:00,0.999846,1.1937265e-05,0.00014208628,6.2422232654551655,8.010027528481734,5.746203190540153,0.0199990107489908,38609.21,38622.16,38605.25,38609.2,21.43295
2022-05-02 02:11:00,0.9998312,2.6823855e-06,0.00016600666,5.3471075307174685,8.459352191726387,5.662960480135946,0.0281875268106494,38472.66,38472.66,38438.92,38469.96,25.59253
2022-05-02 06:09:00,1.4047374e-05,2.4397052e-05,0.9999615,6.584791392385716,8.209308411646937,6.161207321695077,-0.0387754662001142,39080.25,39080.26,39046.89,39046.9,32.48448
2022-05-02 20:05:00,0.9999875,7.751871e-06,4.806398e-06,7.774015077250727,10.321770164354907,8.103796712981794,-0.0234140045646102,38504.62,38507.69,38496.15,38496.15,20.4047
2022-05-02 20:35:00,0.0007573809,3.355502e-05,0.9992091,7.240649694255466,8.766082459148864,6.601230118728877,0.0477806636484902,38432.42,38432.42,38420.72,38422.61,4.36799
2022-05-02 22:54:00,6.499906e-08,0.9999999,9.641532e-09,5.976350909297934,8.5956346177228,6.484635235635252,-0.1061716330128373,38611.68,38615.55,38604.07,38604.08,13.25134
2022-05-03 21:25:00,0.999824,3.4804482e-06,0.00017259795,7.825644732219989,9.752315764734387,7.372746366404328,0.0134389184739187,37859.07,37892.65,37859.07,37872.63,57.09059
2022-05-03 21:40:00,0.4414821,0.5562002,0.002317746,4.174387269895637,5.680172609017068,3.258096538021482,0.0954685064268385,37742.66,37800.26,37740.0,37784.0,10.12874
2022-05-03 22:08:00,0.99946636,7.393853e-07,0.0005329234,6.2878585601617845,7.85243908535751,5.19295685089021,-0.0165036113126482,37789.17,37807.84,37789.16,37797.9,10.79092
2022-05-04 04:06:00,0.9994722,0.0005269787,8.487231e-07,6.1092475827643655,8.185907481482324,6.148468295917647,-0.0090261601233729,38043.9,38043.91,38037.53,38037.53,3.8175
2022-05-04 07:30:00,0.9998266,2.2346898e-05,0.00015108811,6.393590753950631,8.300280189852664,5.111987788356544,-0.002947227755812,38433.45,38478.02,38433.44,38458.31,47.28156
2022-05-04 21:43:00,6.597705e-05,2.1752317e-05,0.99991226,6.566672429803241,8.277666160851503,5.877735781779639,-0.0205048690820402,39798.08,39806.77,39781.05,39781.05,19.07197
2022-05-05 20:25:00,0.36871585,0.00024458574,0.63103956,6.5998704992128365,8.829519094780778,6.453624998892692,0.0460602409362426,36233.16,36233.16,36192.4,36227.71,63.57199
2022-05-06 00:33:00,0.99993896,4.406712e-05,1.6939399e-05,7.309212365692763,9.173261363734762,6.706862336602747,0.0185875889177095,36424.3,36436.56,36420.0,36436.55,9.5102
2022-05-06 05:54:00,0.89974165,0.045954842,0.054303564,5.351858133476067,8.056426767522984,5.645446897643238,-0.1231477702676437,36464.04,36473.88,36463.6,36466.74,39.35792
2022-05-06 05:55:00,0.27042055,0.69522595,0.034353532,6.46302945692067,8.48714627006394,6.408528791059498,-0.0281966470123609,36466.74,36472.22,36466.74,36470.41,7.3442
2022-05-06 20:46:00,0.8009535,0.0031773916,0.19586903,6.816735880594968,9.188708071849067,6.982862751468942,-0.0112721026121951,35991.94,36036.76,35991.94,36028.14,28.96879
2022-05-06 23:09:00,0.19388613,5.2127696e-05,0.80606174,6.70808408385307,8.502688505213357,5.940171252720432,-0.0402130889633042,36015.26,36050.0,36015.25,36049.99,9.89181
2022-05-07 04:54:00,0.9887205,0.0045133764,0.006766089,4.143134726391533,7.967626739333816,4.77912349311153,-0.0399073424974931,35819.06,35831.43,35819.05,35831.42,4.16405
2022-05-08 02:48:00,0.9999169,7.2669776e-05,1.0343366e-05,6.09807428216624,7.992944547318106,5.817111159963204,-0.0122177852819092,34567.7,34585.81,34524.35,34525.41,50.77314
2022-05-09 01:55:00,0.00042235182,0.9983463,0.0012312762,5.855071922202427,8.076204527239026,6.403574197934815,0.0138793357650314,34063.48,34078.5,34050.78,34055.24,23.44797
2022-05-10 03:13:00,0.9999949,6.805241e-07,4.3853565e-06,7.226209010100671,9.628984915196462,6.666956792429207,-0.0157559935520758,30981.37,31004.92,30950.0,30960.51,174.45137
2022-05-10 13:49:00,0.99999547,3.1326047e-06,1.4490412e-06,6.568077911411976,8.299783171949787,6.018593214496234,-0.0314359639709147,31584.81,31614.22,31567.78,31608.17,92.74075
2022-05-10 14:03:00,0.615543,0.0014853809,0.3829716,7.353722330399631,9.01127949117793,3.6375861597263857,-0.030873043555621,31801.16,31889.2,31793.39,31878.61,68.54492
2022-05-11 00:27:00,0.10015891,0.89973074,0.00011034775,7.425953657077541,9.148464968258097,6.393590753950631,0.017612217330777,31240.01,31285.77,31231.68,31273.89,153.85593
2022-05-11 05:27:00,0.99984133,2.8854954e-06,0.00015579953,5.488937726156687,7.976595409316577,5.802118375377063,-0.0186073444118885,31648.48,31717.87,31635.83,31695.09,111.33981
2022-05-11 20:55:00,0.9995209,0.00034233212,0.00013682665,8.305236829492593,10.265279382854322,7.504391559161238,0.0356119462088881,28555.0,28789.97,28500.0,28510.41,612.293247
2022-05-12 00:05:00,0.99998105,6.841252e-06,1.2179229e-05,7.724888439323074,9.788357245282496,6.591673732008658,0.0191648071643102,29149.18,29155.67,29110.0,29132.47,52.16113
2022-05-12 01:32:00,0.904006,0.09595743,3.648479e-05,6.113682179832232,8.051340933292979,5.247024072160486,0.039624905120432,29580.52,29608.06,29566.3,29584.54,49.8123
2022-05-12 03:49:00,0.10622652,3.7028024e-06,0.8937698,5.313205979041787,7.805474625270857,5.075173815233827,-0.0739966861021359,28763.84,28800.0,28746.13,28770.95,120.59744
2022-05-12 19:44:00,1.9272006e-06,0.999998,1.1238287e-07,7.764296006450518,9.701554950093058,7.1785454837637,0.0163622348761291,28465.53,28590.0,28440.97,28582.11,46.53941
2022-05-12 23:42:00,2.6437028e-09,1.0,1.3958233e-08,5.616771097666572,7.597396320212795,4.983606621708336,0.0152394538910645,29147.61,29232.45,29141.98,29221.9,46.73817
2022-05-13 06:20:00,1.5217692e-05,0.999979,5.751979e-06,6.493753839851686,8.24800570160062,5.749392985908253,0.0202073321402493,30531.03,30538.53,30498.16,30519.19,29.89733
2022-05-13 08:31:00,0.9992861,9.506919e-06,0.00070440734,5.017279836814924,7.60887062919126,5.455321115357702,-0.0516807400529436,30280.2,30280.21,30235.76,30247.61,80.04576
2022-05-13 10:28:00,0.9959896,2.6314467e-05,0.0039839754,7.080026499922591,8.801469470733185,6.249975242259483,0.0176192771228643,30263.43,30263.44,30182.0,30182.01,47.79333
2022-05-14 00:43:00,0.99985516,7.070951e-05,7.416458e-05,7.023758954738443,8.498418036089904,5.730099782973574,0.0616507351844117,29549.67,29558.53,29521.41,29528.74,22.50619
2022-05-15 02:20:00,0.99998176,1.6111404e-05,2.157823e-06,6.12029741895095,7.984121958702927,5.365976015021851,0.0286857330220679,29838.85,29866.47,29837.33,29866.47,11.78988
2022-05-15 06:28:00,0.99997735,2.592896e-07,2.2466842e-05,6.583409222158765,8.48879371689454,5.968707559985366,0.0217642545826424,29846.24,29846.24,29822.17,29825.81,7.58755
2022-05-15 23:12:00,0.9993524,0.00028740737,0.00036011165,5.752572638825633,8.289037098278483,5.5053315359323625,-0.020402470523961,31076.92,31081.53,31055.29,31073.0,13.05859
2022-05-16 01:14:00,5.7732348e-05,3.0040958e-06,0.9999392,5.5093883366279774,7.947325027016463,5.564520407322694,-0.0256782866091393,30934.62,31005.99,30934.61,31005.99,27.18622
2022-05-16 06:45:00,0.0008943215,0.9991055,1.241445e-07,6.651571873589727,8.494743062578646,5.955837369464831,0.0867629787875412,29654.36,29665.95,29591.95,29609.21,83.7248
2022-05-16 20:47:00,0.99987507,1.440319e-05,0.00011046264,7.846980982138788,9.727108305197802,7.245655067594535,-0.0208362954337558,29789.35,29837.56,29788.58,29831.74,87.12937
2022-05-17 00:28:00,1.0610883e-06,0.99999857,3.480118e-07,6.416732282512326,8.046549357283078,5.726847747587197,0.0368563116515092,29990.0,30016.04,29990.0,30011.19,9.51084
2022-05-17 02:13:00,0.9999715,1.4288482e-06,2.711497e-05,4.430816798843313,6.156978985585555,3.258096538021482,0.1921020033166096,30091.06,30140.89,30085.08,30128.43,60.57178
2022-05-17 04:11:00,0.00023735277,0.99976104,1.5011409e-06,5.805134968916488,8.011686729127847,5.198497031265826,-0.0007285000053773,30293.76,30307.51,30292.06,30292.07,14.8402
2022-05-17 17:27:00,0.9560275,0.00020287353,0.043769594,5.564520407322694,8.432724034789787,7.274479558773871,-0.0763853058233825,30200.74,30214.52,30187.23,30214.51,40.61069
2022-05-17 20:20:00,0.9967379,0.003245925,1.6208047e-05,6.840546529288687,9.008713664124222,6.423246963533519,-0.0214667604829822,30132.6,30132.61,30124.96,30124.96,5.3221
2022-05-18 00:30:00,0.9791727,0.0027870617,0.018040193,6.530877627725885,8.22040309993373,6.0330862217988015,0.0207782169318564,30638.51,30648.14,30626.37,30630.26,23.32467
2022-05-18 03:06:00,0.99999225,1.1972642e-06,6.5618838e-06,6.180016653652572,7.888709524182015,5.472270673671475,0.0400466738923735,30160.7,30160.7,30153.26,30153.26,7.09226
2022-05-18 07:07:00,0.07701296,0.92294383,4.3244712e-05,6.246106765481563,8.099857910737585,5.53338948872752,0.0308798562751601,29838.58,29840.43,29799.44,29818.32,77.1909
2022-05-18 19:59:00,0.9999782,2.7260165e-07,2.1534994e-05,6.727431724850855,9.087494541977335,6.6039438246004725,-0.0200433782909555,29343.91,29344.23,29276.54,29276.55,59.72336
2022-05-19 07:21:00,0.998857,3.7823782e-05,0.0011051256,6.647688373563329,8.660600654710967,5.950642552587727,0.0193164024061286,29246.35,29258.98,29237.0,29237.01,29.29595
2022-05-19 14:40:00,0.99997103,2.763413e-06,2.6280015e-05,5.948034989180646,8.938137870372788,7.29505641646263,-0.0184603907244223,29785.56,29785.57,29749.25,29757.65,41.66365
2022-05-19 20:33:00,0.9999106,1.2205968e-06,8.8203844e-05,7.45182223652793,9.563880407219427,6.870053411798126,0.0208449491284424,30037.0,30043.63,30024.95,30043.62,82.01103
2022-05-19 20:40:00,0.14000246,0.85905355,0.00094396225,3.4011973816621555,5.308267697401205,3.044522437723423,0.1545189415658661,30121.87,30121.88,30104.84,30104.85,17.00654
2022-05-20 00:37:00,0.2885727,0.7082965,0.0031307808,6.495265555937008,8.15708378502887,5.493061443340548,0.0443578320433819,30223.03,30229.93,30219.0,30219.0,15.6038
2022-05-20 19:50:00,1.962917e-06,0.99999523,2.915378e-06,7.095893221097532,8.931948346431495,6.369900982828227,0.0360205660045964,29226.55,29321.12,29226.54,29320.64,136.72302
2022-05-20 21:42:00,0.96734214,5.9546786e-05,0.03259843,6.263398262591624,8.17413934342947,5.902633333401366,-0.0148929986561327,29222.91,29223.97,29216.2,29216.2,9.71314
2022-05-21 03:18:00,0.9908393,0.0018532855,0.007307398,6.777646593635117,8.313116702819253,5.752572638825633,0.0818736897929072,29158.25,29174.2,29158.25,29174.2,6.78199
2022-05-21 16:47:00,0.99886394,2.6636279e-05,0.001109361,5.3612921657094255,8.67846133901236,6.843749949006225,0.0483605728418968,29528.93,29543.0,29528.92,29543.0,8.98966
2022-05-22 20:14:00,0.99993,1.8612782e-05,5.13239e-05,8.028129059431759,9.672815734801128,6.687108607866515,-0.018049801867497,29956.46,29973.06,29956.45,29971.12,24.19525
2022-05-22 21:33:00,0.99998677,9.610973e-07,1.2332317e-05,5.429345628954441,8.439447842791385,5.958424693029782,0.0221101328347905,30011.46,30011.47,30006.49,30008.44,1.64334
2022-05-23 03:56:00,0.033292986,0.96663415,7.278175e-05,6.104793232414985,7.996653875462607,5.673323267171493,0.0208690741335594,30160.01,30160.56,30158.49,30160.55,1.81934
2022-05-23 20:47:00,0.99467635,1.8414265e-05,0.005305236,6.597145701886651,8.769973211858753,6.289715570908998,0.0183675051330405,29396.61,29441.87,29380.0,29432.27,55.81485
2022-05-24 09:46:00,0.9999914,6.831595e-06,1.755677e-06,6.198478716492308,7.992944547318106,5.288267030694535,0.0624398367215001,29288.84,29288.84,29287.03,29287.03,12.82012
2022-05-24 20:42:00,0.9999777,1.2483684e-06,2.1140262e-05,6.967909201801884,9.013108202446476,6.395261598115449,0.0718274593505893,29376.73,29381.1,29376.73,29381.1,4.46943
2022-05-24 23:17:00,0.18258937,0.80811465,0.009296004,7.311886164077165,9.115150184972434,6.467698726104354,-0.024075399679161,29799.99,29819.14,29790.02,29790.03,74.45625
2022-05-25 01:04:00,0.999977,1.07948985e-07,2.2879343e-05,6.54534966033442,8.170468578330674,5.902633333401366,-0.0316553816048395,29608.55,29613.45,29608.55,29613.44,5.56662
2022-05-25 20:37:00,0.0010113808,0.99896705,2.1592188e-05,7.283448228756631,9.37695589894852,6.949856455000773,0.0239455846706414,29720.09,29722.21,29711.64,29714.91,27.24805
2022-05-26 02:11:00,0.597587,0.0011750095,0.40123805,6.642486801367256,8.355850041007475,5.937536205082426,0.0175279971390624,29750.05,29753.45,29729.2,29729.2,19.03245
2022-05-27 07:56:00,0.99997556,1.4164791e-06,2.2977794e-05,6.1092475827643655,8.388450315523512,5.337538079701318,0.0092532228182019,29041.45,29043.73,29032.61,29032.61,23.79029
2022-05-27 21:46:00,0.9999963,1.0042207e-07,3.5955343e-06,4.867534450455582,6.139884552226255,3.871201010907891,0.06317735389495,28790.24,28803.09,28790.17,28803.09,5.80027
2022-05-28 00:10:00,0.9999982,1.6479462e-06,1.16328664e-07,7.221835825288449,8.757626411267408,6.194405391104672,0.0363693064715598,28655.2,28688.88,28655.2,28688.88,21.31917
2022-05-28 09:19:00,0.1968136,0.112511635,0.6906747,7.518064181233078,9.237177025929745,6.81783057145415,-0.0131041767405422,28875.3,28875.31,28867.81,28867.82,5.88985
2022-05-28 20:42:00,0.9999964,6.126268e-08,3.4658308e-06,7.037905963447182,9.1958356857733,6.792344427470809,0.0299254577780482,29013.69,29013.71,29013.69,29013.7,5.05386
2022-05-29 22:08:00,0.7503325,0.00014173357,0.24952579,6.98933526597456,8.940498217652733,6.738152494595957,-0.0050925340661922,29188.97,29189.99,29188.96,29189.98,1.34813
2022-05-30 01:53:00,0.9994716,4.6763694e-06,0.0005238152,6.821107472256465,8.292047637431354,5.929589143389895,0.0001731811951799,29671.07,29709.11,29665.94,29703.4,69.18889
2022-05-31 20:50:00,0.9986327,2.2403096e-06,0.0013649847,7.254884810077338,9.397732385583245,7.122866658599083,-0.0107842255032015,31704.75,31729.94,31704.75,31720.41,12.79149
2022-06-01 01:42:00,1.542638e-06,0.99999094,7.4827417e-06,6.766191714660351,8.558527054909215,5.84354441703136,-0.0282601406097412,31885.79,31885.79,31856.3,31856.3,10.61753
2022-06-01 07:34:00,0.9999912,7.175149e-06,1.7246637e-06,6.210600077024653,8.137103389639302,5.823045895483019,0.0251291304547663,31566.02,31572.57,31566.0,31572.49,19.75489
2022-06-01 19:40:00,0.9922084,3.943517e-06,0.00778768,6.714170529909472,8.919854372191667,6.638567789166521,-0.0194815011739431,30219.28,30232.39,30205.37,30222.92,60.41063
2022-06-02 01:54:00,0.99976426,0.000101876445,0.00013388509,6.543911845564792,8.684401110400144,6.684611727667927,0.0318503087632585,29874.73,29874.74,29855.79,29855.8,13.30214
2022-06-02 05:07:00,5.3884858e-05,0.99994457,1.5589825e-06,5.963579343618446,7.037027614686276,4.820281565605037,0.0686750093766385,29755.56,29769.37,29740.93,29749.49,93.15176
2022-06-02 06:54:00,0.99960047,1.6210708e-05,0.00038329928,6.669498089857879,8.039157390473237,5.5093883366279774,0.026726104077488,29930.13,29951.73,29930.12,29930.13,44.27537
2022-06-02 07:20:00,0.9999502,1.9624467e-06,4.7966325e-05,5.932245187448011,8.814330422638774,7.232010331664759,-0.0113996025439526,29914.48,29921.9,29914.47,29915.95,9.89984
2022-06-02 09:47:00,0.99936527,0.0005638062,7.082776e-05,6.559615237493242,8.17948018535889,5.66988092298052,-0.0078011875266626,29934.41,29944.36,29934.39,29944.36,13.64645
2022-06-02 21:22:00,0.9953158,0.0010433435,0.0036409479,7.298445101508147,9.254548626640505,7.007600613951853,-0.0169386379408095,30291.24,30294.49,30291.23,30294.46,9.59283
2022-06-03 21:18:00,5.21268e-07,0.9999994,7.3333936e-08,6.785587645007929,9.018332049592685,6.914730892718563,0.0328496450518962,29721.97,29727.76,29721.96,29727.75,4.36968
2022-06-03 23:01:00,0.99999416,1.5096023e-07,5.768376e-06,5.659482215759621,8.215006432761575,6.113682179832232,-0.0599119500485449,29723.21,29727.82,29717.68,29727.82,5.85395
2022-06-05 00:44:00,0.0027996325,0.0006788576,0.9965215,6.340359303727752,8.232971790593437,6.021023349349527,-0.0145612589343152,29803.01,29803.01,29792.7,29793.5,13.71376
2022-06-05 21:43:00,0.9993999,7.434544e-06,0.0005926612,6.811244378601294,8.99342737041261,6.476972362889683,-0.0360602369740162,29889.49,29996.75,29886.95,29974.83,73.9531
2022-06-06 21:20:00,0.0026938056,1.3115689e-06,0.9973049,7.099201743553092,9.144307401371744,6.720220155135295,0.050058934352216,31540.93,31543.1,31530.92,31543.09,46.07091
2022-06-07 20:33:00,0.9999378,2.9616509e-05,3.264148e-05,4.394449154672439,5.7430031878094825,5.010635294096256,-0.0527997770821254,31324.95,31343.81,31280.53,31300.39,126.13056
2022-06-07 21:40:00,6.744525e-08,0.9999999,2.0749986e-09,6.340359303727752,8.10832229017324,5.41164605185504,0.0314139363863167,31396.22,31398.79,31388.98,31394.74,14.42427
2022-06-07 23:05:00,8.154189e-06,0.9999918,9.838522e-08,6.8679744089702925,8.542470998600505,5.828945617610208,0.0290737038572147,31075.49,31135.51,31018.34,31121.38,208.024
2022-06-08 00:08:00,0.95588034,5.6169403e-05,0.044063505,6.040254711277414,8.587278798982926,5.966146739123692,-0.0061968551828755,31061.74,31109.66,31061.74,31088.13,73.8829
2022-06-08 03:30:00,0.99999607,3.5164658e-06,4.7207413e-07,7.292337176173877,9.028818495352793,6.398594934535208,0.0226805571438891,30246.72,30246.72,30155.0,30200.09,208.47721
2022-06-08 09:40:00,0.98757905,1.6028878e-05,0.01240489,7.826044013518965,9.464051924856811,6.932447891572509,-0.0301568447747945,30490.91,30512.33,30486.15,30491.53,17.26143
2022-06-08 20:36:00,0.020857818,0.006033709,0.97310853,6.88653164253051,9.117786390365575,6.70196036600254,-0.0154629642176228,30183.98,30191.05,30172.46,30172.57,19.89844
2022-06-09 00:09:00,0.002347949,0.9972652,0.00038681924,6.26530121273771,8.518392471991719,5.54907608489522,0.016617606671227,30148.86,30166.66,30117.35,30131.42,41.74122
2022-06-09 00:10:00,0.029397352,0.97058,2.263547e-05,9.825309771472105,12.910397126680245,7.824046010856292,0.0590915489671293,30131.42,30180.95,30131.02,30168.98,105.19576
2022-06-09 01:49:00,9.872758e-08,0.9999999,3.375337e-08,5.877735781779639,7.597897950521784,5.356586274672012,0.0156002911884422,30182.6,30185.17,30156.29,30171.98,38.61403
2022-06-09 03:29:00,2.4874033e-08,1.0,3.4351921e-09,7.390181428226429,8.951180966457603,6.300785794663244,0.0239547554321837,30259.78,30265.59,30259.77,30260.28,17.12921
2022-06-09 22:06:00,0.99996984,7.4789455e-06,2.2635455e-05,5.869296913133774,8.01532730902172,5.2832037287379885,-0.0085048166364526,30152.7,30154.17,30147.3,30147.31,8.97413
2022-06-09 22:14:00,0.99697876,1.2284145e-05,0.003009052,4.6443908991413725,7.640603826393634,4.859812404361672,0.0320386566943352,30113.11,30113.11,30096.58,30096.59,52.15253
2022-06-10 21:05:00,0.9653369,0.00043422246,0.03422889,7.252762418053187,9.393744675721376,6.825460036255307,-0.0336752979665071,29209.94,29209.94,29174.91,29177.62,17.32986
2022-06-11 03:10:00,0.8046969,0.18987992,0.005423125,6.687108607866515,8.47261414801827,5.877735781779639,-0.0269844816098503,29302.43,29309.71,29302.43,29307.51,12.67126
2022-06-11 07:07:00,0.9999893,1.054511e-06,9.609518e-06,6.137727054086234,8.40200678160712,6.135564891081739,-0.0929405741620437,29323.2,29323.21,29321.74,29323.2,12.41924
2022-06-11 21:10:00,0.9994413,6.5132917e-06,0.00055211026,7.779466967458324,9.8022297204619,7.740229524763182,-0.0288093864479737,28486.76,28493.88,28486.76,28487.06,5.6018
2022-06-12 20:40:00,0.9999471,1.738889e-05,3.5481655e-05,7.77779262633883,9.660715108832957,7.325807502595773,-0.0538379438327412,27448.67,27448.67,27400.06,27404.45,32.03143
2022-06-13 08:39:00,2.748042e-08,0.9999999,1.0997652e-07,6.478509642208569,8.426173793029069,6.054439346269371,0.0197035276324377,24570.57,24631.5,24500.0,24614.79,727.08765
2022-06-13 20:00:00,0.99997044,1.4987843e-06,2.8029926e-05,8.451053388911692,10.56424066528507,8.449770515098804,-0.0143431554018402,23215.97,23305.0,23191.48,23304.99,102.05534
2022-06-14 02:04:00,0.9759962,0.004636333,0.019367473,5.631211781821365,8.155936337972394,5.572154032177765,-0.0496590643453586,20945.86,20966.49,20905.21,20925.62,218.01182
2022-06-14 07:25:00,0.00021945182,0.9997764,4.193333e-06,5.924255797414532,8.125039097367745,5.808142489980444,0.0118290329402474,22423.9,22456.38,22403.7,22403.71,55.73059
2022-06-14 21:01:00,0.99511397,0.0005852571,0.0043006777,7.632885505395133,9.700085352130934,6.937314081223682,-0.0325156711829844,22078.71,22085.64,22045.76,22060.41,35.16069
2022-06-15 00:24:00,0.9981395,0.0018570385,3.4631548e-06,7.049254841255837,9.069813136839208,6.761572768804055,0.0168478619881208,22025.35,22035.44,22006.2,22006.94,17.30609
2022-06-15 03:57:00,0.99999285,3.439426e-07,6.777019e-06,6.280395838960195,8.064950891749143,6.236369590203704,-0.0265282919640079,21578.15,21583.47,21503.82,21513.26,191.18809
2022-06-15 23:57:00,0.9913987,0.008403791,0.00019743975,7.720461694599722,9.30008966411979,6.910750787961936,-0.0018099618504617,22591.59,22591.59,22559.53,22570.43,23.95592
2022-06-16 20:12:00,0.9999267,4.6755144e-06,6.869518e-05,7.492760300922379,9.7611172112444,7.558516743045645,0.0092439087070242,21005.64,21022.27,20994.13,21009.49,21.04435
2022-06-17 01:25:00,0.99990296,3.398342e-06,9.362309e-05,7.767687277186908,9.175955945114351,6.450470422144176,-0.0266734357113531,20483.97,20511.72,20456.75,20485.05,48.6802
2022-06-18 02:08:00,0.14253959,0.8523547,0.00510577,7.280008252884188,9.052399183907609,7.0707241072602764,-0.0493186638259659,20412.75,20414.14,20400.0,20413.93,15.18236
2022-06-18 06:04:00,0.96735317,0.030687597,0.0019592592,3.1780538303479458,4.584967478670572,1.6094379124341005,0.0,20418.19,20431.31,20414.3,20431.31,25.95776
2022-06-18 06:45:00,0.998642,1.653807e-05,0.0013413895,7.21890970761906,8.889170455363413,6.400257445308821,-0.0098404535298862,20400.01,20400.01,20393.83,20396.62,14.28272
2022-06-18 08:08:00,0.9554424,0.042563196,0.0019943584,6.091309882077698,7.987524479848767,6.144185634125646,-0.0359935176364224,19168.63,19206.73,19165.69,19174.0,133.63196
2022-06-18 15:30:00,0.99990726,2.8837641e-05,6.3925734e-05,5.961005339623274,9.133675287040695,7.358830898342354,-0.0621519945626571,19096.81,19117.81,19096.81,19105.86,142.18218
2022-06-18 16:05:00,0.9999552,7.488267e-07,4.4160643e-05,6.46302945692067,8.997147151515142,7.587310506022615,-0.0286273904489219,18968.92,18968.92,18931.25,18950.73,72.58936
2022-06-18 21:47:00,0.914879,0.018127307,0.06699368,4.948759890378168,8.412277021466677,6.084499413075172,0.0237412458835736,18700.0,18750.0,18654.56,18668.29,121.53851
2022-06-19 01:31:00,0.9999473,1.6374097e-05,3.6386984e-05,6.354370040797351,8.339261982923576,6.077642243349034,0.0314367627918513,18825.09,18830.82,18749.87,18770.35,141.47279
2022-06-21 03:38:00,0.9999151,1.4650706e-06,8.346352e-05,5.6937321388027,8.435766192720509,6.1224928095143865,-0.0215192378934265,20440.02,20453.61,20433.63,20451.43,30.26186
2022-06-21 20:26:00,0.9902536,0.0008904729,0.008855893,6.915723448631314,9.202207388745991,6.807934943699926,0.0110783851284211,20852.32,20859.19,20805.37,20822.59,60.3289
2022-06-22 03:38:00,0.00014527181,0.99982125,3.3511187e-05,7.325148957955575,9.073259831427816,6.492239835020471,-0.0151545516775911,20463.46,20468.79,20450.0,20450.71,16.10679
2022-06-22 20:00:00,0.9997111,4.2958138e-05,0.00024599984,7.495541943884256,9.554568170613155,7.352441100243583,-0.0227501143727504,20117.34,20149.96,20107.98,20147.56,81.90337
2022-06-22 22:12:00,0.04968038,0.95026135,5.8273963e-05,4.852030263919617,6.3835066348840055,4.709530201312334,0.0237404672722366,20041.9,20054.35,20041.88,20045.59,31.07558
2022-06-22 22:35:00,0.99964094,1.2919527e-05,0.00034615607,7.353081920515432,8.932740634865914,6.70073110954781,0.0344280829850359,20022.98,20044.96,20019.99,20039.04,38.14576
2022-06-22 22:48:00,0.99741614,2.0805894e-05,0.002563095,5.840641657373398,8.405591014834934,6.51471269087253,0.0178986659358925,20031.44,20045.63,20030.75,20042.16,15.91206
2022-06-23 20:42:00,0.99999535,7.8925005e-08,4.5359534e-06,7.049254841255837,9.291920358968603,7.145196134997171,-0.023324696032271,20876.47,20883.97,20866.57,20866.57,24.10469
2022-06-24 03:23:00,2.4836586e-06,0.99999726,2.641511e-07,6.22455842927536,8.412721169819527,5.940171252720432,-0.0199768618792537,21207.95,21208.79,21196.9,21199.88,37.58326
2022-06-24 04:40:00,0.9979479,0.0017642784,0.0002879328,5.7899601708972535,7.784889295655098,5.3706380281276624,0.0321823073720358,21012.91,21029.45,21012.9,21027.43,21.18491
2022-06-24 05:08:00,0.99994135,5.314179e-05,5.4325924e-06,7.409136443920128,9.06900719585954,6.546785410760524,0.0188234421099174,21048.0,21051.25,21027.77,21048.74,39.2091
2022-06-25 20:35:00,0.99990535,3.7412934e-05,5.719227e-05,7.273786317844895,9.205126804923296,6.577861357721047,0.0127961609270994,21196.33,21196.33,21186.7,21189.18,25.14823
2022-06-26 02:07:00,0.98693454,0.0008920713,0.012173424,5.6240175061873385,8.001689978099135,6.466144724237619,-0.0165674770360976,21408.63,21408.64,21402.52,21406.9,5.05267
2022-06-26 20:25:00,0.006617744,0.9933814,7.9767995e-07,7.796880342783522,9.985205778820983,7.633369649679584,0.0332796949086629,21260.26,21261.31,21253.67,21256.03,11.07762
2022-06-27 05:51:00,0.9999299,4.342615e-06,6.585407e-05,4.976733742420574,8.631949428714426,5.945420608606575,0.0130600960959997,21193.84,21193.84,21181.7,21185.89,19.28492
2022-06-27 20:02:00,0.9992605,9.180692e-07,0.0007385052,7.367708572374371,9.766062876624456,7.415175109613295,0.0067871697171728,20884.01,20917.54,20878.98,20906.1,49.24687
2022-06-27 22:40:00,0.9968148,0.00019898711,0.0029861978,5.525452939131784,8.130353547431238,5.849324779946859,-0.0230733822537055,20837.32,20839.8,20824.65,20832.09,35.04292
2022-06-27 23:38:00,0.99244213,0.0075514517,6.3742714e-06,7.447751280047908,8.950532836290382,6.413458957167357,0.0202044381335732,20750.69,20754.37,20731.34,20749.12,74.86306
2022-06-28 07:48:00,0.9999192,3.3841052e-06,7.742746e-05,6.504288173536645,8.552367266423891,6.278521424165844,0.0083764329564946,20876.01,20876.01,20849.02,20852.65,67.80062
2022-06-28 19:34:00,4.086441e-07,0.9999994,2.4145186e-07,6.2324480165505225,8.502688505213357,7.046647277848756,0.0248738488737238,20324.97,20343.28,20324.96,20327.91,52.12057
2022-06-29 20:08:00,0.9999994,3.8005638e-07,2.9164843e-07,8.75573753930647,10.518700218288163,8.309922989258318,0.0071400772913336,20371.44,20398.62,20351.82,20395.65,89.8716
2022-06-30 20:02:00,0.99970454,9.1247574e-07,0.00029450105,7.466799475018602,9.837775009170748,7.653494909661253,0.0178910688459938,18932.11,18932.12,18895.8,18900.78,51.875
2022-07-01 00:04:00,0.99965096,6.0427883e-05,0.00028868066,7.131698510466912,8.696510239189893,6.777646593635117,0.0093033076788789,19749.2,19749.95,19671.54,19720.27,244.0015
2022-07-01 20:32:00,0.989239,0.0020709606,0.008690169,7.186144304522325,9.440499258184298,7.265429723253953,-0.023043280261809,19585.08,19585.08,19557.6,19558.21,46.55101
2022-07-02 00:33:00,0.0069486015,0.9930501,1.2960993e-06,6.504288173536645,8.446556111816797,6.489204931325317,-0.0020570879118411,19288.32,19288.33,19265.56,19270.67,24.47506
2022-07-02 02:48:00,8.686555e-07,1.9566394e-05,0.9999796,5.3612921657094255,7.931284761525891,6.18826412308259,-0.0286543211825294,19157.17,19169.79,19156.92,19167.87,34.12114
2022-07-02 21:02:00,0.9986045,1.2901234e-05,0.0013826782,7.127693699347399,9.46660917372222,7.108244139731541,-0.0213483104496156,19260.54,19276.02,19260.53,19267.22,28.22042
2022-07-03 01:11:00,0.9996537,8.3178245e-05,0.00026309598,7.094234845924755,8.823647949191303,6.597145701886651,0.0922451026653091,19236.59,19236.59,19231.2,19232.21,5.95096
2022-07-03 21:00:00,0.99931896,7.8093195e-05,0.0006029613,6.882437470997847,9.246575864558276,7.297091005160418,0.0238731669793477,19445.44,19445.74,19440.95,19440.95,29.84701
2022-07-04 20:53:00,0.9998833,5.8474543e-05,5.8182337e-05,7.909122183211411,9.86068443021082,7.368339686311381,0.005310519394092,19811.7,19811.7,19797.25,19797.68,18.20587
2022-07-05 21:33:00,0.9991191,2.2973447e-05,0.0008578658,7.00397413672268,9.178540059426386,7.00669522683704,-0.0291772789594796,20230.0,20233.59,20225.18,20228.24,11.02105
2022-07-06 20:00:00,0.79113,0.20433757,0.004532375,7.436027816351848,9.582386570538905,7.647786045440933,0.0081942584361586,20328.55,20331.91,20316.39,20322.11,24.42566
2022-07-07 02:28:00,6.7986003e-09,1.0,6.2266206e-09,6.385194398997726,8.106212902619962,5.541263545158426,0.0985558017929725,20414.56,20438.49,20414.56,20434.15,37.75181
2022-07-07 03:14:00,0.96735317,0.030687597,0.0019592592,0.0,0.6931471805599453,1.0986122886681098,0.0,20423.26,20437.36,20423.26,20430.37,39.12906
2022-07-07 03:28:00,5.076008e-05,0.99994445,4.7853855e-06,6.429719478039138,8.005367067316664,5.627621113690637,0.0209304925744743,20404.42,20405.74,20401.18,20405.73,25.56789
2022-07-07 10:12:00,0.99998033,3.4584025e-06,1.6184176e-05,6.133398042996649,8.188411308079031,6.489204931325317,0.0378063547509749,20543.92,20543.92,20538.94,20538.95,12.02167
2022-07-09 02:31:00,0.94631165,0.05279776,0.000890588,6.679599185844383,8.255308811785596,5.8664680569332965,0.0344704421264475,21586.86,21592.64,21577.49,21590.9,236.3896
2022-07-09 04:12:00,0.9991456,0.00085316255,1.2468671e-06,7.541152455136308,9.470548467427207,6.692083742506628,-0.0003930829312621,21609.69,21610.58,21590.77,21594.07,89.95967
2022-07-10 20:07:00,0.9993036,0.00030620504,0.00039021578,6.863803391452954,9.110741006753427,6.754604099487962,0.0853364749291499,20843.26,20862.84,20841.56,20857.15,75.67261
2022-07-11 02:42:00,0.9999975,8.930389e-08,2.3305222e-06,6.9782137426306985,9.227689010310796,7.05617528410041,0.0206141057521101,20578.45,20588.11,20569.13,20574.29,48.92629
2022-07-11 20:03:00,7.7395106e-07,0.99999917,1.567094e-07,7.529406457837013,9.7672095342435,7.698482787880946,-0.0248366308841802,20531.71,20536.0,20525.42,20531.34,54.8169
2022-07-12 20:00:00,0.9916665,0.0026579148,0.005675528,6.877296071497429,9.165343006045449,7.005789019253503,0.0464173576579567,19398.74,19439.6,19380.63,19419.9,164.63367
2022-07-14 04:19:00,0.9991604,0.0008158188,2.3851622e-05,6.887552571664617,8.596004371840527,6.152732694704104,0.035069397218001,20218.86,20220.36,20132.92,20153.32,484.36001
2022-07-14 20:59:00,0.9990482,3.3791992e-05,0.00091794465,6.900730664045173,9.050288983827956,7.21890970761906,-0.0231877070123022,20682.82,20705.06,20665.73,20682.33,142.02462
2022-07-15 02:12:00,1.6421303e-05,0.9999709,1.26126315e-05,6.906754778648554,8.559102594493448,6.082218910376446,0.053746640375274,20628.59,20685.29,20615.82,20680.66,192.03265
2022-07-15 20:18:00,0.9999958,5.560238e-07,3.6337026e-06,6.705639094860003,8.815221555922163,6.948897222313312,0.0319253543688385,21055.93,21079.21,21055.31,21075.11,83.27481
2022-07-16 01:08:00,0.9999584,3.715935e-07,4.1297248e-05,6.539585955617669,8.571870752706934,7.168579897264035,0.0537823407420492,20663.23,20681.99,20660.19,20671.77,71.4853
2022-07-16 20:09:00,0.96188533,0.03811098,3.668738e-06,7.095893221097532,9.108307646411031,6.455198563340122,0.0299490838758834,21187.26,21195.89,21168.87,21173.14,65.70165
2022-07-17 09:06:00,0.9903902,3.6052414e-05,0.00957376,6.92951677076365,8.789203094473724,7.182352111885263,-0.0472533894486315,21476.3,21505.19,21473.35,21495.04,187.06282
2022-07-17 23:16:00,8.1802625e-08,0.9999999,2.3152532e-08,7.431299675155903,9.543736453508645,7.52294091807237,-0.0615843841378691,20962.79,20971.82,20950.84,20956.02,54.03965
2022-07-18 22:09:00,0.9999777,1.2483684e-06,2.1140262e-05,7.161622002939187,9.277999020449997,7.187657164114956,-0.018180321821851,21617.21,21634.65,21600.0,21617.83,79.36216
2022-07-19 22:38:00,0.9999962,4.4351538e-07,3.3246624e-06,7.352441100243583,9.311271090554625,6.93828448401696,-0.0065464533808331,23500.11,23522.9,23494.81,23513.74,63.80339
2022-07-20 04:07:00,1.43960315e-05,0.9999844,1.1914673e-06,7.078341579557671,8.677609912822142,6.040254711277414,0.0189233539795506,23417.57,23445.0,23397.14,23440.6,74.18022
2022-07-20 22:18:00,0.9960957,6.801663e-05,0.0038362716,6.993932975223189,9.33087517360492,7.808323050391055,-0.0052038225197184,23532.51,23533.29,23515.22,23530.66,37.04884
2022-07-21 04:39:00,0.9999443,6.731274e-08,5.551877e-05,7.8961806086154915,10.290177505317958,8.515191188745565,-0.0130485135010213,22822.18,22831.73,22811.02,22830.86,64.01296
2022-07-21 05:31:00,0.99489516,0.00033963405,0.0047650943,5.159055299214529,7.783640596221253,4.442651256490317,-0.0013745410155925,22879.17,22896.28,22871.91,22887.26,73.5796
2022-07-22 20:00:00,0.9992188,5.613012e-06,0.000775533,6.736966958001855,9.081824949740756,6.616065185132817,0.0632018320717304,22582.88,22597.49,22558.69,22586.19,243.3225
2022-07-23 02:08:00,0.1638889,0.7697037,0.066407345,6.620073206530356,8.346404870435956,6.184148890937483,-0.0289957962399849,22842.28,22852.77,22833.49,22838.67,109.7989
2022-07-23 20:00:00,0.99619234,0.0038070718,5.679083e-07,7.134890851565884,9.089414904047302,6.393590753950631,0.0317627722711909,22272.5,22284.72,22263.12,22270.0,36.15822
2022-07-24 21:30:00,0.9998443,3.6746083e-06,0.00015196492,7.505492274737424,9.847763403763766,7.872073979866873,0.0265040936941129,22746.95,22757.58,22745.93,22755.2,16.54873
2022-07-25 02:33:00,0.9999975,1.2826493e-07,2.342698e-06,6.202535517187923,8.092239406724211,5.937536205082426,0.0310116582750875,22009.34,22015.82,21974.98,21992.75,138.97446
2022-07-25 20:30:00,5.8457977e-06,0.9999933,8.804238e-07,6.761572768804055,9.08851166361105,6.762729506931879,0.0487832722507359,22114.59,22123.32,22110.0,22113.8,68.76993
2022-07-26 00:43:00,0.99953175,0.00046446756,3.757934e-06,7.119635638017636,8.741456115998364,6.230481447578482,0.0028348275956228,21064.42,21075.96,21054.16,21064.44,244.40514
2022-07-26 20:01:00,0.0009758034,0.002163766,0.9968604,6.74993119378857,9.103868127465669,6.835184586147301,0.0091890694108331,20915.57,20993.9,20913.81,20932.03,387.86689
2022-07-27 05:19:00,0.99997365,1.7354809e-05,8.889009e-06,7.173958319756794,9.411728991487363,7.050989447068045,0.021470111753961,21198.27,21205.27,21193.66,21196.67,84.56186
2022-07-27 13:41:00,0.9999833,8.703931e-06,8.035301e-06,7.140453043101158,9.292565312231853,7.341483852363161,0.0546858495494205,21391.41,21417.63,21363.84,21382.53,348.29784
2022-07-27 20:01:00,0.9997403,1.8039818e-05,0.00024169925,6.439350371100098,8.833754223418396,6.293419278846481,0.0555782781425746,22764.23,22827.32,22764.23,22817.01,239.25292
2022-07-28 00:48:00,0.99997973,1.8529261e-05,1.8371035e-06,7.240649694255466,9.11085147347544,7.273786317844895,0.0344991938499205,22771.11,22787.45,22759.97,22772.72,101.97155
2022-07-28 01:05:00,5.489707e-08,1.0,4.8786317e-09,6.393590753950631,8.068716192714781,5.71042701737487,0.0286821347317649,22760.77,22775.0,22756.8,22765.02,69.39477
2022-07-28 04:12:00,0.9999697,9.276871e-07,2.9359546e-05,7.255591274253665,9.234642664499148,6.306275286948016,0.0246436196495433,23090.58,23116.41,23089.42,23105.54,73.15306
2022-07-28 13:21:00,0.99987566,2.9071327e-05,9.51785e-05,7.29776828253138,9.17678358844734,7.152268856032539,0.0707120953414476,23115.32,23121.94,23082.0,23112.69,211.33169
2022-07-28 20:00:00,0.99995244,2.6337533e-05,2.1271908e-05,6.816735880594968,8.908829791587868,6.558197802812269,0.0003246005934551,23792.1,23811.0,23784.26,23786.87,151.32034
2022-07-29 20:07:00,0.00039392934,0.9992834,0.00032274058,7.109062135687172,9.246382963323112,6.80128303447162,0.0098251138913284,23903.08,23967.91,23894.14,23944.84,269.44025
2022-07-30 18:04:00,2.5270841e-05,0.99997425,5.160918e-07,6.99117688712121,9.016512874996026,7.149916836132109,0.0239312752478434,24489.86,24505.31,24487.9,24495.41,51.3277
2022-07-30 20:42:00,3.1089424e-08,0.99999976,1.8988487e-07,6.976348070447749,9.091444217032327,6.511745329644728,0.0391155376587089,24072.92,24075.81,24047.42,24053.57,137.85058
2022-08-01 10:19:00,0.99999547,2.593026e-06,1.9108547e-06,7.605392364814935,9.428350771178645,6.889591308354466,-0.0513466480514872,23286.35,23287.61,23277.02,23282.91,34.52126
2022-08-01 20:13:00,0.99997556,1.4164791e-06,2.2977794e-05,7.194436851100335,9.19268543673746,6.731018100482083,-0.004466651361581,22943.11,22979.24,22935.83,22974.71,99.02459
2022-08-02 20:16:00,0.9998418,7.2781418e-06,0.00015084005,7.014814351275545,9.263881138904212,6.898714534329988,0.0254835929335058,23031.21,23049.86,23012.5,23044.2,118.02586
2022-08-03 04:06:00,0.99999046,2.0578846e-06,7.5130633e-06,6.066108090103747,7.821643126239982,5.749392985908253,0.0157616238318409,22855.34,22878.98,22841.72,22877.52,113.05499
2022-08-03 10:35:00,2.35119e-06,0.9999976,6.6392714e-09,7.157735484249907,8.967759126769497,6.226536669287466,0.0108842350973736,23360.5,23367.71,23354.18,23355.24,59.37859
2022-08-03 20:02:00,0.9999682,2.0170926e-07,3.1578606e-05,7.676473646389156,10.054490426072656,7.57455848420248,-0.0288556208456363,23483.28,23484.49,23450.0,23450.83,48.30723
2022-08-03 23:19:00,1.5886986e-08,1.0,4.5085127e-09,7.028201432058005,8.944289319650697,6.0063531596017325,0.0250763048635447,22774.27,22790.74,22733.0,22781.46,340.69435
2022-08-04 03:44:00,0.00018677949,0.999813,1.8490428e-07,6.715383386334681,8.330622620332868,5.746203190540153,0.0371588167462639,23073.35,23084.0,23066.54,23071.06,46.68815
2022-08-04 06:04:00,0.96735317,0.030687597,0.0019592592,1.0986122886681098,2.6390573296152584,0.6931471805599453,0.0,23110.94,23159.72,23108.32,23141.05,109.10795
2022-08-04 21:05:00,0.49711207,0.5028418,4.6086265e-05,6.6240652277998935,8.504513138258863,5.902633333401366,-0.0066682930148127,22545.61,22553.2,22543.92,22547.08,32.33684
2022-08-04 23:26:00,0.99874204,0.0012322059,2.567223e-05,6.39024066706535,8.064950891749143,5.488937726156687,0.0624343659122452,22647.71,22652.43,22631.2,22646.87,57.47277
2022-08-10 20:00:00,0.9991098,2.605707e-05,0.00086411746,6.7580945044277305,8.973604867142505,6.6039438246004725,0.0071865643241713,23638.95,23686.65,23630.76,23662.16,255.03118
2022-08-11 20:10:00,0.9999976,1.1324585e-06,1.3447263e-06,6.8501261661455,9.111293218374948,6.408528791059498,0.0515694753012396,24116.61,24123.79,24090.01,24098.7,170.8878
2022-08-12 01:25:00,0.7555977,0.24439928,3.077508e-06,6.630683385642372,9.23620303150191,6.568077911411976,0.0183942939039803,23945.03,23954.77,23935.12,23947.61,104.63473
2022-08-12 20:00:00,0.99707115,0.0008896939,0.002039206,6.785587645007929,8.93971205409023,6.490723534502507,0.0152172087852758,24177.57,24180.86,24150.0,24153.42,131.45193
2022-08-12 23:02:00,0.90316373,0.037427794,0.0594085,6.824373670043086,8.534836626588833,5.8805329864007,0.0150983448988209,24218.07,24218.49,24202.48,24207.36,61.20388
2022-08-13 04:19:00,7.7134486e-05,0.9999229,1.3064404e-08,6.658011045870748,8.659213451436667,6.0063531596017325,0.0200791982683208,24748.22,24751.95,24735.0,24744.72,85.623
2022-08-13 20:10:00,0.003169768,0.9959776,0.0008527496,6.951772164398911,9.105090961257083,6.7580945044277305,-0.0044452831745861,24380.69,24398.47,24359.16,24362.8,155.42094
2022-08-14 20:00:00,0.0005352184,0.9994578,7.040635e-06,6.955592608396297,9.025816391627028,6.601230118728877,0.0068724453950261,24284.07,24285.47,24274.39,24278.45,72.20834
2022-08-15 01:39:00,0.0022502628,0.99774617,3.5488627e-06,7.2254814727822945,9.023528749909364,6.295266001439646,-0.0275640672136426,24465.14,24507.05,24464.44,24494.75,196.5727
2022-08-15 20:00:00,0.99911696,0.0005285658,0.00035449988,6.965080345601407,9.159257581746866,6.677083461247136,0.0303560504953578,23983.54,23990.59,23973.38,23977.06,161.69031
2022-08-16 20:02:00,0.9682929,0.00010449342,0.031602584,6.856461984594587,9.05543941075822,7.0587581525186645,-0.0338642034919671,23921.19,23932.2,23918.56,23923.67,59.96087
2022-08-17 02:50:00,0.00013960474,0.9998591,1.3160922e-06,7.395107546562485,8.863332833439587,6.461468176353717,0.0334337400744084,23987.58,23999.06,23985.7,23992.78,64.54969
2022-08-17 04:15:00,0.98970056,0.002951689,0.0073477873,6.304448802421981,8.070593539949519,3.091042453358316,-0.0391829094451912,24014.01,24021.46,24013.15,24015.72,66.09234
2022-08-17 15:46:00,0.99960464,7.878673e-06,0.00038746273,5.840641657373398,8.806274284781725,6.161207321695077,-0.0075561005300303,23393.9,23396.49,23365.72,23367.82,121.30418
2022-08-17 20:04:00,0.9998312,1.7001106e-05,0.00015178116,6.375024819828097,8.572627898304338,6.29156913955832,0.0330808097069669,23206.94,23221.44,23188.24,23201.18,241.26082
2022-08-18 20:00:00,0.5929709,0.00069274293,0.40633628,6.944087208229528,9.064852065227576,6.949856455000773,-0.0146869600146505,23344.88,23350.79,23340.0,23343.71,112.7628
2022-08-19 08:31:00,0.9999654,6.7975197e-06,2.7724955e-05,7.870165946469845,8.87360810154911,6.444131256700441,0.0272183873703664,21750.59,21757.55,21712.2,21716.94,312.58046
2022-08-19 20:01:00,0.99997187,2.2122962e-05,5.9853255e-06,6.84587987526405,8.97638862194537,6.946975992135418,0.0856486979231762,21352.68,21376.63,21348.85,21373.65,99.58796
2022-08-21 01:07:00,0.99994385,6.023299e-06,5.0061095e-05,7.777373602657861,9.142596719889664,6.732210706467206,-0.0217563826323808,21191.63,21207.69,21184.76,21202.13,84.94815
2022-08-22 20:07:00,0.014215668,0.9857838,5.2998945e-07,6.96979066990159,8.894670262984233,6.582025138892826,0.0269995593412236,21109.43,21110.35,21067.0,21094.36,244.81533
2022-08-23 02:32:00,0.9993399,0.00036356473,0.00029646303,6.1463292576688975,8.796641458940915,6.133398042996649,0.0330760172717309,21295.03,21298.11,21277.99,21284.68,80.20191
2022-08-23 20:01:00,0.9998172,3.5857396e-05,0.00014700383,6.921658184151129,8.929567707825337,6.818924065275521,0.0225632123998796,21526.58,21534.97,21521.09,21530.21,53.53747
2022-08-24 20:00:00,0.9819765,9.970894e-05,0.017923782,6.86484777797086,8.938925271988273,6.902742737158593,-0.0235389958756841,21709.32,21723.13,21701.21,21721.22,107.38164
2022-08-25 20:07:00,0.98131436,0.00029953508,0.018386006,6.774223886357614,8.916908467543795,6.803505257608338,0.0173477068964166,21597.7,21604.0,21593.45,21601.69,74.52178
2022-08-26 20:10:00,0.98787814,0.001847516,0.010274325,6.46302945692067,8.58110651715989,6.380122536899765,0.005525921335707,20728.15,20747.9,20726.53,20747.36,123.76523
2022-08-28 10:22:00,0.9984303,9.111515e-06,0.0015605458,7.892078421248119,9.219002745054835,3.367295829986474,0.0566485294537422,19975.82,19981.05,19962.7,19966.67,101.55924
2022-08-28 17:05:00,0.9999907,7.732329e-08,9.186757e-06,7.533158807455563,9.401869409521051,3.58351893845611,-0.032718086858094,20004.01,20006.27,19999.0,20003.78,62.49597
2022-08-28 20:13:00,0.9998004,2.3028126e-05,0.00017668566,7.113142108707088,9.385469458188632,7.193685818395112,-0.0254874324777191,19992.85,19994.46,19987.21,19991.66,53.67666
2022-08-29 20:24:00,0.9999939,1.8087191e-07,5.8134665e-06,6.826545223556594,9.09884999594282,6.767343125265392,-0.015882660214543,20162.17,20162.57,20150.0,20151.88,55.57539
2022-08-31 20:14:00,0.9612745,5.1886396e-05,0.038673624,7.232010331664759,9.289521169850625,6.987490247000991,0.026350804647332,20213.2,20213.9,20177.3,20189.48,364.60428
2022-09-01 02:24:00,0.9998789,2.1373988e-05,9.973293e-05,7.642524134232902,9.020994200245264,6.71174039505618,-0.0411181908242101,20174.32,20188.64,20174.32,20187.12,90.89428
2022-09-01 20:14:00,1.5511483e-07,0.9999999,1.2049627e-08,6.9957661563048505,9.22601685136119,7.108244139731541,-0.0168352469880724,19939.54,19946.02,19930.14,19945.46,101.77572
2022-09-02 17:30:00,0.9997087,0.00014039532,0.00015091982,6.244166900663736,8.852378886511985,7.01301578963963,-0.0376375905670356,19892.89,19892.89,19864.65,19875.34,279.95246
2022-09-02 20:00:00,0.99603635,6.426246e-05,0.0038994073,7.018401799069201,9.084323531392696,6.784457062637643,0.0039658369083905,19909.23,19916.5,19892.22,19898.34,212.62271
2022-09-03 20:05:00,0.999967,6.3488424e-06,2.6697677e-05,7.004881989712859,9.08148374985118,6.573680166960646,0.0083696622304571,19707.43,19729.31,19706.94,19724.62,191.70352
2022-09-03 22:26:00,0.9999988,2.5639714e-08,1.1461772e-06,6.900730664045173,8.587465244401569,6.363028103540465,-0.0321946449037925,19809.95,19821.0,19804.37,19816.69,112.81313
2022-09-04 20:04:00,0.9655263,0.00059409253,0.033879586,6.882437470997847,9.14494815320913,7.134890851565884,-0.0299407074827064,19881.48,19883.0,19867.93,19878.8,129.31923
2022-09-05 01:22:00,1.5913704e-08,1.0,1.2070217e-08,6.442540166468199,8.091933455979893,6.0063531596017325,0.0399119716752713,19930.93,19933.0,19917.0,19922.59,157.97964
2022-09-05 20:06:00,0.9999814,4.7810124e-07,1.8060402e-05,7.0707241072602764,9.121071904218,6.807934943699926,-0.0513829534998813,19748.19,19748.19,19734.24,19741.47,139.91616
2022-09-06 20:10:00,0.9999244,3.4751592e-06,7.213802e-05,7.441906728051625,9.37475250822657,7.313220387090301,0.0673773163912193,18725.91,18758.12,18706.58,18736.84,580.84585
2022-09-07 20:11:00,0.99120164,0.0003063674,0.008491977,6.93828448401696,9.045937315684574,6.842683282238422,-0.0365486698923777,19006.86,19009.4,19003.22,19004.66,122.55395
2022-09-08 20:37:00,0.9995776,6.0466077e-06,0.0004163322,6.705639094860003,8.708639655987193,6.359573868672378,0.0190682235300234,19369.39,19372.98,19363.14,19368.76,96.22331
2022-09-09 02:23:00,0.009006592,0.990867,0.0001264167,6.680854678790215,8.38091517312361,5.641907070938114,-0.0221170163795547,19388.21,19391.68,19382.23,19387.93,132.55345
2022-09-09 02:49:00,0.99999,9.7809135e-08,9.856273e-06,7.113142108707088,8.998260393017953,6.663132695990803,0.0153955152356385,19376.03,19380.81,19374.34,19380.39,107.60603
2022-09-09 20:00:00,0.9999764,1.578825e-05,7.920559e-06,6.792344427470809,8.990441550826862,6.588926477533519,0.0595310292537313,21291.62,21300.94,21253.36,21253.38,398.86985
2022-09-10 20:58:00,0.99970835,9.616117e-05,0.00019541405,7.044032897274685,9.303557453687317,7.04141166379481,-0.0636346045594015,21406.26,21420.0,21401.14,21405.24,195.95964
2022-09-11 21:02:00,0.00048542037,0.99947065,4.4020024e-05,7.085064293952548,8.848365694942547,6.210600077024653,0.0241427002999402,21646.42,21647.27,21611.22,21634.93,224.56334
2022-09-12 04:31:00,0.9999964,3.7380687e-08,3.6243673e-06,6.416732282512326,8.687442166975924,6.1779441140506,0.0392441443893938,21717.42,21719.22,21698.65,21703.86,147.4244
2022-09-12 20:00:00,0.99778676,1.2137609e-05,0.0022010987,6.976348070447749,9.156834104453042,6.835184586147301,0.0234994813577537,22428.25,22435.19,22388.06,22390.59,453.8488
2022-09-13 04:10:00,0.99999917,3.671586e-08,7.9641757e-07,7.145196134997171,8.842171048611716,5.916202062607435,-0.0279421252505181,22197.26,22213.78,22180.81,22208.92,228.03473
2022-09-13 20:01:00,0.99997854,1.0096788e-06,2.0465763e-05,7.27655640271871,9.44343425414356,7.385230923066573,0.0415426431405995,20306.53,20312.46,20290.0,20291.83,173.59856
2022-09-14 18:48:00,0.9995826,1.3746258e-05,0.0004036855,6.839476438228843,8.837390855544697,6.976348070447749,0.0138994472235995,19872.74,19879.61,19846.56,19849.22,336.61758
2022-09-14 20:10:00,6.8188547e-07,0.9999993,1.8674033e-08,6.949856455000773,9.195632743103909,7.204892510204673,0.0490548398590808,19944.91,19948.21,19928.41,19934.98,210.65839
2022-09-14 22:05:00,4.0853212e-07,0.99999905,6.428007e-07,5.1647859739235145,7.387090235656757,5.123963979403259,-0.0227797690277624,20158.12,20190.0,20153.58,20178.48,225.6296
2022-09-15 00:41:00,0.82171786,1.934528e-05,0.17826286,7.529406457837013,8.826881344130634,6.610696044717759,0.063120966060829,20182.8,20194.45,20175.51,20181.82,207.38162
2022-09-15 20:06:00,0.9999826,9.3787924e-07,1.6468402e-05,7.232010331664759,9.31982238259318,7.404279118037268,-0.0025187746284356,19840.32,19842.18,19828.97,19836.55,117.60477
2022-09-16 20:37:00,0.9999602,5.7290885e-07,3.9245733e-05,6.98100574072173,9.0079793598445,7.002155954403621,0.0248838948698202,19698.79,19725.31,19698.51,19715.79,260.65515
2022-09-16 23:24:00,0.030250886,0.00010745715,0.9696416,6.763884908562435,8.242229891372231,5.968707559985366,-0.0529203060268932,19732.77,19737.47,19731.78,19733.0,62.34536
2022-09-18 01:40:00,0.0012759955,0.9987239,5.715872e-08,7.046647277848756,8.9082888855571,6.502790045915623,-0.0145445785952397,20020.65,20027.18,20013.37,20019.68,128.83568
2022-09-18 20:55:00,0.9998603,9.256185e-07,0.00013879327,7.257002707092073,9.147400572202308,6.922643891475888,0.0207344910788679,19707.24,19712.57,19701.5,19707.06,135.59642
2022-09-19 20:27:00,0.9999428,9.5077195e-07,5.6278757e-05,6.853299093186078,9.016998311898762,7.090076835776092,-0.052697919167352,19483.41,19483.41,19460.06,19470.57,224.01577
2022-09-20 20:09:00,0.9999995,3.891152e-07,1.7691568e-07,8.32579052588609,10.09646051450522,7.788211557847076,-0.022894121170587,19056.93,19057.02,19046.4,19048.35,139.12388
2022-09-21 02:41:00,0.99912566,0.0008258192,4.851124e-05,7.085064293952548,8.559486103606488,6.104793232414985,0.0225062761157948,19023.0,19036.11,19021.16,19026.98,102.17217
2022-09-21 06:26:00,0.99824405,0.0009369155,0.00081913045,7.114769448366463,8.977651407818442,6.762729506931879,0.0195132498094087,18893.03,18894.69,18869.98,18878.76,262.40836
2022-09-22 20:28:00,0.99994385,1.0685257e-05,4.5383877e-05,6.947937068614969,9.313799080344412,6.871091294610546,-0.000112180052305,19270.0,19274.39,19255.48,19261.3,272.91795
2022-09-23 14:00:00,0.998958,4.2475673e-05,0.0009994968,7.237778191923443,9.135293497653272,7.327780538421631,-0.0198386561293868,18640.69,18672.24,18620.78,18663.89,448.50345
2022-09-23 21:06:00,0.62796915,0.0065458072,0.36548504,6.824373670043086,8.952864141581468,6.687108607866515,-0.0460022499387172,18873.1,18874.97,18862.86,18870.1,103.26051
2022-09-24 01:22:00,0.004498019,0.9948813,0.00062073785,7.367077059881012,9.16188515170678,6.720220155135295,0.0022298000230273,19157.23,19157.97,19140.87,19144.76,174.80414
2022-09-24 08:40:00,0.34890705,0.6510218,7.123164e-05,5.831882477283517,7.964503363551548,6.306275286948016,-0.0073871643512218,19032.32,19042.84,19032.32,19036.85,181.84768
2022-09-25 02:25:00,0.0007300708,0.9992699,3.6761094e-08,6.659293919683638,8.687948111838727,6.230481447578482,-0.0478866840808763,18935.87,18952.0,18930.33,18938.97,161.92712
2022-09-25 21:00:00,0.9999536,6.314358e-06,4.009524e-05,7.104144092987527,9.222367752188902,7.252762418053187,-0.0237207634893981,18902.2,18914.42,18899.0,18909.86,92.74069
2022-09-26 09:57:00,0.73626286,0.00061992096,0.2631172,5.3981627015177525,7.54274354536855,4.634728988229636,0.0209739355524016,19093.5,19096.18,19083.08,19091.02,261.10259
2022-09-26 20:46:00,0.99913484,2.9846037e-06,0.00086223544,6.60934924316738,8.81818627792769,6.439350371100098,-0.0471409961191944,19120.73,19127.2,19119.77,19124.36,135.44168
2022-09-27 04:20:00,0.00013540703,3.885e-05,0.9998258,7.73718007783463,9.305559638557115,6.727431724850855,-0.0360562038151238,20049.66,20054.27,20034.0,20035.73,280.56897
2022-09-27 21:00:00,8.1802625e-08,0.9999999,2.3152532e-08,7.0317412587631285,9.19593714166544,7.01301578963963,-0.00213322385283,19073.46,19079.22,19050.0,19058.17,366.4205
2022-09-28 20:14:00,0.99857163,1.6836919e-05,0.0014115333,7.00669522683704,9.149528232579426,6.923628628138427,0.0154832337377528,19601.98,19627.21,19592.87,19623.88,463.14712
2022-09-29 02:08:00,5.8777623e-06,0.9999924,1.8106465e-06,7.145196134997171,8.7879833961978,6.1675164908883415,0.0127958661879156,19328.98,19371.97,19308.15,19366.08,475.08667
2022-09-29 08:05:00,0.92558026,0.005287926,0.06913176,7.325148957955575,8.911125383710678,6.240275845170769,-0.0010544048754631,19371.63,19385.96,19363.9,19379.49,274.17745
2022-09-29 20:28:00,0.9998124,1.9192039e-05,0.00016839596,7.790696031174738,9.831884133676436,7.324489979348532,0.0110917915076717,19406.34,19412.82,19402.37,19404.04,103.62191
2022-09-29 21:49:00,0.99900925,0.00042805972,0.00056265347,8.043984431221553,9.583420019940192,7.272398392570047,0.0130094407487993,19480.64,19485.1,19473.59,19477.56,61.22286
2022-09-30 20:32:00,0.99992156,1.5885491e-05,6.258781e-05,6.926577033222725,9.004668301573977,6.842683282238422,0.0313155350389863,19450.63,19478.68,19449.25,19474.26,193.52928
2022-10-01 02:56:00,0.29492947,0.705057,1.3461343e-05,6.945051063725834,8.791941988456118,5.802118375377063,0.036077229321869,19424.01,19428.94,19420.5,19423.64,76.37963
2022-10-01 22:38:00,0.0012473617,0.9987525,7.579091e-08,6.736966958001855,8.62622695244036,6.115892125483034,-0.0284776294077405,19318.72,19320.76,19310.85,19315.27,95.09472
2022-10-02 03:48:00,0.99999094,7.2660564e-06,1.740655e-06,6.86484777797086,8.575462099540212,6.320768294250582,0.0196432778353031,19304.43,19306.99,19303.65,19306.3,36.79971
2022-10-02 21:14:00,0.9996575,1.4266359e-05,0.000328243,7.1631723908466425,9.266531651625924,6.963189985870238,0.0537743678639668,19171.63,19181.57,19170.83,19179.14,123.21237
2022-10-03 20:52:00,0.99997663,1.941207e-05,3.9323013e-06,6.823286122355687,9.012864567410553,6.70073110954781,0.043527375559636,19558.27,19600.0,19558.27,19595.53,312.07421
2022-10-03 22:08:00,0.9999807,1.8947534e-05,3.5279515e-07,6.57507584059962,8.630878955820053,5.746203190540153,-0.0194526358157155,19573.55,19604.99,19573.54,19592.47,251.62091
2022-10-04 01:30:00,1.7625754e-05,0.99998236,5.255606e-08,7.283448228756631,9.191565216649847,6.563855526532128,0.0174297376963678,19550.29,19555.9,19546.9,19553.31,103.32136
2022-10-04 20:20:00,0.9995664,8.038207e-05,0.00035322475,7.122866658599083,9.289521169850625,7.030857476116121,0.0492859712615072,20218.27,20219.8,20204.01,20206.86,127.01942
2022-10-05 16:03:00,0.9993087,0.00067714363,1.4173898e-05,6.610696044717759,8.33423142973486,6.336825731146441,-0.0321390460104153,19962.64,19969.31,19956.41,19966.14,161.70897
2022-10-05 20:51:00,1.462222e-07,0.99999976,6.0144e-08,7.171656822768514,9.37534620656045,7.232010331664759,-0.0421191231334795,20052.0,20058.2,20049.38,20054.17,113.03004
2022-10-06 02:56:00,0.99930954,7.705141e-06,0.00068271847,6.961296045910167,8.187299270155147,5.75890177387728,-0.0058428546043912,20337.77,20346.34,20336.91,20343.01,136.43942
2022-10-06 21:28:00,0.9993667,0.0005369938,9.638709e-05,7.2991214627108,8.7662383802531,6.400257445308821,0.0424230289344803,19953.24,19958.76,19950.11,19951.43,38.89052
2022-10-06 22:01:00,0.9983246,0.0003713625,0.001304113,6.742880635791903,9.007367027451355,6.88653164253051,-0.0033189039093582,19897.08,19919.97,19869.36,19913.45,302.85591
2022-10-07 06:03:00,0.78586704,0.2141045,2.8474895e-05,5.225746673713202,7.924072324923417,5.241747015059643,0.0325890048159449,19960.57,19962.75,19942.61,19944.65,130.86721
2022-10-08 01:34:00,0.9999895,1.1917581e-07,1.0396177e-05,6.803505257608338,9.077722847361343,6.829793737512425,0.0197652601221945,19566.46,19577.57,19566.0,19573.56,54.76181
2022-10-08 06:21:00,0.00010641712,0.9997222,0.00017139615,5.71042701737487,7.903226808730733,5.099866427824199,0.0087916867266722,19481.93,19488.34,19481.93,19487.81,36.46321
2022-10-08 07:01:00,0.9996278,4.80367e-06,0.00036734974,7.60339933974067,9.11140362411616,6.694562058521095,0.0026723364754659,19516.63,19517.36,19512.4,19514.43,36.52562
2022-10-09 02:35:00,0.99885356,0.0011454292,9.5133356e-07,6.874198495453294,8.904358542352968,6.309918278226516,0.0037867180531369,19381.13,19389.24,19379.6,19387.82,45.32701
2022-10-09 04:43:00,0.9935115,0.00037639253,0.006112091,6.008813185442595,7.780303087908373,4.897839799950911,-0.0732471944377608,19359.06,19366.09,19357.37,19364.8,85.26364
2022-10-09 21:30:00,0.9889727,0.0024190014,0.008608304,6.659293919683638,9.090317329376452,6.541029999189903,-0.0095133552575971,19459.01,19461.23,19457.25,19457.49,23.81002
2022-10-10 03:39:00,0.11658136,0.8821673,0.0012513624,6.792344427470809,8.312871394342615,5.60947179518496,0.0032910500133088,19435.23,19440.0,19429.93,19430.62,88.27321
2022-10-10 07:51:00,0.9998864,2.6449261e-05,8.713456e-05,6.9930151229329605,9.033961124637855,6.679599185844383,-0.0123246410673291,19413.78,19419.32,19410.99,19415.64,93.07906
2022-10-10 20:00:00,0.99988127,1.2825302e-06,0.00011737416,7.560601162768557,9.399140894867848,7.293017679772782,-0.0065806447410075,19211.59,19220.0,19210.02,19217.36,116.744
2022-10-11 20:05:00,0.9139021,0.0001722486,0.08592558,6.838405200847344,8.955190024526887,6.703188113240863,0.0082347341105442,18990.27,18999.62,18987.62,18997.78,89.47585
2022-10-11 22:12:00,0.99974483,3.5394573e-06,0.0002515821,7.022868086082641,8.733755131364893,6.028278520230698,0.0081222850758065,19036.98,19044.69,19029.0,19039.1,244.01915
2022-10-12 05:20:00,0.99997497,1.4824469e-05,1.0244752e-05,7.212294468500341,8.877660933593667,6.415096959171596,0.0256318402122451,19077.8,19082.43,19070.0,19073.7,148.27748
2022-10-12 20:05:00,0.99999166,3.1579568e-06,5.201519e-06,7.047517221357296,9.158941808890182,6.957497370876951,0.0106054356486425,19139.8,19141.64,19132.27,19139.43,161.86401
2022-10-13 07:32:00,0.029645925,0.97035193,2.1651733e-06,7.05444965813294,8.617219505483362,5.834810737062605,0.0302164939852568,19031.36,19034.54,19001.12,19014.31,494.43749
2022-10-14 20:08:00,0.9999149,7.588372e-07,8.442109e-05,6.726233402358747,8.853379672927634,6.77078942390898,-0.0080303370374075,19159.52,19163.98,19146.87,19148.77,167.29818
2022-10-15 21:26:00,0.99997103,5.0457265e-07,2.8485798e-05,6.7580945044277305,8.848652886213905,6.690842277418564,0.0017955579549342,19086.4,19087.23,19083.98,19085.93,29.37693
2022-10-16 01:35:00,0.9999906,9.252585e-06,1.5787418e-07,6.717804695023691,8.680671660408713,6.329720905522696,-0.0244664381364957,19159.12,19162.37,19157.49,19161.03,53.64808
2022-10-16 20:18:00,0.0018249694,0.9981534,2.1610555e-05,6.966024187106113,8.026170194946426,4.990432586778736,-0.0361708187994978,19274.03,19288.99,19270.6,19282.99,222.0628
2022-10-16 21:44:00,0.5589682,0.0007684629,0.44026333,6.584791392385716,8.791486026749002,6.807934943699926,0.0208497386150132,19268.9,19276.38,19265.79,19267.32,98.02588
2022-10-17 03:30:00,0.9094314,0.08944407,0.0011245995,7.59488438721652,8.92399074475818,6.428105272684596,0.0520419473871694,19179.7,19182.09,19177.52,19178.75,32.46079
2022-10-17 20:04:00,0.9993838,1.25848055e-05,0.0006035372,6.927557906278317,9.040619097157968,7.029087564149662,0.0201856219825941,19548.96,19550.69,19541.01,19543.26,81.3547
2022-10-18 20:02:00,0.9988054,0.00079063367,0.0004040084,6.90875477931522,8.98205864280585,7.319202458767849,0.0175180932705507,19212.95,19245.93,19212.21,19244.69,277.89596
2022-10-19 04:02:00,8.162943e-06,0.9999918,6.043479e-08,6.354370040797351,8.01102337918644,5.849324779946859,0.0260473374362352,19289.02,19295.32,19285.48,19293.95,68.79438
2022-10-19 21:09:00,0.99779487,0.00016767353,0.00203746,6.74993119378857,8.840145877949938,6.928537818164665,0.0626434365957254,19194.62,19203.75,19193.79,19201.0,76.56798
2022-10-20 01:34:00,0.043444257,0.9565187,3.7051857e-05,7.5652752818989315,9.03097444300786,6.679599185844383,0.0215388847627687,19004.59,19017.59,19003.96,19015.12,64.10206
2022-10-20 06:43:00,0.9153382,0.0005003063,0.08416151,6.523562306149512,7.840312983320164,5.247024072160486,0.0437490946254934,19109.19,19111.21,19106.77,19110.37,37.05611
2022-10-20 21:07:00,0.999635,8.313829e-07,0.0003641755,6.915723448631314,8.92771217382708,6.862757913051401,-0.0339250907144778,19000.21,19001.19,18996.77,19000.48,59.75041
2022-10-21 00:26:00,0.9999355,3.9673305e-05,2.4812718e-05,6.930494765951626,8.375860015299594,6.054439346269371,-0.0115195488620288,19020.31,19033.47,19019.74,19031.63,141.38422
2022-10-21 01:45:00,0.9996995,6.3085886e-06,0.00029425955,7.108244139731541,8.785845337961213,6.959398512133975,-0.0225581761549951,19057.95,19058.6,19045.02,19050.83,103.86781
2022-10-22 05:18:00,0.9978314,0.0021682286,3.0870862e-07,6.493753839851686,8.249052274171293,6.056784013228625,-0.0288017405766441,19146.51,19150.63,19146.19,19148.44,30.68333
2022-10-22 21:00:00,0.96735317,0.030687597,0.0019592592,3.091042453358316,4.127134385045092,1.791759469228055,0.5108256237659907,19216.01,19224.99,19216.01,19219.98,80.94312
2022-10-22 21:09:00,0.9835385,0.004167663,0.012293861,7.40671073017764,8.605936401250625,6.137727054086234,0.004441454860724,19217.75,19218.65,19216.27,19217.31,37.99313
2022-10-23 06:07:00,0.000677132,0.999311,1.1862216e-05,6.54965074223381,8.220672170297252,6.09807428216624,0.0932210803570547,19182.25,19182.98,19178.35,19180.34,59.10909
2022-10-23 20:21:00,0.99045676,0.0022519054,0.0072913878,6.70808408385307,8.57300625623545,6.630683385642372,0.0310891811645013,19458.4,19472.66,19457.65,19465.82,176.12021
2022-10-23 22:42:00,0.00033107266,0.9996619,7.065429e-06,5.7899601708972535,8.24564690087386,5.598421958998375,-0.0134609709838097,19626.98,19628.35,19620.36,19622.89,91.48456
2022-10-24 21:06:00,0.99995184,2.6666266e-06,4.5534674e-05,7.124478262493424,8.97297111339799,6.658011045870748,0.0117059999472858,19378.62,19419.15,19375.07,19394.49,489.2467
2022-10-25 20:00:00,0.9996487,3.3032113e-06,0.00034795364,6.61338421837956,8.571870752706934,6.459904454377535,-0.0250348221781796,20276.26,20296.92,20261.07,20270.09,548.16004
2022-10-26 02:22:00,0.9999956,3.9928696e-06,4.311045e-07,7.195187320178709,8.874168090363968,6.07073772800249,0.0119273334223143,20220.16,20221.46,20198.94,20201.08,274.05101
2022-10-26 21:57:00,0.16311212,0.83640504,0.00048283773,6.57507584059962,8.75605259917045,7.160069207596127,-0.019827136914364,20748.3,20751.29,20745.08,20748.05,82.04407
2022-10-27 23:42:00,0.999998,6.647593e-07,1.2679152e-06,6.981934677156389,8.785539527561276,5.883322388488279,-0.0122693240569569,20258.82,20272.61,20254.01,20264.82,140.84117
2022-10-28 02:45:00,0.9998772,3.5031837e-05,8.768803e-05,5.393627546352362,7.10085190894405,4.418840607796598,0.0342117502935601,20258.71,20264.32,20250.04,20262.83,155.44118
2022-10-28 05:56:00,0.99921787,6.1219603e-06,0.00077607675,6.682108597449809,7.757906208351747,4.859812404361672,-0.0908415593956739,20283.22,20288.76,20278.66,20285.02,134.67923
2022-10-28 23:31:00,0.9943375,3.4995584e-05,0.005627589,7.715569534520208,9.09268232850795,6.293419278846481,-0.0351222098529983,20613.1,20614.56,20606.0,20609.99,62.79053
2022-10-29 04:24:00,0.9980447,2.7284292e-05,0.0019279763,6.539585955617669,8.338783971442199,5.529429087511423,-0.01977907391947,20707.49,20710.0,20703.95,20706.32,51.32212
2022-10-29 21:48:00,0.99983954,1.788063e-07,0.00016023211,6.535241271013659,8.656607247198915,6.102558594613569,-0.0053250370440354,20886.36,20887.14,20884.54,20885.78,26.60181
2022-10-30 02:18:00,0.9999975,4.6508185e-07,2.0477871e-06,6.6293632534374485,8.28576542051433,5.924255797414532,-0.0391242226105247,20760.81,20766.75,20759.76,20765.01,92.81228
2022-10-30 07:38:00,0.9906522,0.0074531403,0.0018946601,6.802394763324311,8.445911989411274,6.035481432524756,0.0191036265717814,20841.27,20845.14,20837.27,20843.22,99.68684
2022-10-31 20:03:00,0.9926587,0.005784792,0.0015565185,7.174724309836376,8.710619527942297,3.5263605246161616,0.0525818768210042,20372.61,20375.87,20353.77,20368.28,355.97212
2022-11-01 21:10:00,0.13268273,0.8671624,0.00015482858,6.903747257584598,8.960852845322371,6.261491684321042,-0.0078048964415908,20469.89,20470.47,20464.93,20467.89,79.04374
2022-11-02 20:21:00,0.99961734,8.230159e-05,0.00030023587,6.684611727667927,8.746080217357513,6.431331081933479,0.0065371834200279,20185.54,20196.0,20175.16,20187.19,354.4702
2022-11-03 01:11:00,0.9999502,1.8221448e-06,4.8043785e-05,6.831953565565855,9.629576884168266,6.959398512133975,-0.0140531985414942,20236.31,20236.34,20217.08,20223.35,314.07334
2022-11-04 00:09:00,0.99984574,1.5486083e-05,0.0001387857,6.16541785423142,7.388946097618437,4.795790545596741,0.058613996602003,20190.82,20192.0,20187.14,20190.61,138.80643
2022-11-04 02:14:00,0.012532522,0.9874642,3.3177203e-06,7.268920128193722,8.854950316500325,6.270988431858299,0.045775699255609,20299.26,20309.0,20298.29,20303.43,287.10973
2022-11-04 06:30:00,0.99998677,3.4998857e-06,9.787854e-06,4.941642422609304,6.543911845564792,4.110873864173311,0.0340021426535023,20619.32,20633.0,20615.42,20624.21,392.31406
2022-11-04 21:11:00,0.9764033,0.0057699666,0.01782673,6.940222469119639,8.939056445334039,6.646390514847729,0.0934204673175923,21113.63,21118.19,21109.78,21114.21,99.82392
2022-11-05 01:17:00,0.9981768,0.0014581765,0.0003651029,7.234177179749849,8.73020559553099,5.993961427306569,0.0602393247639767,21347.57,21355.52,21342.06,21344.27,179.50461
2022-11-05 06:45:00,0.9949473,0.002814472,0.002238261,6.951772164398911,8.756525002926972,6.298949246855942,0.0168484938463492,21388.46,21391.66,21385.29,21390.15,138.72512
2022-11-05 21:21:00,0.999926,7.832688e-06,6.6189525e-05,6.5998704992128365,8.743372131273969,6.476972362889683,0.0550580478797383,21331.46,21335.07,21331.09,21332.4,49.29523
2022-11-05 23:24:00,0.99719006,1.8334466e-06,0.0028081632,7.098375638590786,8.065893546964274,5.634789603169249,0.0916075370644973,21291.82,21294.77,21283.39,21286.19,131.0428
2022-11-06 00:41:00,0.00041169036,0.0017656374,0.99782264,6.97354301952014,8.591001118560957,5.886104031450156,0.0026169479474364,21352.51,21358.22,21340.11,21346.73,235.76779
2022-11-06 04:53:00,0.9992669,3.907466e-06,0.00072916056,7.8407064517494,9.086136768516877,6.442540166468199,0.0371588909629262,21234.79,21236.0,21230.34,21231.94,60.47102
2022-11-06 06:20:00,0.5820634,0.41787088,6.5806e-05,5.84354441703136,8.34283980427146,7.532623618788788,-0.0616091253138119,21181.87,21182.53,21174.84,21179.12,136.59649
2022-11-07 01:27:00,0.99771273,7.994263e-05,0.0022073109,7.072421900537371,8.740976538017787,6.480044561926653,-0.0462521867186026,20862.82,20875.0,20860.07,20870.98,272.86882
2022-11-07 12:49:00,0.999897,1.947556e-06,0.000101131096,6.135564891081739,8.019612794400267,4.836281906951478,-0.0184672773216209,20725.85,20729.87,20713.04,20717.92,259.88109
2022-11-07 20:41:00,0.999966,5.268726e-07,3.3497727e-05,4.653960350157523,5.768320995793772,3.295836866004329,0.0002565779106443,20825.4,20828.71,20821.7,20824.04,134.78971
2022-11-07 21:21:00,0.99998224,3.4472313e-07,1.7386266e-05,6.716594773520978,8.687948111838727,6.51471269087253,-0.0166549192963149,20797.25,20798.4,20795.65,20796.48,51.72068
2022-11-08 05:15:00,0.9903047,0.00025184438,0.0094435075,7.337587743538596,8.69349667588463,6.075346031088684,-0.0010726967520035,19550.17,19583.15,19539.15,19582.87,715.86225
2022-11-08 21:00:00,0.98326993,0.00016849725,0.016561527,6.692083742506628,8.84130362048157,6.320768294250582,0.0743292036689657,18159.77,18198.79,18135.0,18195.88,472.10758
2022-11-09 00:50:00,0.9999536,1.0653711e-06,4.5239165e-05,7.396335293800808,8.980046316633132,6.56244409369372,-0.0136492479431383,18430.34,18431.1,18400.01,18411.79,566.44125
2022-11-09 06:45:00,0.99921095,3.3876283e-06,0.0007857199,5.828945617610208,7.689828668736484,5.214935757608986,-0.0692258761473109,18407.06,18426.15,18400.41,18414.0,282.5106
2022-11-09 21:21:00,0.9897518,0.00017908658,0.010069026,7.272398392570047,9.42504844446929,7.055312843339752,-0.0285345686769096,16053.82,16082.5,16005.0,16034.58,484.10182
2022-11-10 22:46:00,0.99996305,3.945062e-07,3.6553985e-05,7.305860032684009,9.506139412529912,7.155396301896734,-0.0003434408583273,17837.52,17860.0,17834.63,17857.28,123.52727
2022-11-11 00:46:00,0.9999975,4.1735294e-07,2.0592358e-06,7.153833801578843,8.702177865629675,6.018593214496234,-0.0137573198322262,17509.49,17539.66,17491.2,17538.46,271.64043
2022-11-11 03:25:00,0.0010859017,3.5464502e-06,0.99891055,6.434546518787453,8.83840674707681,6.799055862058796,0.0298788520975979,16923.54,16994.0,16921.96,16968.32,545.55427
2022-11-11 22:08:00,0.99960977,7.9009105e-06,0.00038236016,9.482807278621484,10.536406907545588,6.854354502255021,0.0170476197045319,16851.23,16868.25,16813.88,16868.25,337.29355
2022-11-11 22:18:00,0.9937915,0.0023637144,0.0038448079,7.014814351275545,9.638284261844774,7.2078598714324755,0.0231280546883795,16894.36,16911.81,16887.4,16899.47,206.44498
2022-11-13 06:49:00,0.07035298,0.92952883,0.00011828496,7.65491704784832,9.22631214148588,6.655440350367647,0.0423567760769472,16709.52,16725.53,16708.18,16713.15,224.97707
2022-11-13 23:53:00,0.999821,5.537957e-07,0.00017838563,7.720905251936779,10.037799890143722,8.092239406724211,-0.024794039471544,16336.54,16351.0,16333.51,16350.98,78.86825
2022-11-14 21:45:00,0.9963169,0.00039679304,0.0032862124,6.625392368007956,9.016876974763385,6.533788837933344,0.0250563639585327,16385.07,16392.71,16371.21,16379.43,123.41844
2022-11-14 22:24:00,0.9999839,4.811205e-06,1.13387105e-05,6.274762021241939,8.085794701281568,6.302618975744905,0.0393833773574658,16414.35,16418.8,16411.76,16418.72,68.42195
2022-11-14 23:28:00,0.049449872,0.006306004,0.9442441,7.375882148215011,8.955706153570603,6.20455776256869,0.0879863894804064,16655.94,16656.46,16633.38,16647.9,220.14388
2022-11-15 01:18:00,0.006601703,0.0005475828,0.9928508,7.485491608030754,9.112286431500795,6.610696044717759,0.0048748208180315,16614.94,16617.98,16605.87,16606.22,129.74489
2022-11-15 21:35:00,0.4860251,0.51385653,0.00011837057,6.86484777797086,9.115260165725912,7.033506484287697,-0.0211070355191974,16852.24,16861.92,16844.95,16860.55,201.94041
2022-11-16 04:03:00,0.9991899,0.00048966706,0.00032044924,7.167809184316444,8.67060073804555,6.066108090103747,0.0239794473126569,16962.09,16962.38,16951.66,16953.15,155.37034
2022-11-16 09:54:00,0.9999993,4.7398342e-07,2.274885e-07,6.602587892189336,8.489616423646003,6.135564891081739,-0.009878485060788,16736.24,16736.72,16717.62,16724.13,138.22414
2022-11-16 21:12:00,0.9999256,4.4090618e-07,7.393534e-05,7.278628942320682,9.427465850964827,7.194436851100335,0.0326781563187998,16595.77,16598.05,16591.08,16592.38,51.71033
2022-11-17 05:44:00,0.99737227,0.0025020486,0.0001256914,7.54274354536855,9.014690384970896,6.359573868672378,0.0510168036171925,16563.05,16563.92,16559.24,16560.19,61.37241
2022-11-17 21:23:00,0.9936233,8.71547e-05,0.0062895208,7.020190708311925,8.687610843707368,6.324358962381311,0.0263818668796551,16739.63,16745.07,16733.41,16735.76,131.59336
2022-11-17 22:08:00,0.9999907,8.028463e-07,8.458235e-06,5.342334251964811,6.668228248417403,3.951243718581428,0.085986073426356,16690.99,16695.34,16689.67,16691.34,72.66394
2022-11-18 01:16:00,0.99840516,0.0014334107,0.00016135268,6.253828811575473,8.411610428841172,5.564520407322694,-0.0307828287619474,16915.71,16919.15,16891.69,16895.87,205.04594
2022-11-18 02:56:00,0.9989452,4.1716477e-05,0.0010131986,5.638354669333745,8.070906088787819,4.68213122712422,0.036623070636208,16919.7,16924.82,16910.29,16911.31,142.66865
2022-11-18 06:42:00,0.99956244,0.0003788023,5.873401e-05,7.616283561580385,9.058004710672485,6.481577129276431,0.0305941928978125,16782.94,16785.84,16778.01,16784.34,117.70248
2022-11-18 21:22:00,0.99998784,7.1094394e-07,1.1426803e-05,6.748759547491679,8.930361883909434,6.663132695990803,-0.0136031947027256,16659.73,16659.73,16646.84,16651.68,67.86128
2022-11-19 02:28:00,0.99998796,6.84959e-06,5.2864148e-06,7.103322062526113,8.724695046740491,6.499787040655854,-0.0166471363584296,16597.89,16603.85,16594.53,16603.7,77.86047
2022-11-19 04:32:00,0.999933,4.7833302e-05,1.9167226e-05,9.05473863988161,10.091832598307642,6.829793737512425,-0.0313376591016906,16644.47,16645.17,16640.65,16644.27,39.25932
2022-11-19 07:40:00,1.6385778e-06,0.9999963,2.0464631e-06,7.118826249062078,8.889170455363413,6.568077911411976,-0.0327383172554827,16604.64,16610.48,16603.95,16607.76,67.12821
2022-11-19 22:28:00,0.9997756,1.0989222e-05,0.00021347875,7.1693500166706,9.41930385971656,6.907755278982137,-0.0339670863644101,16797.93,16807.06,16773.45,16789.33,364.32014
2022-11-20 03:04:00,0.0054004337,0.99274206,0.0018575051,8.01829613851552,9.57171425857138,6.766191714660351,0.0321975136312548,16683.46,16686.62,16681.67,16686.48,31.70788
2022-11-21 00:55:00,0.9964498,2.1310855e-06,0.0035480312,8.902183446335016,10.91439731633602,9.236690147298964,0.0230400691136609,16275.1,16286.82,16271.8,16273.85,181.80587
2022-11-21 03:14:00,0.9999747,8.353555e-07,2.4457895e-05,7.181591944611865,8.700847193443972,6.38856140554563,-0.0500482725102194,15992.69,15998.88,15990.65,15998.71,120.48434
2022-11-21 23:21:00,0.9999368,4.5412844e-06,5.8621343e-05,7.334981878871814,9.237177025929745,6.977281341630747,-0.0261369643487533,15807.41,15807.48,15792.97,15799.63,136.32698
2022-11-22 05:12:00,0.99998784,2.5251092e-07,1.1977894e-05,7.823245690685523,9.881241943588808,7.525639975041535,-0.0405464715431292,15822.18,15824.78,15810.33,15817.67,98.13161
2022-11-22 21:00:00,0.9999478,3.2108906e-05,2.0192187e-05,6.93537044601511,9.057189192482008,6.925595197110468,0.0201725540545879,16134.85,16137.66,16123.52,16131.65,126.95624
2022-11-23 02:36:00,0.9685138,0.017730467,0.013755789,7.224753405767971,8.990815266184685,6.682108597449809,0.0303258625368016,16487.84,16496.97,16468.12,16478.63,250.61212
2022-11-23 07:52:00,0.96808517,0.030693166,0.0012217062,5.337538079701318,7.29641326877392,4.804021044733257,0.0264039899802339,16575.07,16590.97,16573.77,16587.74,238.16967
2022-11-23 08:53:00,0.98946035,0.001413763,0.009125947,6.716594773520978,8.308938252595778,5.673323267171493,0.0432442531050066,16545.59,16549.96,16540.7,16545.53,99.51339
2022-11-23 11:03:00,0.9990307,4.0335548e-05,0.00092898804,5.198497031265826,8.369157112588834,5.3230099791384085,-0.0067828142767479,16618.81,16633.06,16617.4,16621.6,224.21085
2022-11-23 12:30:00,3.334927e-05,0.9999665,1.393067e-07,7.351158226430694,8.859647499714997,6.040254711277414,-0.0153789223231946,16544.23,16554.23,16540.55,16552.71,145.44072
2022-11-25 04:53:00,0.9999739,1.5466626e-06,2.4556506e-05,7.162397497355718,9.21572584425252,6.375024819828097,0.0387255700991065,16435.72,16446.66,16430.64,16431.64,182.17597
2022-11-25 06:55:00,0.016054604,0.00021802537,0.98372734,7.952263308657046,9.963641475355876,6.29156913955832,-0.0206621065463086,16424.16,16424.71,16420.62,16421.68,63.26977
2022-11-26 02:03:00,0.15162237,0.8482019,0.00017573137,6.889591308354466,8.397057390176256,5.713732805509369,0.079761794738396,16651.89,16658.83,16650.5,16655.35,95.69728
2022-11-26 21:53:00,0.9924344,0.0041126767,0.0034529266,6.8001700683022,8.722091302389098,6.18826412308259,0.0180130226726714,16514.98,16522.13,16514.34,16521.6,113.26861
2022-11-27 22:00:00,0.9999777,1.0233808e-06,2.1273743e-05,6.823286122355687,8.741456115998364,6.274762021241939,0.0202335727414377,16578.17,16582.64,16573.2,16574.23,83.85817
2022-11-28 05:00:00,0.9999964,3.9357666e-08,3.6034162e-06,7.125283091510712,8.789203094473724,5.723585101952381,0.0485529103851838,16210.3,16212.62,16205.44,16208.08,133.08953
2022-11-28 22:09:00,0.99988055,8.919723e-05,3.0252586e-05,6.665683717782408,8.839711378703475,6.52795791762255,0.0428228820831607,16207.02,16209.7,16200.03,16202.62,72.325
2022-11-29 03:20:00,0.24774005,0.7516008,0.0006591481,6.967909201801884,9.006141236662911,6.306275286948016,0.0130724068318144,16268.14,16276.12,16266.81,16275.62,109.51921
2022-11-29 21:40:00,0.99962246,5.318314e-05,0.00032438274,6.444131256700441,8.651374372882257,6.42648845745769,0.0866604448996058,16468.1,16470.43,16467.0,16468.79,95.721
2022-11-30 00:51:00,1.1187184e-05,0.99998844,3.0058928e-07,6.385194398997726,8.464846711044029,5.497168225293202,0.0354807285361206,16856.51,16867.23,16810.04,16810.04,625.05739
2022-11-30 21:36:00,0.99980253,0.00016598227,3.1513508e-05,7.953318346560431,9.82271124250884,6.9957661563048505,0.0408105447676043,17059.01,17071.12,17058.69,17064.94,115.5833
2022-11-30 23:15:00,2.0051537e-07,0.99999976,4.5387036e-08,5.963579343618446,8.553910774351401,4.532599493153256,-0.0141089188041221,17168.98,17175.91,17144.85,17145.95,345.78813
2022-12-01 05:09:00,0.99993587,1.3943861e-06,6.2698266e-05,5.834810737062605,8.8065738205036,5.855071922202427,-0.0132712381953474,17135.9,17137.86,17132.3,17135.3,84.56029
2022-12-01 06:46:00,0.9999764,1.4597002e-06,2.221518e-05,6.774223886357614,8.673512945671192,6.093569770045136,0.0406007125144615,17107.88,17122.34,17106.65,17118.31,220.85231
2022-12-01 11:53:00,0.9999348,4.8373374e-07,6.4687716e-05,6.818924065275521,8.417814747435958,5.958424693029782,-0.0312548105155387,17097.83,17102.86,17092.88,17101.77,269.55384
2022-12-01 21:21:00,0.997724,2.8864357e-05,0.0022471033,6.710523109452428,8.674025985443025,5.926926025970411,0.0151575664626975,16913.85,16917.71,16907.51,16909.83,75.10568
2022-12-02 01:52:00,0.79999864,2.5486993e-06,0.1999988,6.20455776256869,7.126890808898808,4.997212273764115,0.0473688668167543,16891.2,16909.41,16891.2,16908.41,246.52657
2022-12-02 21:21:00,0.79113,0.20433757,0.004532375,7.744136627627991,9.63554274576738,7.267525427828172,0.0276463939583921,17027.42,17028.24,17021.34,17021.73,76.37114
2022-12-03 02:48:00,0.9901174,6.3582243e-06,0.009876267,6.363028103540465,8.036249942132116,5.501258210544727,0.0381203492723877,17024.9,17024.9,17022.02,17022.7,50.60056
2022-12-03 21:31:00,0.99944633,8.333855e-06,0.00054529647,6.907755278982137,9.12052506765382,7.001245622069476,0.0145473407760641,16921.73,16925.79,16919.04,16922.59,103.55628
2022-12-04 01:33:00,0.79999864,2.5486993e-06,0.1999988,6.655440350367647,8.119398589612294,5.953243334287785,-0.0070515659071298,17017.1,17018.39,17011.0,17013.0,165.24251
2022-12-04 21:09:00,0.022798536,0.9770855,0.00011604127,7.1284959456800365,9.174402265170553,6.546785410760524,0.0092265010611787,17082.59,17085.44,17081.52,17084.55,29.42348
2022-12-05 03:21:00,0.9999373,8.1876374e-07,6.191219e-05,7.584264818389059,9.227197489042606,6.76849321164863,0.0215818376597336,17248.3,17252.47,17239.08,17242.49,172.98099
2022-12-05 20:38:00,0.0045773042,3.851098e-06,0.9954189,5.3612921657094255,6.630683385642372,4.262679877041316,-0.0132359826934248,16934.03,16935.55,16929.46,16933.56,85.65482
2022-12-05 21:48:00,0.99970454,8.873473e-06,0.0002866096,7.455876687491824,9.417354541360508,6.930494765951626,0.1176348779049947,16972.96,16973.98,16964.14,16971.0,180.77313
2022-12-06 01:52:00,0.9839655,0.015820613,0.0002138681,6.825460036255307,8.452121194672523,6.248042874508429,0.0391424459091592,17039.52,17043.55,17031.74,17033.41,145.7266
2022-12-06 08:37:00,0.9965144,3.45128e-06,0.0034822293,6.171700597410915,7.976595409316577,5.613128106388071,-0.0197695329898235,16988.88,16997.61,16988.11,16994.81,173.54163
2022-12-06 21:21:00,0.999995,1.6721553e-07,4.9145297e-06,6.902742737158593,8.990316947998217,6.129050210060545,0.0410304476897968,16985.99,16987.33,16980.54,16981.53,94.1196
2022-12-07 07:24:00,0.9999887,2.307431e-06,9.066108e-06,5.616771097666572,6.767343125265392,3.828641396489095,0.1681259770290334,16794.36,16799.11,16788.65,16790.32,247.87304
2022-12-07 08:51:00,0.9999453,4.7807163e-05,6.9037083e-06,7.2115567333138015,8.555836815008442,6.131226489483141,0.0349451782286435,16771.05,16782.3,16770.33,16781.79,153.65279
2022-12-07 21:40:00,0.99821234,0.0002597971,0.0015279691,7.189922170745808,9.268703615273097,6.818924065275521,-0.000382948359047,16813.5,16814.08,16811.39,16811.45,44.8638
2022-12-08 03:05:00,0.999972,3.9418273e-06,2.4117164e-05,7.1284959456800365,9.019300924562506,6.854354502255021,-0.031411818634516,16838.08,16839.51,16833.6,16834.42,84.39957
2022-12-08 19:19:00,0.99999917,3.521996e-07,4.1958452e-07,3.970291913552122,7.780303087908373,5.365976015021851,-0.015108547679981,17223.23,17225.35,17217.0,17217.12,143.16514
2022-12-08 21:21:00,0.9996762,0.00012030874,0.00020346692,7.441906728051625,9.28470545393149,6.587550014824796,0.0103633608304783,17188.76,17191.88,17188.0,17190.27,56.54855
2022-12-08 21:37:00,0.9996513,8.8596375e-05,0.00026018673,5.673323267171493,8.924922401177469,6.8001700683022,-0.2961751969461667,17181.93,17183.84,17181.28,17181.77,44.25065
2022-12-13 01:28:00,0.36339426,0.6364976,0.00010809628,6.727431724850855,8.285008895449879,6.263398262591624,0.0294058889641996,17158.33,17162.99,17157.1,17159.2,87.7004
2022-12-13 21:17:00,0.99988174,6.243041e-06,0.000111992325,7.614805364711073,9.50554408582681,6.983789965258135,0.1108320173719787,17765.41,17769.83,17764.22,17768.19,77.50051
2022-12-14 21:01:00,0.9999845,1.0804492e-06,1.4451123e-05,7.145984467714388,9.01881660441743,6.829793737512425,0.0418541580803394,17778.39,17794.96,17777.38,17791.95,115.44775
2022-12-15 02:56:00,0.94031054,0.0014571857,0.058232285,6.486160788944089,8.323851131338817,6.408528791059498,-0.0450618002965641,17700.86,17711.34,17699.53,17708.06,168.98265
2022-12-15 21:02:00,0.99960035,0.00023997831,0.00015964292,7.113142108707088,9.016512874996026,6.450470422144176,0.0690004596806417,17421.72,17424.0,17419.93,17422.41,85.31097
2022-12-15 23:52:00,0.99406236,0.0019976615,0.0039399234,5.3706380281276624,7.232010331664759,5.14166355650266,0.0816655941627737,17361.14,17363.2,17349.75,17354.93,180.46533
2022-12-16 00:52:00,0.9913941,0.004382731,0.004223192,6.467698726104354,8.115819701211327,5.680172609017068,0.0306256551451161,17405.02,17410.0,17404.88,17407.47,67.72194
2022-12-16 03:21:00,0.94320834,0.05544399,0.0013477445,6.107022887742255,8.53856321715243,5.768320995793772,-0.0267183004151851,17418.13,17419.69,17414.94,17415.31,42.58504
2022-12-16 03:45:00,0.03612257,0.0093876105,0.95448977,5.575949103146316,8.429454277108231,6.352629396319567,-0.0340297109915035,17415.27,17417.19,17414.21,17416.8,26.66818
2022-12-16 21:00:00,0.99974936,1.6196593e-06,0.00024892646,6.400257445308821,8.584851839890053,6.061456918928017,0.0251710535424743,16873.4,16890.0,16872.59,16888.18,105.07787
2022-12-18 04:33:00,0.99995697,9.462937e-06,3.358155e-05,5.564520407322694,8.648747631156539,5.560681631015528,0.0185108170618006,16782.46,16789.22,16775.9,16788.18,149.69115
2022-12-18 10:50:00,0.99832016,4.9140508e-05,0.0016306782,4.219507705176107,5.2832037287379885,3.1780538303479458,0.1676059640261899,16708.73,16712.71,16707.87,16708.11,104.94599
2022-12-18 21:44:00,0.99765056,0.001887179,0.0004622218,7.362010551259734,9.488275092973083,6.810142450115136,-0.0183466650350197,16745.5,16750.77,16744.04,16746.59,72.48599
2022-12-19 21:13:00,0.99990594,6.137653e-05,3.2679374e-05,7.257707677160043,9.34233308143468,6.558197802812269,0.0303201232454749,16607.12,16608.69,16602.31,16604.81,75.06348
2022-12-20 21:47:00,0.99962413,0.00034681373,2.9104203e-05,7.510977752014095,9.810878720803466,6.954638864880987,0.0198089160958443,16878.84,16879.38,16875.6,16876.85,80.44336
2022-12-21 21:45:00,0.99877936,7.5145814e-05,0.0011455424,7.206377291472252,9.229848838364228,6.77078942390898,0.0423487164796075,16770.82,16773.79,16762.0,16762.74,206.64193
2022-12-22 02:01:00,0.99937856,3.0424315e-05,0.0005910233,5.945420608606575,6.925595197110468,5.017279836814924,0.0463054984925117,16815.94,16818.36,16814.0,16814.62,80.26771
2022-12-22 03:02:00,0.99971193,2.3438222e-05,0.00026456895,7.044905117129371,8.465478755729558,6.368187186350492,0.034450251189127,16852.02,16852.95,16850.46,16851.7,51.05925
2022-12-23 21:44:00,0.013292091,0.00011301725,0.9865949,6.416732282512326,8.620110725422924,3.5263605246161616,-0.0334558346120089,16813.65,16815.05,16811.14,16812.73,53.30651
2023-01-01 07:57:00,0.99998975,3.881916e-06,6.364822e-06,7.396948602621014,9.362889770436468,6.2766434893416445,0.155165905669998,16530.63,16532.1,16527.0,16530.42,87.8708
2023-01-01 22:04:00,0.9871646,0.004336322,0.008499076,7.243512974665482,9.35452729228868,6.576469569048224,0.0405015753620557,16610.86,16613.85,16609.5,16611.63,86.74126
2023-01-02 05:34:00,0.19249448,5.5395605e-05,0.8074501,6.26530121273771,8.161660452056282,6.439350371100098,-0.0223072619218185,16624.34,16629.5,16623.76,16628.27,68.59876
2023-01-02 22:16:00,0.99996614,2.5756437e-06,3.1268286e-05,7.517520850603031,9.417354541360508,6.876264611890766,0.0500937614644711,16755.32,16755.69,16747.25,16747.78,53.54664
2023-01-03 22:07:00,0.8807234,0.11882923,0.0004473962,7.87359778968554,9.642577230581775,6.54965074223381,0.0335354488210769,16667.56,16669.0,16666.45,16668.99,65.10367
2023-01-04 09:03:00,0.99999857,3.9281127e-07,1.018226e-06,5.342334251964811,6.418364935936212,3.7612001156935615,0.1592777352429694,16859.41,16864.05,16859.25,16862.62,85.60858
2023-01-04 22:03:00,0.99984014,6.858012e-07,0.00015906034,7.592870287844818,9.526974266377731,6.870053411798126,0.0210934056638544,16823.46,16827.7,16822.45,16826.64,74.50982
2023-01-05 02:57:00,0.9999964,1.2202499e-06,2.3719704e-06,6.873163834212518,8.261784679514752,5.793013608384144,0.0129306220995323,16836.69,16839.9,16835.01,16838.01,65.33421
2023-01-05 21:21:00,0.99943453,0.00013386134,0.00043157535,6.805722553416985,8.880724576151456,6.226536669287466,0.0539364800873521,16852.15,16853.21,16845.87,16847.14,118.14364
2023-01-05 23:18:00,0.999253,0.0007017553,4.5272143e-05,5.707110264748875,6.740519359606223,4.23410650459726,0.0967621133475092,16835.13,16837.35,16834.0,16835.05,74.65349
2023-01-06 02:04:00,0.9839655,0.015820613,0.0002138681,7.009408932708637,8.525558107747866,5.846438775057725,0.0235281270966809,16814.24,16815.0,16802.01,16808.78,538.96563
2023-01-06 21:28:00,8.082728e-06,0.99999166,2.599993e-07,7.346655163176539,9.260462981379394,6.431331081933479,0.0419535594349306,16923.3,16934.15,16921.5,16932.88,180.93875
2023-01-07 02:10:00,0.99988484,7.953149e-05,3.5599052e-05,7.210079628170788,8.641709066113805,5.780743515792329,0.0386356533112875,16947.9,16951.31,16947.57,16950.11,83.10168
2023-01-07 06:55:00,2.682393e-06,0.999997,2.059566e-07,6.771935555839602,8.846065190692881,5.857933154483459,0.0034393603459688,16932.4,16934.51,16931.87,16933.34,80.86112
2023-01-07 22:28:00,0.9970912,0.000115751536,0.0027929982,7.194436851100335,9.078864009187797,6.376726947898627,0.069544232205957,16937.31,16937.61,16935.0,16936.14,62.66558
2023-01-08 03:33:00,0.997638,3.0026396e-05,0.0023320152,6.825460036255307,8.971575439759016,7.892825526251117,0.035976789852501,16932.05,16932.71,16931.34,16931.7,31.07054
2023-01-12 23:05:00,0.9999827,8.418762e-07,1.6486476e-05,6.124683390894205,9.167224080902557,6.82001636467413,-0.0603720535499566,18901.44,18908.36,18887.36,18889.87,201.35292
2023-01-13 05:57:00,0.99948114,0.00046299637,5.5877004e-05,7.193685818395112,8.865735152124781,6.356107660695892,-0.0055140069382652,18799.51,18800.61,18786.12,18789.03,186.1917
2023-01-13 14:12:00,0.99489516,0.00033963405,0.0047650943,7.170888478512505,9.028218795184896,6.452048954437226,0.0665857918627018,18918.24,18930.0,18914.74,18919.41,277.06635
2023-01-13 21:38:00,0.48739365,0.00452153,0.5080848,7.220373836723949,9.159993997539445,6.598509028614515,0.0254088940525423,19605.92,19875.5,19596.43,19855.01,2063.81362
2023-01-14 07:57:00,0.99258465,0.007335144,8.0175996e-05,6.884486652042782,9.671050954310326,6.810142450115136,-0.0215320015278238,20890.96,20896.07,20887.39,20893.58,162.16883
2023-01-14 14:31:00,0.999684,8.703712e-07,0.0003151709,7.963807953231451,12.626157035941503,7.711548979629146,0.024666677590658,20923.28,20964.36,20912.11,20960.81,394.33432
2023-01-14 21:37:00,0.999926,7.832688e-06,6.6189525e-05,7.608374474380783,9.48978863950086,6.393590753950631,0.0100796864100971,20881.88,20911.55,20877.78,20899.47,208.16471
2023-01-15 05:06:00,0.99912626,0.0008462686,2.7499273e-05,6.866933284461882,8.805674944038582,5.921578419643816,0.0425856770454419,20688.25,20689.41,20679.49,20682.18,48.10225
2023-01-15 06:29:00,0.9902305,0.0001582773,0.009611221,6.993932975223189,9.054855469135788,6.675823221634848,-0.0184708469594551,20776.28,20781.91,20766.61,20766.76,78.55727
2023-01-15 14:56:00,4.919062e-09,1.0,2.3287662e-08,7.239932591320469,9.291643823040218,6.813444599510896,-0.0149963578721653,20790.64,20799.89,20776.63,20781.88,186.50691
2023-01-15 23:17:00,0.99995685,4.3063683e-06,3.890367e-05,7.534762657037537,9.448727152703086,6.492239835020471,0.1017775563070588,20872.94,20883.26,20871.22,20879.34,75.87837
2023-01-16 21:21:00,0.9998667,3.3388662e-06,0.0001299709,7.304515946460155,9.199885914072324,6.398594934535208,0.0217803719079068,21178.54,21195.04,21152.46,21158.38,207.00692
2023-01-17 21:37:00,0.99992275,2.235136e-06,7.4966345e-05,7.392647520721623,9.292473201514705,6.46302945692067,0.0245545210477323,21299.99,21309.78,21292.93,21297.72,129.71583
2023-01-18 21:28:00,4.6568772e-08,1.0,8.125444e-09,7.456454555176209,9.365718869155696,6.368187186350492,0.1101060987462366,20768.4,20770.46,20740.55,20744.07,240.70196
2023-01-19 21:16:00,0.9990608,0.00011247105,0.0008267297,7.003065458786462,9.077380244719953,6.263398262591624,0.0480673910279678,21033.43,21039.27,21032.03,21036.9,65.33477
2023-01-20 21:02:00,0.99877936,7.5145814e-05,0.0011455424,7.510430556378006,9.396570945266852,6.630683385642372,0.0404430819450971,22263.64,22270.5,22237.77,22243.35,411.16488
2023-01-21 21:00:00,0.99931896,1.5228458e-05,0.0006658623,7.759187438507795,9.658673380311525,6.855408798609928,6.041404800455901e-05,23093.38,23116.58,23009.11,23079.68,864.42077
2023-01-22 02:02:00,1.462222e-07,0.99999976,6.0144e-08,7.552237287560802,9.30273722124215,6.472346294500901,0.0147251133848484,22816.31,22825.0,22792.03,22802.1,278.99977
2023-01-22 23:11:00,0.9997793,5.166821e-05,0.00016899817,5.765191102784844,8.116417072794205,5.739792912179234,-0.0169460074839692,22715.92,22740.0,22714.8,22722.94,271.04985
2023-01-23 21:18:00,0.99560815,0.0005530905,0.0038387664,7.0967213784947605,9.09985563880091,6.212606095751519,0.0448152329288084,22957.37,22962.45,22938.77,22940.36,119.90114
2023-01-30 21:57:00,0.9999975,1.8416154e-07,2.2668257e-06,7.331714969726466,8.704999678440762,6.354370040797351,0.0002282791835758,22740.19,22761.1,22740.15,22756.74,154.94486
2023-01-31 22:18:00,0.99957114,0.00015869335,0.0002701239,7.2115567333138015,9.033603193476129,6.272877006546167,0.1304293356045212,22909.9,22926.31,22903.83,22912.52,158.01383
2023-02-01 21:30:00,0.9999975,5.541476e-07,1.9336192e-06,6.838405200847344,8.788440957404594,6.118097198041348,0.1454983873556432,23718.99,23748.64,23715.69,23745.72,333.9844
2023-02-02 21:22:00,0.99967086,3.8948736e-05,0.00029022316,6.8501261661455,8.766705997750515,6.142037405587356,0.1606889070400435,23749.57,23760.95,23733.25,23744.75,239.76318
2023-02-03 21:35:00,0.99940515,3.334608e-06,0.00059154426,6.731018100482083,8.629271094821588,6.035481432524756,0.1025405155946875,23359.13,23365.66,23357.02,23357.02,86.60511
2023-02-04 00:36:00,1.7365383e-05,0.999982,5.957609e-07,6.591673732008658,8.127699852817772,5.480638923341991,0.0680558471553118,23451.82,23458.68,23441.47,23444.4,244.15643
2023-02-04 22:41:00,0.9999536,6.314358e-06,4.009524e-05,7.176254532017144,9.051344640485723,6.4692503167957724,0.0370910597051722,23445.33,23445.74,23437.67,23440.85,55.26707
2023-02-05 08:19:00,0.6855642,0.31425047,0.00018538108,6.529418838262226,8.892886141190731,6.63200177739563,0.0532582563947025,23369.71,23373.31,23367.83,23372.36,67.88903
2023-02-05 23:52:00,0.9999733,1.3952883e-06,2.5304123e-05,7.31455283232408,9.146548238888403,6.56244409369372,0.0249328194127166,22947.36,22951.26,22925.15,22949.3,187.57123
2023-02-06 09:48:00,0.040601928,6.152132e-05,0.9593366,5.438079308923196,6.836259277277067,3.828641396489095,0.0339310077900371,22850.07,22850.56,22843.33,22845.96,111.78349
2023-02-07 02:51:00,0.08988066,0.0007538925,0.9093655,6.880384082186005,8.477620416296414,5.655991810819852,-0.0112450878782865,22875.06,22888.0,22871.91,22881.93,265.7335
2023-02-07 21:37:00,0.9997271,2.9623359e-06,0.00026994996,7.126890808898808,8.9680140012452,6.356107660695892,0.0195273313679061,23200.8,23213.81,23200.8,23209.93,143.83391
2023-02-08 02:07:00,0.9994547,8.043433e-06,0.00053718855,7.422971251049421,9.067047202149707,6.3578422665081,0.0158904891576804,23292.27,23294.25,23286.32,23286.34,109.24729
2023-02-08 22:02:00,0.12892967,0.8710108,5.958846e-05,6.98933526597456,8.775085935057266,5.820082930352362,0.050351505514214,22951.14,22964.83,22949.14,22963.77,105.56323
2023-02-09 22:29:00,0.9993162,9.886297e-06,0.0006738533,7.085064293952548,9.030615441029497,6.3080984415095305,0.0194013571433429,21896.66,21900.68,21881.9,21886.79,96.32999
2023-02-13 21:35:00,0.9999819,2.3210714e-07,1.7906063e-05,6.911747300251674,8.869116865929483,6.131226489483141,0.1037142028812387,21611.03,21614.0,21603.43,21607.04,83.40421
2023-02-14 21:17:00,0.99997234,4.1203364e-07,2.7319633e-05,7.088408778675395,9.01627006814768,6.26530121273771,0.0253197236004974,22164.91,22175.3,22163.12,22163.92,124.23979
2023-02-15 21:50:00,0.9999945,5.388603e-06,1.2256213e-07,6.434546518787453,8.165363632473982,5.393627546352362,0.1887787694488345,24069.14,24104.58,24068.32,24096.83,159.08468
2023-02-16 02:59:00,7.30254e-05,0.9999263,6.450648e-07,7.027314514039777,9.056256356593469,6.0330862217988015,0.0094395083452439,24690.18,24690.22,24680.76,24687.88,159.07255
2023-02-16 21:30:00,0.9022327,0.0003762337,0.097391054,7.121252453244542,8.953122840328222,6.150602768446279,0.128692837774896,24479.48,24481.42,24444.05,24444.6,313.08755
2023-02-17 01:35:00,0.00024231161,2.7631939e-05,0.99973005,4.605170185988092,5.313205979041787,3.091042453358316,-0.0348417505173149,23737.51,23739.4,23705.0,23714.25,253.07072
2023-02-17 01:55:00,0.9999447,2.209355e-06,5.304824e-05,5.662960480135946,9.022563964499264,6.773080375655535,-0.0936079680773042,23764.46,23771.99,23754.52,23771.15,247.49896
2023-02-17 21:59:00,0.999574,1.16957635e-05,0.0004142899,6.769641976852503,8.704170559746386,6.2166061010848646,0.0892546479628845,24589.11,24599.94,24405.88,24476.42,1242.4029
2023-02-18 02:06:00,0.9999896,5.2921287e-08,1.0429842e-05,6.651571873589727,8.785386587284156,6.131226489483141,-0.0117716655237696,24644.69,24644.7,24636.21,24642.37,116.88922
2023-02-18 05:33:00,1.8859218e-05,0.99997985,1.3470873e-06,7.21081845347222,8.939974177289633,6.095824562432225,0.0266747842491327,24614.36,24628.11,24608.3,24625.9,165.91615
2023-02-18 21:18:00,0.06448474,0.9300182,0.0054970062,7.124478262493424,8.996280439395015,6.144185634125646,-0.0151341156085426,24629.68,24629.83,24613.03,24618.49,171.89642
2023-02-19 03:24:00,0.99992764,4.3754684e-07,7.1918716e-05,6.673297967767654,8.315321775377567,5.697093486505405,-0.0348963174702203,24683.33,24685.27,24678.64,24685.27,68.70264
2023-02-19 09:03:00,1.2852636e-05,0.999987,6.754209e-08,6.455198563340122,8.065579427282092,5.337538079701318,0.0595848108702529,24587.89,24594.18,24586.99,24591.41,66.97621
2023-02-20 04:31:00,0.016971994,0.98299974,2.8246768e-05,6.617402977974478,8.119993827725105,5.537334267018537,0.0075457882023524,24459.71,24465.92,24450.0,24450.16,235.42164
2023-02-20 22:07:00,0.23647188,0.76345253,7.5615135e-05,7.67693714581808,9.487896348128954,6.650279048587422,0.0291513232308739,24756.22,24764.02,24752.88,24760.55,67.0452
2023-02-21 21:11:00,0.9977182,5.3207114e-05,0.0022286274,7.098375638590786,9.142061531222888,6.638567789166521,0.0269984050922047,24485.17,24487.28,24428.84,24448.98,488.67895
2023-02-27 21:06:00,0.9527176,0.046708927,0.00057345856,7.215975002651466,9.020752479190184,6.4457198193855785,0.0450580085423068,23306.19,23328.82,23305.51,23325.85,129.58155
2023-02-28 21:09:00,0.9997253,1.9440467e-06,0.00027274998,6.84587987526405,8.728749873478527,6.261491684321042,-0.0327798628584863,23199.96,23214.36,23183.88,23186.68,258.55875
2023-03-01 01:50:00,0.9999976,9.4844404e-07,1.4119166e-06,7.631916513071252,8.999989642460726,6.302618975744905,0.0238195741979141,23245.38,23259.35,23238.27,23248.55,218.58552
2023-03-01 21:01:00,0.99450266,0.0005339894,0.0049634,6.944087208229528,8.826587830773668,6.453624998892692,-0.0229833514720394,23405.61,23406.62,23401.23,23402.37,110.98122
2023-03-02 21:03:00,0.9999888,1.9798981e-06,9.234277e-06,7.220373836723949,9.066931788680826,6.786716950605081,0.1209807809374442,23455.73,23470.58,23451.12,23466.46,131.81236
2023-03-03 11:23:00,0.9997826,0.00018322207,3.424588e-05,6.848005274576363,9.068546366358296,8.262816937670928,0.0319561683976612,22342.93,22352.99,22341.97,22349.06,145.53634
2023-03-03 21:06:00,0.99955386,1.291462e-05,0.00043325135,7.0825485693553,9.034318927730707,6.423246963533519,0.012608960445289,22298.26,22313.81,22297.25,22309.69,100.24741
2023-03-04 21:00:00,0.99991786,2.6865417e-05,5.5321907e-05,6.7226297948554485,8.734238184268579,5.976350909297934,0.0784125794964902,22250.33,22251.61,22237.67,22239.0,189.77732
2023-03-04 23:45:00,0.9999976,1.290731e-07,2.2675265e-06,3.610917912644224,5.60947179518496,3.044522437723423,0.1620579857981613,22336.42,22339.4,22332.09,22337.62,65.64691
2023-03-05 21:34:00,0.99997246,1.3627483e-06,2.620702e-05,6.877296071497429,8.849657406639912,6.180016653652572,0.0602417062856741,22468.01,22472.36,22460.66,22465.89,67.04554
2023-03-06 02:32:00,0.9999763,1.1047756e-05,1.2642564e-05,6.795705775173514,8.528924114291936,5.945420608606575,0.0496089534521078,22359.35,22362.78,22347.84,22350.36,112.43541
2023-03-06 21:00:00,0.79113,0.20433757,0.004532375,7.1308988302963465,8.899457906353966,6.391917113392602,0.08655504822689,22352.17,22355.84,22320.01,22326.99,482.49707
2023-03-07 02:02:00,0.588623,0.4107412,0.0006357804,6.1675164908883415,8.232706009860976,6.042632833682381,0.0339561758348296,22484.82,22488.71,22477.01,22479.45,101.50628
2023-03-07 21:09:00,0.982886,0.013599906,0.0035140153,6.858565034791365,8.662158961666423,6.003887067106539,0.0722985643446104,22062.12,22062.82,22044.86,22047.66,139.38849
2023-03-09 02:47:00,0.114171445,0.885796,3.2560984e-05,7.141245122350491,8.656781205623291,6.042632833682381,0.069904187114595,21769.51,21771.59,21764.67,21766.38,72.22739
2023-03-09 22:07:00,2.491801e-07,0.99999964,8.904504e-08,6.892641641172089,8.679992081721329,6.573680166960646,0.0151437822713814,20325.64,20337.88,20315.78,20327.1,194.45867
2023-03-10 11:22:00,0.34882206,0.0007522985,0.6504256,7.913886714856082,9.863238310628445,7.581209826196346,-0.0197767621019672,19622.58,19632.96,19616.84,19625.67,198.00504
2023-03-13 20:43:00,0.9885479,0.00019366274,0.01125845,7.830822995135316,9.463663891791525,6.455198563340122,0.0441453895076076,24178.53,24212.71,24170.4,24192.59,311.4828
2023-03-13 23:50:00,0.9867361,0.013207954,5.5850895e-05,5.7430031878094825,7.768956044538332,5.204006687076795,-0.0818589862560606,24079.38,24108.0,24072.0,24089.52,241.02744
2023-03-14 00:46:00,0.98419076,6.296192e-06,0.015802918,8.492900498847193,9.95953701838715,6.706862336602747,0.0292832431260745,24111.58,24190.59,24109.18,24183.12,589.77273
2023-03-14 21:47:00,0.99999666,4.913919e-08,3.3652113e-06,6.813444599510896,8.602269363771356,6.405228458030842,0.0203523746810382,24482.1,24520.0,24476.05,24513.64,189.17721
2023-03-14 22:00:00,0.9999764,1.578825e-05,7.920559e-06,7.207118856207756,9.207536444643448,6.306275286948016,0.0579703054180678,24536.99,24541.37,24465.76,24491.53,445.23086
2023-03-14 22:01:00,0.9990557,6.9291505e-05,0.0008750597,6.942156705699469,9.102977853647683,4.143134726391533,0.0351899920844501,24491.53,24494.47,24428.15,24451.96,463.85761
2023-03-15 03:05:00,0.9878507,0.011034215,0.0011150775,6.597145701886651,8.128585200374497,5.66988092298052,0.0694477414816453,24825.7,24846.0,24817.92,24839.39,247.42794
2023-03-15 03:49:00,0.9996094,2.2020522e-06,0.00038842187,7.360739903058278,8.803724602110622,5.831882477283517,0.0457664335458537,24737.68,24737.69,24709.4,24713.95,152.60764
2023-03-15 06:19:00,0.86206007,0.13227732,0.0056626224,7.771488760117616,9.13658618338752,6.228511003591184,0.0297142740823401,24661.24,24670.78,24653.17,24655.57,107.76678
2023-03-15 14:49:00,0.9998745,0.00011322434,1.2318731e-05,6.792344427470809,8.566364235422688,6.3818160174060985,0.0117234859976775,24538.28,24599.0,24534.47,24565.3,806.84419
2023-03-15 20:46:00,0.83457327,0.0028250283,0.16260175,7.359467638255621,9.1381996941985,6.175867270105761,0.0417931415648163,24383.98,24390.66,24365.79,24371.12,167.63147
2023-03-16 03:13:00,9.100156e-08,0.9999999,8.302187e-09,7.329093736246592,9.264639145383562,6.375024819828097,0.0595624320660368,24283.09,24286.49,24256.57,24265.36,198.45169
2023-03-16 04:36:00,0.9998739,2.3420276e-05,0.00010271258,7.52456122628536,8.695339376799712,5.929589143389895,0.0354194542224958,24243.33,24252.8,24207.0,24224.13,388.04049
2023-03-16 10:32:00,0.9981579,0.000932235,0.0009097431,7.322510433997394,8.671458150427666,5.579729825986222,0.0710734878570417,24919.97,24944.56,24855.78,24923.88,1252.08598
2023-03-16 21:01:00,0.999877,6.754939e-05,5.5369997e-05,7.326465613840322,9.128696382935672,6.317164686747284,0.0767233073362596,24710.61,24740.11,24703.27,24717.83,265.29583
2023-03-17 02:07:00,0.041098263,0.9588951,6.635319e-06,6.925595197110468,8.415824697027949,5.337538079701318,-0.0051661030953192,25799.45,25857.28,25768.86,25823.77,2462.21097
2023-03-17 02:10:00,0.99941695,3.0063375e-06,0.00058008556,8.15507488781144,9.433243894485784,8.041734711487537,-0.0728536366309416,25805.43,25857.28,25791.0,25825.81,516.72237
2023-03-17 04:29:00,0.99995685,4.3063683e-06,3.890367e-05,6.419994928147142,8.242493153187626,5.081404364984463,0.0444324027973717,25873.63,25879.5,25780.01,25792.37,501.68226
2023-03-17 20:36:00,0.9999405,5.740198e-05,2.0021696e-06,7.461065514354283,9.319374133000306,6.210600077024653,0.0845322555371579,26771.01,26782.36,26751.0,26764.56,227.81544
2023-03-17 20:39:00,0.99962056,1.0135873e-05,0.0003692888,6.532334292222349,8.703008637464448,3.688879454113936,0.0467531337755609,26752.86,26755.5,26720.57,26725.45,201.07489
2023-03-18 04:42:00,0.999949,9.089164e-06,4.199338e-05,7.592870287844818,9.206031100388085,6.214608098422191,0.0088488023620347,27376.81,27384.26,27370.36,27380.29,88.11568
2023-03-18 05:47:00,0.99996674,1.5161821e-05,1.8115943e-05,7.729295674310482,9.597166175865407,7.022868086082641,-0.0191409953077801,27471.43,27472.37,27443.12,27446.82,191.01276
2023-03-18 06:00:00,0.6756791,0.00027476216,0.32404616,7.982074875081202,9.747593687577451,7.057036981697891,0.0206399923538075,27578.04,27587.99,27560.02,27567.75,281.41676
2023-03-18 06:10:00,0.9999957,4.360644e-07,3.862737e-06,6.747586526829315,8.747352077624353,5.638354669333745,0.0111924420177024,27555.19,27569.84,27548.27,27552.32,184.54454
2023-03-19 07:11:00,0.99740285,0.0011762963,0.0014208618,6.679599185844383,8.36264243156764,5.438079308923196,-0.019751951777479,26849.62,26864.91,26828.93,26832.11,226.54753
2023-03-19 10:04:00,0.99992335,5.9917027e-05,1.6738162e-05,5.69035945432406,7.707512194600341,4.718498871295094,-0.0244479197856095,27042.39,27044.25,27027.25,27033.1,119.30732
2023-03-20 00:26:00,0.9997068,3.070245e-05,0.0002623798,6.040254711277414,7.866338923046544,5.4638318050256105,-0.031440161881481,27992.08,28014.6,27973.73,27988.22,209.81655
2023-03-20 02:30:00,0.99485743,0.00010335423,0.0050392887,5.676753802268282,7.713784616598755,5.2574953720277815,-0.0671652211953343,27636.08,27657.12,27622.35,27654.27,256.42571
2023-03-20 05:56:00,0.986803,0.0003504467,0.012846547,6.259581464064923,8.092851027538384,5.342334251964811,-0.0395365247455987,27434.73,27453.65,27430.09,27447.52,182.15292
2023-03-20 06:37:00,0.98966485,8.24432e-05,0.010252692,7.317876198626496,9.520468633257794,7.65491704784832,-0.0142975229160605,27527.42,27551.02,27522.97,27547.0,191.05693
2023-03-20 07:03:00,0.99992764,1.2201853e-05,6.022774e-05,6.07993319509559,7.926963544862978,5.062595033026967,-0.0391694725314249,27701.41,27732.67,27697.2,27713.24,385.15392
2023-03-20 07:09:00,0.019179305,0.00010564811,0.98071504,5.5909869805108565,7.587817219993427,4.770684624465665,-0.0227326747752426,27751.46,27783.33,27748.9,27766.96,715.33655
2023-03-20 13:14:00,0.99994314,1.5420759e-06,5.5346314e-05,6.054439346269371,8.030409562130485,5.602118820879701,-0.0864252712531576,28149.04,28151.24,28113.82,28115.28,236.6617
2023-03-20 19:51:00,0.9996598,1.2424449e-06,0.00033898387,7.51479976048867,8.798454696065095,5.924255797414532,-0.0495543206565454,27832.35,27847.0,27810.0,27812.64,216.63271
2023-03-21 00:51:00,0.80982673,2.5558162e-05,0.19014765,5.849324779946859,7.928766321626695,5.159055299214529,-0.0273861689282462,27896.52,27918.06,27886.03,27916.88,258.22369
2023-03-21 06:05:00,0.0027089166,5.637826e-06,0.9972855,6.025865973825314,7.942717540573791,5.356586274672012,0.0013161616666904,27740.19,27748.0,27643.29,27643.46,969.13531
2023-03-21 20:48:00,0.1122623,0.00019539405,0.8875423,6.926577033222725,8.634086942887738,6.12029741895095,0.028950757106533,28102.08,28102.55,28057.0,28078.48,383.4263
2023-03-22 04:01:00,0.99815196,0.0018418957,6.109915e-06,7.165493475060845,8.849657406639912,5.726847747587197,0.0188295786120405,28141.93,28165.0,28122.12,28164.98,132.74469
2023-03-22 08:52:00,0.9990421,5.380886e-07,0.0009572792,6.729824070489475,8.344980368770571,5.5909869805108565,-0.0178165987911667,28126.26,28127.07,28100.0,28101.26,171.69537
2023-03-22 09:43:00,0.99326575,4.7032313e-06,0.0067294976,5.525452939131784,7.598399329323964,4.890349128221754,0.0177132558054167,28098.0,28098.01,28080.34,28089.15,48.13413
2023-03-22 10:44:00,0.9998921,1.7297563e-05,9.0638365e-05,5.820082930352362,7.644919344958857,4.727387818712341,-0.0164340770924567,28123.2,28123.82,28114.9,28121.99,50.0754
2023-03-22 18:20:00,0.99961,0.0003627624,2.72964e-05,7.374001859350161,9.208037722913508,6.542471960506805,-0.0200123758511134,28531.44,28531.45,28467.94,28476.38,209.68816
2023-03-22 20:30:00,0.99998915,3.3642155e-07,1.0489019e-05,7.6093665379542115,9.383200644980624,6.363028103540465,0.0125069783907975,27100.0,27100.01,27034.78,27035.0,180.7295
2023-03-23 20:51:00,0.99996424,2.7713857e-06,3.3061595e-05,7.426549072397305,9.246768728589734,6.318968113746434,0.0604295873414141,28194.77,28194.78,28182.12,28182.12,19.59066
2023-03-24 15:29:00,0.9979668,3.82553e-05,0.0019948715,6.148468295917647,8.80926561216931,5.83773044716594,-0.0217463476434801,27951.17,27974.97,27950.0,27971.36,43.29672
2023-03-24 19:24:00,0.9996847,2.926873e-06,0.00031234053,6.20455776256869,8.145259566516865,5.278114659230517,-0.021901614562121,27803.14,27832.22,27792.02,27812.78,54.33615
2023-03-24 21:01:00,0.9998565,5.519633e-06,0.00013806717,7.206377291472252,9.158731238242952,6.440946540632921,0.0354184180559064,27579.31,27605.29,27576.57,27605.29,75.91797
2023-03-25 01:00:00,0.9999695,8.5040557e-07,2.9631687e-05,4.07753744390572,4.962844630259907,2.5649493574615367,0.4754981831899014,27556.34,27566.12,27556.34,27559.38,28.76462
2023-03-25 01:17:00,7.8360145e-09,1.0,2.7668485e-09,6.856461984594587,8.499232866039245,5.525452939131784,0.0215158678124213,27495.17,27495.71,27491.58,27493.46,24.0615
2023-03-25 05:01:00,0.7595843,0.23997088,0.00044485525,7.630461261783627,9.05157907959124,6.1092475827643655,0.0101755865099163,27533.02,27533.02,27519.13,27522.72,18.43222
2023-03-25 12:14:00,0.99999595,3.4114814e-06,5.7241374e-07,7.829232537543592,9.342595951096651,7.718685495198466,-0.0292047022203737,27451.69,27462.84,27451.68,27461.17,15.84073
2023-03-25 16:39:00,0.9995932,1.90469e-05,0.00038772257,7.377758908227872,9.011889433252344,6.932447891572509,-0.0373404501657497,27709.11,27709.11,27675.83,27690.35,52.57765
2023-03-25 18:35:00,0.9999993,3.8824848e-07,3.3641788e-07,6.118097198041348,7.935945103353701,4.700480365792417,-0.0338678392982387,27464.7,27490.72,27462.13,27490.71,22.50288
2023-03-25 20:52:00,2.8695604e-06,0.999997,1.2787855e-07,7.24850407237061,9.200895913148184,6.313548046277095,0.1002947103805288,27370.0,27384.34,27368.19,27384.33,26.39634
2023-03-26 02:00:00,8.1802625e-08,0.9999999,2.3152532e-08,7.323170717943469,9.003562174748238,6.111467339502679,-0.0111230158279291,27593.34,27606.11,27593.34,27606.11,20.12011
2023-03-26 21:31:00,0.9997949,7.4997124e-06,0.00019759082,7.38770923908104,9.333707785926467,6.652863029353347,-0.0188339940683067,27786.03,27788.63,27784.79,27788.26,12.21333
2023-03-27 05:43:00,0.7470745,0.24899723,0.0039282623,6.523562306149512,8.37816098272068,5.700443573390687,0.0382249437187022,27825.94,27829.41,27825.94,27827.11,15.05137
2023-03-27 20:10:00,0.99999857,1.1706305e-06,2.2445174e-07,8.270013062273787,9.995063496023338,7.473069088032197,0.0661394635749967,26919.28,26954.24,26916.5,26936.01,76.87752
2023-03-28 13:12:00,0.27326372,0.011454977,0.7152813,6.075346031088684,7.660114319173928,4.454347296253507,-0.0375242634517904,26935.97,26935.98,26899.65,26899.65,87.66494
2023-03-29 20:35:00,0.9998685,4.9103805e-06,0.00012658942,7.550661243105336,9.429315246418172,6.76849321164863,0.0260494834346255,28437.44,28437.44,28433.32,28434.09,31.539
2023-03-30 01:10:00,0.018639097,0.98135984,1.0714607e-06,6.925595197110468,8.674880467251832,5.66988092298052,0.0179103444100266,28278.38,28286.52,28271.15,28277.88,48.31518
2023-03-30 20:28:00,0.99979514,7.251773e-06,0.00019758278,7.2115567333138015,9.114490046319348,6.293419278846481,0.0296683870494911,27981.26,27985.01,27977.92,27983.78,25.40223
2023-04-01 00:04:00,0.9345849,0.06186044,0.0035546562,5.932245187448011,8.212568398234145,5.159055299214529,-0.0317549328562202,28453.98,28453.98,28448.94,28453.55,39.77908
2023-04-01 12:54:00,0.9999875,1.7309675e-07,1.2344857e-05,5.8944028342648505,7.769378609513984,4.624972813284271,-0.0232696714128959,28418.34,28419.85,28416.13,28416.13,26.83677
2023-04-01 15:08:00,0.999933,9.6618e-07,6.601707e-05,6.324358962381311,7.833600223661103,5.153291594497779,0.0427743368052075,28326.55,28337.83,28326.54,28332.41,28.7538
2023-04-01 21:33:00,0.99999523,1.9921938e-06,2.793283e-06,6.992096427415888,8.47595444339964,5.58724865840025,0.0232374151229195,28471.6,28475.26,28471.6,28475.26,20.56095
2023-04-03 19:11:00,0.9991917,5.364997e-05,0.00075469416,7.323170717943469,9.1381996941985,6.728628613084702,0.0176344077224808,28130.56,28136.98,28130.56,28135.39,20.32791
2023-04-05 20:10:00,0.9999999,1.2909186e-07,4.250175e-08,8.214194414852564,9.969415732650235,7.71289096149013,0.0214440926082432,28209.21,28216.85,28209.2,28216.83,16.63082
2023-04-06 01:00:00,0.99998105,1.7704718e-06,1.7197757e-05,6.152732694704104,7.739794458408701,5.820082930352362,0.053220163492779,27999.14,27999.21,27969.33,27972.41,79.74122
2023-04-06 04:57:00,0.99992526,3.630682e-06,7.116755e-05,7.56734567601324,9.18574025510795,7.186144304522325,0.0061768153916629,28086.76,28086.76,28070.04,28072.81,8.61177
2023-04-06 20:08:00,0.99970454,8.873473e-06,0.0002866096,7.417580402414544,9.309823650461134,6.697034247666484,-0.033350190110086,28052.22,28052.23,28048.94,28048.94,6.97036
2023-04-06 22:58:00,0.9998461,1.6922744e-05,0.0001369955,7.839131648274333,9.851878418802896,7.624130585661289,0.0090835637684145,28007.86,28007.87,28007.86,28007.86,1.69022
2023-04-07 14:27:00,0.9995983,0.0003297726,7.1977076e-05,7.010311867307229,8.923457979694966,6.926577033222725,0.0563413631507636,27915.0,27923.88,27915.0,27923.87,7.80265
2023-04-08 21:47:00,0.99999344,1.6811101e-07,6.4227597e-06,7.384610383176974,9.279119887371008,6.799055862058796,0.105787037539178,27920.99,27922.57,27920.99,27922.57,13.01419
2023-04-09 21:02:00,0.48739365,0.00452153,0.5080848,7.00850518208228,9.17409123930106,6.948897222313312,0.1209767245477129,28121.01,28142.57,28121.0,28142.57,15.70301
2023-04-10 21:42:00,0.9998827,1.5916893e-06,0.00011575525,7.102499355774649,9.104757609401116,6.413458957167357,0.0541866164172235,29243.96,29250.0,29243.95,29249.99,16.07576
2023-04-11 02:06:00,0.99975353,1.7570549e-06,0.00024469107,7.107425474110705,9.070618428801046,6.675823221634848,-0.0165338542847775,30182.98,30192.89,30161.96,30192.18,75.30023
2023-04-11 20:47:00,0.9979679,0.0017511958,0.00028091625,7.437206366871292,9.413444467952663,6.692083742506628,0.0746430581225314,30129.97,30148.4,30129.97,30148.39,38.3258
2023-04-12 04:19:00,0.9997496,8.243597e-05,0.00016797158,7.440733707389261,9.160099155539436,6.29156913955832,0.0588486151157185,29939.65,29948.69,29936.97,29936.98,27.04631
2023-04-12 14:16:00,0.9999918,2.1797844e-07,8.025658e-06,7.307202314764738,8.742893471512136,3.6375861597263857,0.0946245352516848,30160.67,30166.08,30145.21,30160.12,42.9262
2023-04-12 21:24:00,0.9999441,2.6716257e-06,5.3280422e-05,7.384610383176974,9.212238569259265,6.535241271013659,0.0581010737126771,29962.83,29979.1,29962.83,29975.97,22.40325
2023-04-13 01:46:00,0.9999907,2.2414707e-07,9.048064e-06,7.033506484287697,8.952475967933584,6.630683385642372,0.0148374921780617,30043.82,30043.82,30040.54,30040.54,7.74083
2023-04-13 21:09:00,0.9998667,3.3388662e-06,0.0001299709,7.00033446027523,8.952475967933584,6.366470447731438,0.0894319213526768,30263.78,30263.79,30262.01,30262.01,13.6333
2023-04-14 01:20:00,0.05933516,1.3027108e-05,0.94065183,6.405228458030842,8.293549515060345,5.6240175061873385,0.0209828409317753,30799.02,30799.03,30779.86,30783.32,99.26725
2023-04-14 20:37:00,0.99986017,3.4182623e-05,0.00010554636,6.968850378341948,8.894944460956886,6.298949246855942,0.105261970307018,30471.96,30509.88,30471.96,30506.77,105.20312
2023-04-19 01:09:00,0.89996904,0.099989116,4.1877436e-05,7.1693500166706,8.842604480678025,6.061456918928017,0.0342778552088281,30306.15,30309.1,30284.69,30290.37,57.6862
2023-04-19 20:25:00,0.9999372,4.1743564e-07,6.238926e-05,7.116394144093465,8.93748122841604,6.376726947898627,0.0884219713852053,29208.33,29208.9,29200.65,29204.37,20.63126
2023-04-20 14:47:00,0.9999099,8.315688e-05,6.9068687e-06,7.029972911706386,8.595449689382004,6.645090969505644,-0.0231416580439766,28756.0,28760.0,28743.08,28759.99,127.66329
2023-04-20 20:35:00,0.9999945,1.2091274e-07,5.3640892e-06,7.252762418053187,8.923457979694966,6.3080984415095305,0.051933376055416,28248.8,28265.26,28246.08,28265.26,41.64118
2023-04-21 21:05:00,0.998546,7.82663e-05,0.0013756424,7.7057128238944275,9.338293736286644,6.363028103540465,-0.0019639410565318,27272.1,27277.99,27261.5,27272.1,45.44367
2023-04-21 22:01:00,0.9999757,7.837629e-06,1.6392014e-05,5.187385805840755,6.222576268071369,3.295836866004329,0.092522371247879,27305.28,27305.29,27286.91,27286.91,21.62347
2023-04-22 01:41:00,0.99984443,8.443422e-07,0.00015475733,7.416378479192928,8.85352256068954,6.18826412308259,-0.0031898435536829,27252.86,27256.46,27252.79,27256.46,10.19118
2023-04-22 22:06:00,0.99998,1.3275644e-06,1.8751956e-05,7.00033446027523,8.880029117468442,6.706862336602747,0.0944648334329723,27692.72,27696.97,27692.71,27696.96,6.13545
2023-04-23 04:36:00,0.99998534,2.5124342e-07,1.4389511e-05,7.305188215393037,9.20099685697303,6.786716950605081,-0.0309709860806564,27600.0,27600.0,27599.99,27600.0,2.18819
2023-04-23 20:14:00,0.99989235,4.4849166e-06,0.000103157516,4.51085950651685,6.391917113392602,4.02535169073515,-0.0186706459070777,27469.86,27493.74,27469.86,27489.95,21.36234
2023-04-23 21:33:00,0.94440335,0.04588788,0.009708826,7.37650812632622,9.164505835632385,6.606650186198215,0.0468318191809794,27490.01,27498.02,27490.0,27498.01,9.03102
2023-04-24 03:29:00,3.9938448e-05,0.9999598,2.6074088e-07,7.040536390215956,8.574707097616844,5.918893854273146,0.0236201988555907,27722.81,27727.99,27722.81,27727.98,8.17497
2023-04-24 07:33:00,0.83454835,0.13887657,0.026575085,7.300472814267799,9.09873819539488,6.371611847231857,0.0440675531582784,27473.84,27474.17,27439.86,27439.87,41.76112
2023-04-25 02:57:00,0.9992532,0.00031309333,0.00043371294,5.659482215759621,7.215975002651466,4.158883083359672,-0.0187794465214799,27379.55,27392.42,27369.24,27392.42,36.25972
2023-04-25 03:11:00,0.9532805,0.024949202,0.02177034,7.542213463193403,9.05005424204284,5.976350909297934,0.0217524132443984,27406.2,27406.21,27396.34,27396.34,10.38464
2023-04-25 21:20:00,0.9997732,4.2979616e-05,0.00018374092,7.104144092987527,8.872907674259846,6.439350371100098,0.0217025843404493,28171.06,28179.12,28167.03,28176.24,45.19666
2023-04-26 20:29:00,0.9995223,0.00012299458,0.0003547264,7.424761761823209,9.21054035197885,6.663132695990803,0.186888730335105,27617.67,27630.33,27516.21,27550.37,267.16319
2023-05-01 02:38:00,0.9992429,9.5268695e-07,0.0007561175,7.427144133408616,8.85978949474541,6.251903883165888,-0.0370240755107329,28603.18,28612.41,28593.87,28610.36,51.94811
2023-05-01 21:31:00,0.99997044,1.4987843e-06,2.8029926e-05,7.125283091510712,8.921324076511265,6.356107660695892,0.0144914765089255,27887.35,27887.61,27883.57,27887.6,19.54716
2023-05-02 03:42:00,0.9985454,9.753949e-06,0.0014448704,7.113142108707088,8.71915396346254,6.8690144506657065,0.0755093475481725,28004.61,28004.62,28004.61,28004.62,3.10651
2023-05-02 04:08:00,0.99867415,0.00084798527,0.00047788623,6.738152494595957,8.511175119090675,5.575949103146316,0.0237655168829738,28024.29,28024.3,28024.29,28024.3,5.02308
2023-05-02 20:38:00,0.9852373,0.0017811739,0.012981539,6.905753276311464,8.70267641154777,6.113682179832232,0.058605941579524,28739.02,28744.5,28737.96,28744.49,19.27144
2023-05-03 01:30:00,0.9999813,1.5972455e-05,2.7609758e-06,5.713732805509369,7.818430272070656,4.90527477843843,-0.0202701936145071,28514.47,28526.76,28514.47,28521.45,10.24373
2023-05-03 05:17:00,2.8768984e-06,7.597804e-08,0.999997,7.167809184316444,8.682368589375221,5.83773044716594,0.0338271876558206,28499.42,28509.27,28499.41,28509.26,14.83339
2023-05-03 21:39:00,0.012425325,0.00026783496,0.98730683,7.131698510466912,8.911664758049536,6.421622267806518,0.0166064331914458,28942.79,28942.8,28908.38,28908.38,80.54571
2023-05-04 20:47:00,0.99633044,0.0013830401,0.0022864232,7.153833801578843,9.052633375946147,6.661854740545311,0.0616808623955094,28846.51,28848.33,28846.51,28848.33,8.21917
2023-05-05 20:41:00,0.9993181,4.5491885e-07,0.00068146107,7.1284959456800365,8.81744592104187,6.342121418721152,0.0201739243651143,29493.17,29511.83,29493.16,29500.18,23.00615
2023-05-06 03:02:00,0.9999981,6.5046564e-08,1.8046181e-06,7.101675971619444,8.124743020385568,4.804021044733257,0.0296502266301684,29451.56,29466.76,29451.56,29466.76,15.08738
2023-05-06 04:04:00,0.9999343,9.256857e-06,5.6425906e-05,8.229511118964457,9.344608992781216,6.505784060128229,0.0882494980776897,29353.02,29376.8,29353.02,29373.38,38.38621
2023-05-06 22:16:00,0.99611145,7.407594e-06,0.003881217,6.84587987526405,8.796036315200814,6.317164686747284,-0.0092636056125224,28791.01,28808.83,28791.0,28805.38,33.37967
2023-05-07 02:32:00,0.9998685,4.9103805e-06,0.00012658942,7.024649030453636,8.689801056022553,6.309918278226516,0.056311424991469,28895.57,28909.08,28895.56,28909.08,17.98578
2023-05-07 09:14:00,0.99975663,5.7309517e-06,0.00023765794,6.570882962339584,8.220941168281389,5.572154032177765,-0.0219685798702829,28832.47,28832.47,28825.69,28825.69,6.05672
2023-05-08 13:38:00,0.99989986,6.4179712e-06,9.3697476e-05,7.034387929915503,8.613048677059759,7.216709486709457,0.0190634387102907,27909.23,27921.24,27893.63,27893.63,27.66744
2023-05-11 09:20:00,0.99998033,9.9846075e-06,9.646977e-06,6.113682179832232,7.658227526161352,4.736198448394496,-0.0193655156460937,27389.41,27389.42,27377.38,27377.38,10.63916
2023-05-11 12:28:00,0.99889636,1.4490445e-05,0.0010891149,5.820082930352362,7.676009932028887,4.584967478670572,0.0068774256830031,27509.24,27511.58,27503.66,27510.62,11.28599
2023-05-12 20:47:00,0.7775286,0.0003479736,0.22212353,6.688354713946762,8.520388082312756,6.214608098422191,0.0441350020588756,26418.12,26436.23,26417.43,26431.85,37.39268
2023-05-13 21:08:00,0.9998368,9.47394e-05,6.8359244e-05,6.98100574072173,8.737773460327283,6.48768401848461,0.0672421457187312,26884.13,26897.38,26884.12,26886.66,16.78377
2023-05-14 01:15:00,0.99999976,7.876745e-08,7.140002e-08,6.725033642166843,8.350193650720067,6.075346031088684,0.1045140473375909,26679.13,26688.57,26675.35,26675.36,8.38689
2023-05-15 01:58:00,0.9997857,0.00021360045,7.327133e-07,7.062191632286556,8.659213451436667,6.040254711277414,0.0398417134529969,27198.42,27212.69,27183.34,27206.2,58.62417
2023-05-15 21:31:00,0.99999344,1.6811101e-07,6.4227597e-06,7.10085190894405,8.734399150063695,6.364750756851911,0.1510553738062591,27351.33,27351.34,27351.33,27351.33,4.96619
2023-05-16 21:40:00,0.99998033,2.6673436e-06,1.7039192e-05,6.810142450115136,8.522777569710138,6.376726947898627,0.0533900459823636,27019.34,27019.34,27013.98,27018.32,7.46739
2023-05-17 03:15:00,0.94577426,0.053614877,0.00061080453,4.897839799950911,6.507277712385012,4.248495242049359,0.0346032178492519,27075.81,27082.65,27075.61,27082.65,33.42853
2023-05-17 06:40:00,0.9994723,8.388017e-05,0.0004438766,6.635946555686647,8.165363632473982,5.749392985908253,0.0398619667378352,26991.1,26991.1,26982.47,26986.49,9.1084
2023-05-17 20:37:00,0.9975852,5.2932555e-05,0.0023619484,6.853299093186078,8.515591910049263,6.175867270105761,-0.0173740479644396,27359.15,27372.61,27359.15,27359.16,21.01008
2023-05-18 21:03:00,0.99979776,2.7818862e-06,0.00019947831,6.93537044601511,8.65067458279072,6.309918278226516,0.1549415339217256,26741.56,26741.56,26730.32,26730.33,21.99855
2023-05-19 21:30:00,0.99999404,1.2739748e-07,5.858828e-06,7.003065458786462,8.720786883485731,6.683360945766275,0.0203297317725498,26891.81,26891.81,26891.8,26891.81,5.56364
2023-05-21 21:51:00,0.99995565,5.0007548e-06,3.9289673e-05,7.090909822079984,8.732627099660395,6.39024066706535,0.0739972594882335,26778.57,26784.2,26778.56,26784.2,5.66996
2023-05-22 17:51:00,0.12959948,0.8701271,0.0002734538,7.411556287811163,9.109967397829395,8.4040244933106,0.0666617671706221,26853.15,26858.49,26847.91,26856.2,25.75663
2023-05-22 19:08:00,0.99452496,0.005360666,0.000114437455,7.805882040228621,9.326433090963036,6.716594773520978,0.1365461687067817,26878.74,26878.75,26869.75,26871.12,12.1299
2023-05-31 20:07:00,0.106281504,0.8937024,1.6121896e-05,6.63200177739563,8.281977058867758,6.398594934535208,0.0357732625439667,27034.8,27038.27,27034.8,27038.27,6.08706
2023-06-01 11:50:00,0.99973625,1.1253866e-05,0.00025248967,4.912654885736052,7.154615356913663,3.6375861597263857,0.0396779255592049,26894.01,26894.01,26879.17,26879.18,30.71688
2023-06-01 14:31:00,0.999231,2.0084657e-05,0.0007488488,7.1631723908466425,8.89521858376562,6.361302477572996,0.0694548969714996,26858.32,26858.33,26850.53,26850.53,27.67289
2023-06-01 20:43:00,0.028993068,0.9701881,0.0008188386,7.095893221097532,8.697178688412643,6.779921907472252,0.1001485435358678,26844.79,26851.74,26844.78,26851.74,14.33971
2023-06-02 19:58:00,0.99814665,3.3407791e-06,0.0018500333,7.090909822079984,8.78813593986372,6.436150368369428,0.0613198010114273,27238.81,27239.51,27231.48,27231.48,41.37133
2023-06-02 22:01:00,0.006843807,0.99314296,1.3273196e-05,4.219507705176107,5.049856007249537,1.9459101490553128,0.2446879099155643,27199.0,27212.99,27199.0,27212.99,15.31477
2023-06-03 01:25:00,0.0005795771,0.99941933,1.0752882e-06,7.244941546337007,8.520786726926367,6.1224928095143865,0.0415024489932935,27178.87,27178.88,27174.99,27174.99,11.67105
2023-06-03 20:00:00,0.9999274,7.578454e-06,6.4970896e-05,7.313220387090301,9.083415678402517,6.810142450115136,0.019628896327162,27096.37,27099.0,27087.22,27098.99,31.54605
2023-06-04 01:02:00,0.9936273,0.0057482114,0.0006244223,6.977281341630747,8.552367266423891,6.434546518787453,-0.010873245336244,26993.39,26993.39,26991.77,26991.77,4.61554
2023-06-04 20:15:00,0.999826,1.3285896e-06,0.00017269464,6.946975992135418,8.620832226175724,6.343880434126331,0.0458536629319303,27219.66,27219.66,27219.65,27219.65,2.67028
2023-06-05 01:34:00,0.012527128,0.027019914,0.960453,7.108244139731541,8.706986763048892,6.648984550024776,-0.0094390626093241,27040.67,27040.67,27040.66,27040.66,3.14058
2023-06-06 00:09:00,2.8695604e-06,0.999997,1.2787855e-07,6.853299093186078,8.736328721332908,6.606650186198215,0.0544017096178879,25710.69,25717.51,25707.52,25717.51,22.6846
2023-06-06 19:51:00,0.99991477,1.5278935e-07,8.505676e-05,7.105786129481271,8.904358542352968,6.9782137426306985,-0.0548228581656374,26990.24,27100.0,26990.23,27065.05,388.08268
2023-06-07 20:35:00,0.79113,0.20433757,0.004532375,7.528331766707247,9.195226734166134,6.876264611890766,0.0699998007724332,26384.4,26386.45,26384.4,26386.45,4.38213
2023-06-08 18:21:00,0.95516276,7.869387e-05,0.04475862,5.739792912179234,7.580189417944541,4.634728988229636,-0.0323141980595632,26467.91,26467.91,26462.39,26462.39,14.14182
2023-06-08 21:10:00,0.9996606,6.5722497e-06,0.00033283365,6.874198495453294,8.599694412927981,6.587550014824796,0.0371926621340018,26619.02,26625.69,26619.02,26625.68,15.77966
2023-06-09 01:11:00,0.114286244,0.88570267,1.107942e-05,6.51025834052315,8.543445562560303,5.937536205082426,0.0913718266823388,26470.79,26476.53,26470.79,26475.65,14.64536
2023-06-14 20:06:00,2.6972662e-08,1.0,1.7094841e-08,7.053585727193677,8.717845704894916,6.61338421837956,0.1022579971315882,25590.41,25603.76,25402.0,25457.04,821.82457
2023-06-15 20:12:00,0.99999344,1.6811101e-07,6.4227597e-06,6.8679744089702925,8.479283618343016,6.324358962381311,0.0468226874676629,25489.42,25489.42,25471.82,25473.74,29.62285
2023-06-16 07:33:00,0.99825794,1.3223492e-06,0.0017407817,5.680172609017068,7.822845290279774,5.564520407322694,-0.0116166400319371,25576.95,25581.97,25576.95,25581.96,13.35725
2023-06-16 20:50:00,0.99987245,1.4787326e-05,0.00011270872,6.946013991099227,8.612503371220562,6.385194398997726,-0.0020193939211481,26389.89,26400.0,26389.88,26400.0,47.8521
2023-06-17 01:13:00,0.99996006,7.7349875e-07,3.9192993e-05,5.996452088619021,8.625868208041894,5.480638923341991,0.0973569306228235,26310.43,26312.37,26310.42,26312.36,14.60408
2023-06-17 21:29:00,0.99996006,7.7349875e-07,3.9192993e-05,7.011213987350367,8.757154527656606,6.561030665896573,0.1188313295140179,26497.64,26500.0,26497.63,26499.99,19.50245
2023-06-18 01:56:00,1.8693957e-09,1.0,2.953835e-09,7.325807502595773,8.662504922576291,5.855071922202427,0.0831101014230302,26489.4,26489.4,26489.39,26489.39,10.09266
2023-06-18 20:52:00,0.9994566,4.1714966e-06,0.0005392695,7.103322062526113,8.930626469173578,6.594413459749778,0.0510565461168789,26477.85,26479.58,26476.52,26479.57,4.94526
2023-06-19 21:54:00,0.25752324,0.026137656,0.7163392,7.098375638590786,8.764053269347762,6.511745329644728,0.1296708479815728,26738.74,26768.96,26738.74,26768.95,21.02068
2023-06-20 21:00:00,0.99962413,0.00034681373,2.9104203e-05,6.996681488176539,8.745602852402946,6.340359303727752,0.1128415737146567,28158.0,28184.0,28148.0,28155.23,54.54716
2023-06-21 01:03:00,0.9999968,1.158752e-07,3.1543038e-06,7.134093721192866,8.675222055641148,5.958424693029782,0.0281235183882517,28443.99,28606.0,28443.99,28604.99,592.75937
2023-06-21 20:02:00,0.99984014,6.858012e-07,0.00015906034,8.10892415597534,9.428189934829282,7.862112211662748,0.0323402125700135,30115.98,30119.83,30107.24,30107.25,24.12152
2023-06-22 00:54:00,0.78213,0.21609561,0.0017744025,5.973809611869261,8.048149101665201,5.648974238161206,-0.0523249160616,30114.62,30131.69,30107.29,30130.77,75.08677
2023-06-22 04:02:00,3.2828403e-08,1.0,8.72192e-09,6.593044534142437,8.241703159729818,5.811140992976701,0.0074203319667313,30276.14,30277.01,30274.48,30274.48,16.93193
2023-06-22 21:26:00,0.9999896,1.2972413e-07,1.0199542e-05,7.081708586105575,8.745921121024347,6.459904454377535,0.0934862640064794,30040.01,30041.67,30040.0,30040.0,8.9379
2023-06-26 01:48:00,0.64853936,0.3511065,0.00035413823,7.123672785204607,8.7417757069247,6.261491684321042,0.0342598882539806,30201.26,30206.61,30183.09,30193.28,22.12157
2023-06-26 05:12:00,0.77956575,0.19368371,0.02675054,5.645446897643238,7.265429723253953,5.662960480135946,0.1444562265850425,30238.8,30238.8,30222.0,30222.01,10.34652
2023-06-26 07:04:00,0.6283193,0.37009212,0.0015884847,6.391917113392602,8.57338447106598,5.918893854273146,0.1002498202249937,30529.75,30537.39,30504.88,30534.32,64.01322
2023-06-26 15:35:00,0.9996971,0.000116370255,0.00018664548,5.056245805348308,7.649692623711514,5.828945617610208,0.0210572763890861,30385.86,30403.99,30385.86,30403.98,12.58189
2023-06-26 15:37:00,0.98440707,0.011278228,0.0043147164,0.0,1.0986122886681098,0.6931471805599453,0.0,30436.42,30461.37,30426.0,30445.23,35.91313
2023-06-26 19:37:00,0.9952514,2.0219564e-05,0.00472837,4.912654885736052,8.153925132007862,6.490723534502507,-0.0525714230934177,30207.55,30207.56,30207.55,30207.56,3.26764
2023-06-26 20:22:00,0.00016935314,0.99981564,1.4997011e-05,5.541263545158426,7.309212365692763,5.529429087511423,-0.0217284887265709,30270.02,30270.02,30265.08,30265.09,4.64502
2023-06-26 20:49:00,0.99999344,1.6811101e-07,6.4227597e-06,7.145196134997171,8.794067065151415,6.46302945692067,0.0853482813811443,30176.26,30176.36,30141.7,30142.97,26.69467
2023-06-26 21:49:00,2.805801e-06,0.9999968,3.7089612e-07,4.51085950651685,6.777646593635117,5.468060141135132,0.0098625709826845,30154.47,30155.39,30154.47,30155.38,9.08271
2023-06-27 07:49:00,0.9982237,0.0017749328,1.2716908e-06,7.334981878871814,8.818334283552174,5.891644211825772,0.0020967633944407,30402.22,30402.22,30396.3,30396.3,16.03188
2023-06-27 20:30:00,0.99944943,6.398324e-05,0.00048656922,7.136483208590247,8.86177531100083,6.535241271013659,0.0841952556738648,30578.66,30597.08,30572.57,30597.07,18.21084
2023-06-28 20:04:00,0.9999994,4.4311474e-07,7.74292e-08,8.505525386548555,10.122823865507383,7.891330757661889,0.0172007991127589,30076.23,30076.24,30036.82,30042.03,36.24989
2023-06-29 20:44:00,0.9999982,1.4896807e-07,1.6748173e-06,6.948897222313312,8.781862489558945,6.455198563340122,0.1062168788278344,30364.52,30388.92,30364.52,30388.92,41.28377
2023-06-30 04:12:00,0.9996892,2.5618034e-05,0.00028519967,7.162397497355718,8.515191188745565,5.978885764901122,0.0641409618985452,30772.58,30772.59,30770.88,30770.88,7.48109
2023-06-30 20:59:00,7.7395106e-07,0.99999917,1.567094e-07,7.574045005372199,9.305286849285135,7.027314514039777,0.0072242295177683,30392.89,30397.55,30392.88,30397.54,13.50509
2023-06-30 23:27:00,0.006647358,0.9932927,5.9929633e-05,7.170119543449628,9.004299728561636,7.010311867307229,0.029317229313626,30508.0,30508.01,30500.0,30500.01,16.35275
2023-07-01 20:36:00,0.00096827827,0.9990201,1.161638e-05,7.212294468500341,8.899457906353966,6.572282542694008,0.0804907568387937,30597.99,30598.0,30597.99,30598.0,2.17297
2023-07-02 20:59:00,0.9999777,1.2483684e-06,2.1140262e-05,7.288927694521257,8.75273950944749,6.304448802421981,0.1551530922206098,30590.17,30590.18,30588.46,30588.47,4.65402
2023-07-03 20:44:00,0.012425325,0.00026783496,0.98730683,7.351799869057777,8.955706153570603,6.53813982376767,0.1324577705396276,31160.01,31174.0,31158.81,31173.99,60.11324
2023-07-04 20:28:00,0.99877936,7.5145814e-05,0.0011455424,7.43307534889858,9.087946723762116,6.699500340161678,0.0979428593715586,30752.78,30758.9,30752.77,30758.9,8.51062
2023-07-06 04:13:00,0.99998355,1.5899373e-05,5.897179e-07,8.955448122347393,10.162654403026997,7.292337176173877,0.051009121976806,30504.19,30504.2,30504.19,30504.19,1.99836
2023-07-06 05:00:00,0.9999666,8.3661394e-07,3.252096e-05,7.446585099157725,9.108086137937429,6.315358001522335,-0.0502088016052316,30465.4,30466.37,30465.4,30466.36,10.10156
2023-07-07 21:28:00,0.9998368,9.47394e-05,6.8359244e-05,7.247792581767846,8.931155429778348,6.580639137284949,0.1006534948882915,30334.38,30340.0,30334.31,30339.99,21.40007
2023-07-08 02:11:00,0.8150992,0.00068748253,0.18421338,7.422971251049421,8.70317470904168,5.7899601708972535,0.0242235871939788,30301.69,30301.69,30297.1,30297.1,7.18879
2023-07-08 20:47:00,0.22818254,0.7706561,0.0011613206,7.379008127628304,8.998878325435811,6.597145701886651,0.0762590461323089,30117.5,30139.09,30117.5,30137.99,12.76248
2023-07-09 20:57:00,0.79113,0.20433757,0.004532375,7.423568444259167,9.09884999594282,6.804614520062624,0.0460176274654595,30189.75,30189.75,30189.74,30189.74,1.5073
2023-07-10 04:03:00,0.99996233,5.964735e-07,3.7110945e-05,6.810142450115136,8.81537000096066,6.964135612418245,0.0237366622685466,30154.94,30155.53,30153.49,30153.49,14.52597
2023-07-10 21:23:00,0.9999441,4.449475e-05,1.1479375e-05,7.114769448366463,8.84130362048157,6.75110146893676,0.0474350889492798,30710.0,30724.35,30706.0,30706.01,32.90228
2023-07-10 23:42:00,0.9999696,2.6116928e-05,4.263902e-06,7.934155233536322,9.301368670323749,6.302618975744905,0.0123740968132244,30391.1,30396.86,30386.53,30386.53,16.75198
2023-07-11 01:04:00,0.9999093,2.5473582e-07,9.048187e-05,7.654443226470112,9.110409533351133,6.311734809152915,0.0420101408161288,30431.12,30431.12,30400.68,30404.71,51.53482
2023-07-12 14:56:00,0.9980677,3.0365463e-05,0.0019020444,6.532334292222349,8.33110454805304,6.508769136971682,0.0582628122716288,30812.0,30813.37,30803.34,30803.35,18.18608
2023-07-12 20:30:00,0.9871646,0.004336322,0.008499076,7.27655640271871,8.896177422274805,6.976348070447749,0.077895987827455,30300.01,30308.0,30293.14,30308.0,12.95864
2023-07-13 05:58:00,0.9984642,2.5777176e-06,0.0015332327,6.733401891837359,8.73214326770192,6.766191714660351,-0.0123754993779329,30318.45,30323.37,30318.44,30323.36,7.51329
2023-07-13 20:31:00,0.012425325,0.00026783496,0.98730683,7.247792581767846,8.925720273560222,6.654152520183219,0.1548175694613468,31548.01,31548.01,31519.0,31521.99,34.1775
2023-07-13 23:01:00,0.88621867,0.00073010754,0.113051236,4.990432586778736,6.246106765481563,3.091042453358316,0.0008006434065925,31339.98,31346.23,31334.01,31344.82,26.38824
2023-07-14 08:07:00,0.99979144,0.00017531161,3.3231056e-05,7.724004656676065,9.104979856318357,6.371611847231857,0.0161354368732969,31180.0,31206.98,31179.99,31192.44,56.87276
2023-07-14 21:06:00,1.462222e-07,0.99999976,6.0144e-08,7.122059881629142,8.868413284672005,7.0967213784947605,0.091276653687853,30214.86,30238.89,30213.23,30238.89,90.59186
2023-07-14 22:16:00,0.999982,1.7016617e-05,9.714939e-07,8.263590432617319,9.614938437644996,6.932447891572509,0.0109881928573057,30201.07,30213.37,30201.0,30213.36,17.27267
2023-07-15 03:28:00,0.99998736,4.0794166e-06,8.576644e-06,4.68213122712422,7.676009932028887,6.756932389247553,-0.0479044567817717,30296.64,30296.64,30296.63,30296.64,5.47907
2023-07-15 20:00:00,0.99987316,9.312543e-06,0.00011750717,7.27655640271871,8.890961212781146,6.436150368369428,0.0443468557617389,30326.47,30326.47,30315.02,30315.5,13.07029
2023-07-15 22:24:00,0.9999584,7.3331425e-06,3.422885e-05,7.069874128458572,8.662158961666423,6.508769136971682,0.0289308851667964,30295.99,30302.0,30295.98,30301.99,3.95787
2023-07-16 20:49:00,0.99998176,1.1792679e-06,1.7013626e-05,7.00850518208228,8.65956043270316,6.2878585601617845,0.0565585736802046,30291.57,30291.58,30291.57,30291.58,1.81897
2023-07-22 21:06:00,0.9999975,2.5774852e-07,2.2962997e-06,7.371489295214277,8.90150275745161,6.416732282512326,0.0914193543581648,29825.99,29826.0,29825.99,29826.0,1.25957
2023-07-23 21:00:00,0.028993068,0.9701881,0.0008188386,7.115582126184454,8.744806737401898,6.504288173536645,0.1370996514910148,30143.49,30143.5,30140.21,30140.22,11.57465
2023-07-25 04:30:00,5.0311814e-06,0.9999944,6.0411236e-07,7.140453043101158,8.789964651132264,6.302618975744905,-0.0273138566001027,29083.99,29089.45,29083.99,29089.45,5.60038
2023-07-25 20:47:00,0.9969093,0.00039609463,0.0026946021,6.876264611890766,8.533853632309345,6.278521424165844,0.171719945633368,29241.35,29241.35,29240.0,29240.0,5.75993
2023-07-26 20:32:00,0.9973035,0.00029267377,0.0024037797,6.985641817639208,8.722905701000768,6.396929655216146,0.0836535264669125,29490.0,29517.2,29490.0,29509.92,88.14994
2023-07-27 02:45:00,0.7022592,0.28813136,0.009609475,7.731053144007127,9.80780230240172,7.716906135298388,-0.013219211586951,29376.05,29376.06,29376.05,29376.05,3.39447
2023-07-27 20:28:00,0.3756824,0.62373435,0.0005831334,7.150701457592526,8.929700114313448,6.335054251498059,0.0881705141589398,29156.24,29156.24,29156.23,29156.23,5.07988
2023-07-28 20:45:00,0.9998965,3.095575e-06,0.00010033754,7.23561914106675,8.933400396056303,6.565264970035361,0.0010039539553635,29319.67,29324.0,29319.66,29320.02,20.43948
2023-07-29 05:59:00,0.99999666,2.401814e-07,3.1449322e-06,5.6937321388027,7.589841512182657,4.653960350157523,0.0279140461173222,29370.99,29371.0,29370.41,29370.42,2.47347
2023-07-29 06:08:00,0.99985886,3.982101e-05,0.0001012836,6.716594773520978,8.5016733797582,5.899897353582492,0.0411101055226925,29358.04,29359.51,29356.44,29356.45,80.90534
2023-07-29 22:02:00,0.9995664,8.038207e-05,0.00035322475,7.457609289715606,9.151969458649852,6.658011045870748,0.1238555455468463,29357.41,29359.33,29357.4,29359.32,2.6695
2023-07-30 21:39:00,0.9997795,1.4154797e-05,0.0002062643,7.127693699347399,8.845633256340186,6.511745329644728,0.1716023306973997,29180.01,29180.01,29179.95,29179.96,4.08259
2023-07-31 20:45:00,0.99387425,0.0035785919,0.002547203,6.815639990074331,8.796490207333578,6.498282149476434,0.045506639747426,29174.0,29186.0,29170.48,29174.0,21.03379
2023-08-01 21:03:00,0.8859941,0.10178246,0.012223453,7.051855622955894,8.845777255188445,6.234410725718371,0.0920849741205924,29232.1,29232.11,29218.52,29218.52,17.60376
2023-08-02 01:53:00,0.9997429,0.00014623716,0.000110795125,4.74493212836325,6.620073206530356,4.382026634673881,0.0332891284783394,29878.42,29885.48,29878.42,29885.48,23.99072
2023-08-02 02:08:00,0.9999981,9.829731e-08,1.7761657e-06,6.763884908562435,8.369620826949102,5.846438775057725,0.0417715698815258,29822.8,29835.0,29822.79,29834.99,10.61617
2023-08-02 04:04:00,0.9999093,4.1909116e-06,8.657166e-05,7.631431664576906,9.3640909717821,6.767343125265392,-0.0313985312033127,29615.53,29626.81,29615.53,29623.23,95.78943
2023-08-02 20:16:00,0.99932456,5.3518354e-05,0.00062191975,7.347299700743164,9.09133158539398,6.579251212010101,0.0506784525695967,29139.53,29139.54,29134.01,29134.01,9.8242
2023-08-02 23:32:00,0.99428314,1.8075725e-06,0.0057150344,7.1929342212158,8.633731007664188,5.945420608606575,0.0249195589951558,29152.58,29152.59,29145.16,29145.16,9.05612
2023-08-03 04:35:00,0.9997496,8.243597e-05,0.00016797158,7.033506484287697,8.64241515616962,6.126869184114185,0.0346494194719203,29130.59,29130.59,29130.58,29130.58,3.56955
2023-08-03 21:08:00,0.99948823,5.786577e-06,0.0005058671,7.231287004327616,8.887790764195326,6.601230118728877,0.0616563272423757,29316.51,29316.52,29316.0,29316.01,4.38127
2023-08-04 20:50:00,0.9998976,1.1443574e-06,0.00010116588,7.0630481633881725,8.834628222017367,6.45833828334479,0.0730265614890197,28938.01,28946.79,28908.5,28923.23,92.99767
2023-08-04 23:25:00,0.99937904,0.00061887223,1.9790193e-06,6.71295620067707,8.210396255104774,5.659482215759621,0.0348793360010614,29068.23,29068.23,29068.22,29068.23,7.18219
2023-08-05 02:58:00,0.96735317,0.030687597,0.0019592592,1.3862943611198906,2.079441541679836,0.6931471805599453,0.0,29090.19,29090.19,29090.18,29090.19,10.78981
2023-08-05 03:08:00,0.99999523,1.3382873e-07,4.6985388e-06,7.110696122978827,8.633552992532433,5.863631175598097,0.0349144461664988,29084.79,29085.68,29082.76,29085.68,38.56308
2023-08-05 19:13:00,0.99890745,1.9772264e-05,0.0010727617,6.954638864880987,8.730690365678642,6.366470447731438,0.0162868130068439,29081.0,29081.0,29080.99,29080.99,6.7498
2023-08-06 18:59:00,0.9999083,2.768651e-07,9.1441034e-05,7.176254532017144,8.945332616563274,6.710523109452428,0.0237408788167761,29087.82,29087.82,29087.81,29087.82,1.66636
2023-08-07 19:02:00,0.99996614,2.5756437e-06,3.1268286e-05,7.498869733976931,9.10242102975669,6.591673732008658,-0.0122110714168638,29100.0,29105.0,29093.42,29093.42,42.39182
2023-08-08 20:28:00,0.9990709,0.00016158196,0.00076745095,7.430707082545968,9.119101891541913,6.63200177739563,0.0989984826048297,29969.92,29973.98,29969.91,29973.98,22.73847
2023-08-09 20:36:00,0.99994326,5.1026575e-07,5.6256617e-05,7.356918242356021,9.082620630373812,6.580639137284949,0.0466349965068096,29475.94,29475.95,29475.94,29475.94,2.40054
2023-08-11 00:26:00,1.0731746e-06,0.9999989,1.5479571e-08,7.193685818395112,8.698347400458186,6.293419278846481,0.0099814130897403,29481.93,29481.93,29481.92,29481.93,4.02198
2023-08-11 20:13:00,0.99999547,7.4612166e-07,3.7842683e-06,7.414572881350589,8.968268810776454,6.208590026096629,0.0545930180497136,29404.5,29404.5,29404.49,29404.5,2.83925
2023-08-12 20:21:00,0.99975115,1.0550139e-05,0.00023829755,6.964135612418245,8.614138397472717,6.297109319933935,0.1016399643479873,29426.87,29426.87,29426.86,29426.86,1.5549
2023-08-13 20:24:00,0.9999472,1.8429335e-05,3.4311543e-05,7.416979621381154,9.031333316150056,6.716594773520978,0.1426760846275945,29422.67,29422.67,29422.66,29422.67,5.52352
2023-08-14 13:45:00,0.9997042,0.00010825265,0.00018760834,6.880384082186005,8.337109129562474,6.679599185844383,-0.022098528822157,29361.99,29372.0,29361.99,29372.0,12.23049
2023-08-14 20:00:00,0.99979514,7.251773e-06,0.00019758278,7.072421900537371,8.720460512725655,6.452048954437226,0.0168832187403129,29360.54,29361.99,29360.54,29360.55,7.35129
2023-08-15 01:57:00,0.99973124,9.454276e-05,0.00017428721,7.446585099157725,9.116359308505288,6.533788837933344,0.0548511283851871,29416.75,29416.75,29414.45,29414.45,5.54161
2023-08-21 21:25:00,0.9999844,3.109274e-06,1.2491563e-05,7.344072850573066,9.074635189810808,6.366470447731438,0.0513988732823207,26105.95,26106.3,26105.94,26106.3,6.22663
2023-08-22 20:04:00,0.9996855,1.4588394e-05,0.0003000113,7.242797922793756,8.894121641382213,6.513230110912307,0.09574278702259,25831.39,25831.4,25814.7,25814.7,21.41126
2023-08-23 20:15:00,0.9971413,0.00225898,0.0005997157,7.249215057114389,8.936166649549195,6.539585955617669,0.132988624525423,26578.01,26578.01,26559.31,26559.32,17.50745
2023-08-23 23:42:00,0.99994004,5.418101e-05,5.67605e-06,5.44673737166631,7.644440761556566,6.016157159698354,-0.0459083692424773,26461.99,26462.0,26458.0,26458.01,20.45151
2023-08-26 20:25:00,0.99926347,1.9755162e-05,0.00071669614,6.776506992372183,8.836373930927389,6.843749949006225,0.0494863984727235,26043.61,26043.62,26043.61,26043.61,5.15943
2023-08-28 20:25:00,0.9997155,0.00012375934,0.00016075111,6.985641817639208,8.83127373772255,6.39024066706535,0.0102271338401846,26016.72,26023.74,26016.71,26017.4,20.10637
2023-08-29 20:20:00,0.9999616,1.2789469e-06,3.711488e-05,7.182352111885263,9.091444217032327,6.51025834052315,0.0408951089914152,27865.42,27866.85,27854.57,27854.57,7.39479
2023-08-29 23:25:00,0.92576057,0.0741185,0.00012096795,7.025538314638521,8.668539943910762,5.638354669333745,0.0709502951714004,27581.19,27587.31,27576.84,27587.31,22.89493
2023-08-29 23:45:00,0.94627076,0.04978034,0.003948938,6.507277712385012,7.903596289614301,4.477336814478207,0.0187763575478003,27675.15,27702.27,27675.15,27702.24,64.06955
2023-08-30 00:17:00,0.9993661,0.0006192474,1.46355915e-05,7.554858521040676,9.14889040965996,6.159095388491933,0.0759913425486961,27700.51,27709.01,27700.51,27709.01,6.38045
2023-08-30 19:13:00,0.9977266,0.0017882197,0.0004851967,5.5053315359323625,7.720461694599722,4.8283137373023015,-0.0765475516682084,27264.52,27264.53,27257.36,27257.37,16.73767
2023-08-30 19:40:00,0.9990312,1.7062272e-05,0.00095182407,7.344072850573066,9.186764635447478,6.504288173536645,0.0095613685021943,27250.76,27250.76,27250.75,27250.76,7.8647
2023-08-31 01:04:00,2.8009781e-05,3.2850646e-06,0.99996865,5.030437921392435,6.617402977974478,3.4339872044851463,0.1624349509929851,27194.23,27212.34,27194.23,27212.34,13.32766
2023-08-31 01:48:00,5.0950126e-05,0.9999354,1.3710909e-05,7.477604243197589,9.122601457668177,6.202535517187923,0.0112380968806731,27239.81,27239.82,27235.91,27235.92,3.11435
2023-08-31 08:00:00,0.99846506,1.6312204e-06,0.00153331,5.43372200355424,7.186901020411631,4.394449154672439,0.0228572483957398,27261.03,27269.49,27261.02,27269.48,20.87374
2023-08-31 20:00:00,0.9980368,4.7381225e-05,0.0019158302,7.252762418053187,9.11679862756782,6.349138991379798,0.0554895660614523,26162.79,26162.79,26120.14,26136.7,103.22675
2023-09-01 19:49:00,0.43572866250000003,0.00571236973,0.558558975,11.308848976373245,13.918500265476098,10.637704696869413,0.0035629572350490968,25627.47,25627.47,25625.57,25625.57,12.96752
2023-09-01 22:12:00,0.40463614,0.00014888089,0.595215,7.032624261028007,8.566364235422688,5.926926025970411,-0.0464994760305761,25781.94,25781.95,25780.0,25780.0,5.60007
2023-09-02 17:43:00,0.99977845,2.5469071e-06,0.00021904807,7.912789220690681,9.909519324767848,8.170468578330674,-0.062122586094896,25841.01,25842.93,25840.08,25842.92,13.91561
2023-09-07 01:32:00,7.5577955e-05,3.5227263e-06,0.99992085,7.699842407396986,9.169414205363536,6.35088571671474,0.0279107145694299,25724.79,25726.71,25724.78,25726.7,9.85505
2023-09-07 05:20:00,0.98570585,0.013819001,0.0004752008,5.998936561946683,7.65491704784832,5.209486152841421,0.0475304239090598,25799.24,25799.24,25799.23,25799.23,6.62618
2023-09-07 21:30:00,4.6568772e-08,1.0,8.125444e-09,6.927557906278317,8.763115329619787,6.572282542694008,0.0262927818193519,26205.31,26252.75,26152.9,26179.32,142.21496
2023-09-07 23:36:00,0.028494418,0.0007839988,0.9707216,6.591673732008658,8.4096079807363,6.184148890937483,-0.0427826627214881,26180.94,26187.0,26178.42,26180.14,34.56985
2023-09-08 20:51:00,0.999977,1.1585894e-06,2.1855287e-05,6.90875477931522,8.65591111072806,6.238324625039508,0.0268970016281886,25897.44,25897.44,25897.43,25897.43,2.13156
2023-09-09 21:46:00,0.9999858,2.1591286e-06,1.2081257e-05,7.079184394609668,8.796490207333578,6.408528791059498,0.0684239095876249,25862.13,25862.14,25862.13,25862.14,1.47295
2023-09-10 21:08:00,0.9999536,6.314358e-06,4.009524e-05,7.154615356913663,8.832149906002899,6.532334292222349,0.0995459460537309,25818.39,25818.4,25818.39,25818.39,3.09904
2023-09-11 22:51:00,0.9999733,1.3952883e-06,2.5304123e-05,7.099201743553092,8.824089482791823,6.840546529288687,0.0181422302675288,25144.77,25153.69,25143.74,25143.74,32.82299
2023-09-12 20:39:00,0.99971825,3.0248917e-05,0.0002514648,7.102499355774649,8.84361509218395,7.020190708311925,0.173293857422595,26100.0,26100.01,26098.05,26098.06,3.12873
2023-09-13 21:02:00,0.99994123,1.8008623e-06,5.703141e-05,6.889591308354466,8.539737155851132,6.429719478039138,0.076549227807033,26208.74,26208.75,26208.74,26208.74,5.17786
2023-09-13 23:02:00,0.8654963,0.11135904,0.023144722,6.228511003591184,7.318539548567902,4.718498871295094,0.1071859392401168,26243.23,26247.14,26243.23,26244.29,8.65123
2023-09-14 09:14:00,0.999828,0.00010897865,6.3051135e-05,7.199678345691172,8.935771938669784,6.255750041753367,0.065481424367867,26298.33,26298.34,26295.82,26295.82,8.32474
2023-09-14 20:46:00,0.99999595,1.4001726e-07,3.9772895e-06,6.880384082186005,8.66681936537205,6.643789733147672,0.3016488723833546,26583.41,26583.42,26577.77,26577.77,11.29199
2023-09-15 01:09:00,0.998898,0.00026564824,0.0008363271,7.703459047867175,9.019179866515024,6.656726524178391,0.0057069382808729,26474.23,26484.03,26464.71,26484.03,29.90895
2023-09-15 20:40:00,0.99997675,4.6084872e-07,2.2720133e-05,7.049254841255837,8.757469141470748,6.429719478039138,0.0804806812996738,26403.78,26411.04,26403.77,26411.03,7.26589
2023-09-16 21:50:00,0.999574,1.16957635e-05,0.0004142899,6.796823718274855,8.527341522468053,6.280395838960195,0.1194017212602718,26563.44,26563.44,26563.43,26563.43,2.2685
2023-09-19 00:56:00,0.9979955,1.4486022e-05,0.0019899989,5.262690188904886,7.679713639966372,5.476463551931511,0.012843975940526,26685.01,26685.01,26676.0,26676.01,6.12473
2023-09-24 20:54:00,0.98631406,0.00018832184,0.013497594,5.793013608384144,8.065893546964274,5.231108616854587,0.0197907284687957,26500.0,26501.67,26497.72,26501.67,5.06751
2023-09-24 21:22:00,0.99890745,0.0001077118,0.0009847679,7.240649694255466,9.023167064451204,6.784457062637643,0.0397975732757067,26450.01,26465.9,26450.0,26465.9,23.26381
2023-09-25 20:03:00,0.99999976,2.6559056e-07,5.770812e-08,8.428580533059634,10.1283895568652,7.945555428253489,-0.0132634208483865,26412.89,26420.19,26390.64,26402.78,91.13232
2023-09-26 20:56:00,0.9971704,0.0015083994,0.0013212301,6.943122422819428,8.830835365537549,6.739336627357174,0.1017694880736376,26186.05,26186.06,26173.21,26173.21,7.76661
2023-09-27 20:25:00,0.9995223,0.00012299458,0.0003547264,7.352441100243583,9.04640868029382,6.78897174299217,0.1089296053010788,26253.54,26253.55,26253.54,26253.54,5.94507
2023-09-28 20:50:00,0.99994314,5.579322e-05,1.1101226e-06,6.92461239604856,8.629807335785372,6.39024066706535,0.0295911434689251,27091.37,27091.37,27089.44,27089.45,39.6181
2023-09-29 08:31:00,0.99999774,3.7891357e-07,1.8693411e-06,7.186144304522325,8.585225601808064,5.986452005284438,-0.0137050711207328,27096.88,27103.76,27095.52,27095.53,14.61373
2023-09-29 20:54:00,0.9998667,3.3388662e-06,0.0001299709,6.790097235513905,8.846209127360996,6.423246963533519,0.0095596910228314,26896.04,26896.05,26895.93,26895.93,5.67414
2023-09-29 21:53:00,0.99949265,1.9206367e-05,0.00048809938,5.598421958998375,6.6052979209482015,3.784189633918261,-0.0407402815188513,26887.98,26887.99,26887.98,26887.99,4.90934
2023-09-30 02:06:00,0.90717655,0.009516267,0.08330722,7.623153068476902,9.116578992161708,6.650279048587422,-0.033202157755164,26895.64,26898.85,26895.64,26898.84,6.47784
2023-09-30 21:56:00,0.8847285,0.11459343,0.0006781026,6.855408798609928,8.65486599654131,6.261491684321042,0.0493519554562852,26988.12,26988.13,26988.12,26988.13,6.14081
2023-09-30 23:23:00,0.99996805,4.137169e-06,2.7823826e-05,4.0943445622221,5.655991810819852,2.9444389791664403,0.0923355218551689,26995.21,26995.22,26995.21,26995.22,2.49505
2023-10-01 02:01:00,1.462222e-07,0.99999976,6.0144e-08,7.288927694521257,8.941414628006845,6.222576268071369,0.0251575911219874,27020.84,27024.7,27020.83,27024.69,3.03424
2023-10-01 06:49:00,0.99997497,8.770911e-06,1.6161248e-05,6.406879986069314,7.998335395952982,5.44673737166631,0.0244109460112165,27123.64,27130.0,27123.63,27130.0,7.35339
2023-10-01 21:04:00,0.9997371,1.33519e-05,0.00024952876,7.136483208590247,8.771525284186465,6.322565239927284,0.082077124198894,27126.71,27126.72,27126.71,27126.71,0.84601
2023-10-07 22:31:00,0.17331983,0.8259334,0.0007468292,7.199678345691172,8.806274284781725,6.282266746896006,0.1458384241195646,27941.35,27944.99,27941.35,27944.99,4.95775
2023-10-08 21:53:00,0.012425325,0.00026783496,0.98730683,7.1592919047975645,8.89740886527095,6.539585955617669,0.0119048538265983,27962.63,27962.63,27960.8,27960.8,3.90067
2023-10-09 02:52:00,0.999998,6.824005e-07,1.3275895e-06,6.784457062637643,8.388677769180811,6.771935555839602,0.0159093958630727,27952.01,27952.01,27945.7,27950.48,21.49199
2023-10-09 20:24:00,0.99768746,0.0003738601,0.0019387775,7.091742115095153,8.729882284826589,6.4457198193855785,0.0730531541714495,27612.27,27617.01,27611.24,27611.24,14.48751
2023-10-10 04:41:00,3.6795817e-07,0.99999964,1.4234832e-08,6.837332814685591,8.353497098745448,5.54907608489522,0.1578695219761129,27598.28,27598.79,27598.27,27598.79,8.83049
2023-10-10 21:00:00,8.161303e-05,0.9999181,2.2155088e-07,6.98933526597456,8.768885326134862,6.513230110912307,0.0443734346763093,27399.99,27410.7,27397.3,27410.69,27.741
2023-10-11 01:21:00,0.9998573,6.29633e-06,0.00013637707,7.113142108707088,8.735042754269337,6.553933404025811,0.0484544045132536,27437.01,27440.84,27437.01,27440.83,10.2336
2023-10-11 20:47:00,0.79113,0.20433757,0.004532375,7.143617602704121,8.907070776182689,6.594413459749778,0.1593126380387089,26708.59,26708.6,26706.22,26706.22,3.57283
2023-10-12 21:26:00,0.99877936,7.5145814e-05,0.0011455424,7.202661196523238,8.986071187374463,6.666956792429207,0.1065057771480031,26727.89,26727.9,26727.89,26727.9,4.16901
2023-10-13 20:38:00,0.9999083,3.733383e-06,8.7985965e-05,6.735780014242327,8.641709066113805,6.380122536899765,0.0111758786679236,26768.5,26772.81,26768.5,26772.8,13.01955
2023-10-14 00:07:00,0.9965354,0.003206613,0.00025790543,3.58351893845611,5.220355825078324,2.5649493574615367,0.3099720019780475,26878.1,26884.8,26878.1,26884.8,4.97889
2023-10-14 02:09:00,0.9999777,1.2483684e-06,2.1140262e-05,6.946013991099227,8.640472207576408,6.148468295917647,0.1280976125585546,26899.95,26905.0,26899.94,26904.99,6.81922
2023-10-14 21:34:00,0.99995565,1.6284145e-07,4.4171364e-05,7.186901020411631,8.97094039814245,6.710523109452428,0.0444230347412548,26829.3,26829.3,26826.24,26826.25,1.25862
2023-10-15 21:47:00,0.9995223,0.00012299458,0.0003547264,7.011213987350367,8.816853240627426,6.507277712385012,0.0696670804029093,27173.28,27173.28,27173.27,27173.27,7.4052
2023-10-16 21:50:00,8.982444e-06,8.739372e-05,0.99990356,5.056245805348308,7.724004656676065,5.187385805840755,0.0277762683502537,28420.73,28424.14,28408.49,28424.14,20.37502
2023-10-17 05:02:00,0.010254969,0.0006317301,0.98911333,5.459585514144159,7.670894831362117,5.1647859739235145,-0.0358877280253539,28176.13,28187.95,28176.12,28182.04,12.15805
2023-10-21 02:40:00,0.9938293,0.0061175367,5.3159783e-05,5.953243334287785,7.681560362559537,5.393627546352362,0.0297191104363253,29492.06,29492.06,29479.98,29479.98,9.1006
2023-10-21 07:02:00,4.6568772e-08,1.0,8.125444e-09,7.207118856207756,8.822027322685583,6.401917196727186,0.017225182425942,29682.37,29682.38,29677.0,29677.0,7.78115
2023-10-21 21:28:00,0.9991787,0.00019835198,0.0006229791,7.278628942320682,9.081369990679224,7.148345743900068,0.0880413952126259,30022.08,30023.62,30022.08,30023.61,2.73481
2023-10-22 01:49:00,0.99995923,3.7162325e-05,3.5456326e-06,6.481577129276431,7.85670679309584,5.662960480135946,0.1263153490055454,29928.04,29930.0,29925.31,29930.0,5.60374
2023-10-22 05:59:00,0.99996614,2.5756437e-06,3.1268286e-05,7.140453043101158,8.787525625532906,6.55250788703459,0.0323310984918352,30114.33,30122.41,30112.72,30114.51,22.2987
2023-10-22 21:37:00,0.9837006,0.00014678594,0.016152553,7.040536390215956,8.780633799494984,6.255750041753367,0.0928361767175673,29836.73,29836.73,29836.08,29836.08,2.72562
2023-10-23 04:29:00,1.9462448e-06,0.99999785,2.7251525e-07,7.182352111885263,8.884333185202735,6.246106765481563,0.1543443305093909,30599.81,30617.42,30594.79,30613.46,26.04984
2023-10-23 20:19:00,0.9999902,2.8703482e-08,9.825914e-06,7.503840746698951,9.24009333012553,7.190676034332207,-0.0118145586609819,31577.41,31685.0,31577.4,31629.88,428.66534
2023-10-24 00:51:00,0.99970335,5.997693e-06,0.00029071904,7.171656822768514,8.877521453852872,6.251903883165888,0.0732795340511608,33589.0,33631.8,33567.12,33619.53,83.6029
2023-10-24 05:04:00,0.99896526,1.3896848e-06,0.0010333651,7.853993087224244,9.13259502335133,7.004881989712859,0.0380212458564042,34454.43,34471.48,34454.43,34464.8,41.45562
2023-10-24 20:27:00,0.9997956,1.6854985e-05,0.00018764124,8.12533508671429,9.868844346592557,7.432483807917119,0.0499070868414326,33945.43,33959.45,33910.01,33917.7,28.05871
2023-10-25 02:28:00,0.9991678,5.2182193e-05,0.0007800328,7.195937226475569,8.953252164609035,6.98100574072173,0.0697725861662407,34058.83,34061.15,34054.07,34060.25,13.36947
2023-10-25 10:20:00,0.99892336,9.807927e-06,0.0010668725,5.8971538676367405,8.039157390473237,4.672828834461906,0.0180717636226532,34138.91,34149.57,34138.9,34149.56,17.63538
2023-10-25 21:23:00,0.9991437,5.231831e-05,0.0008039596,7.443078374348516,9.257128533474942,7.372746366404328,0.0918525210201454,34721.45,34726.55,34721.45,34726.54,12.76702
2023-10-26 20:23:00,3.8460375e-06,0.99999475,1.4861289e-06,7.400009517162692,9.019300924562506,7.0825485693553,0.0575229199562697,34113.91,34117.29,34096.62,34096.62,12.69177
2023-11-01 20:52:00,0.9978028,0.00065282447,0.0015444406,7.251344983372214,8.698347400458186,6.285998094508865,0.1394689215169801,35089.09,35093.58,35042.8,35070.85,103.25957
2023-11-02 04:03:00,0.99992895,3.0775545e-06,6.796348e-05,7.515889085215125,9.28442691532888,6.721425700790643,0.0267337884804003,35583.02,35591.36,35573.93,35591.35,9.7419
2023-11-02 07:00:00,0.9997496,8.243597e-05,0.00016797158,7.285506548522785,8.893984438939794,6.077642243349034,0.0891032966834276,35231.21,35241.56,35221.82,35241.56,15.83752
2023-11-02 20:40:00,0.9970319,0.00019731367,0.0027707203,7.21081845347222,8.958540111412168,6.495265555937008,0.081531995910041,34889.48,34889.48,34862.58,34879.86,28.61824
2023-11-02 23:39:00,0.99999857,4.4941878e-08,1.4819594e-06,7.346655163176539,8.738735461363474,6.244166900663736,0.0487369313637823,34833.53,34841.61,34833.53,34839.98,5.67791
2023-11-03 20:46:00,0.99924564,0.0005807007,0.0001736585,6.917705609835305,8.714895850248494,6.55250788703459,0.0607225568860427,34618.08,34631.68,34618.08,34631.68,4.21663
2023-11-04 03:59:00,0.8503267,0.14966643,6.8456534e-06,6.792344427470809,8.270013062273787,5.968707559985366,0.0114515397211194,34708.13,34708.91,34708.12,34708.9,2.92614
2023-11-04 21:23:00,0.99999976,1.7818182e-08,2.7777435e-07,7.27655640271871,8.874867635688053,6.46302945692067,0.0183809149786967,34799.87,34799.87,34799.86,34799.86,1.91087
2023-11-05 03:11:00,2.288683e-06,0.9999976,1.4451753e-07,7.179307969504034,8.589699882202986,6.148468295917647,0.0149166915471617,35056.72,35058.48,35056.71,35058.47,4.70612
2023-11-05 21:53:00,0.9999536,6.314358e-06,4.009524e-05,7.087573705557973,8.873888135154973,6.6052979209482015,0.136465878387298,34550.0,34590.38,34532.26,34589.98,34.75771
2023-11-06 21:10:00,0.99987197,8.276172e-05,4.5292454e-05,7.251344983372214,9.006509131694346,6.617402977974478,0.1854805245603604,34953.44,34960.23,34953.43,34960.22,11.29908
2023-11-07 04:34:00,0.9922386,0.0076977354,6.3794134e-05,7.242797922793756,8.722091302389098,5.973809611869261,0.0292936806582173,34861.72,34861.73,34856.28,34856.29,8.6142
2023-11-07 21:07:00,0.9967235,0.0010895937,0.0021869189,7.107425474110705,8.722417141427496,6.418364935936212,0.0289000175778539,35599.18,35608.84,35585.59,35595.77,60.84215
2023-11-08 15:47:00,0.99961853,0.00031633937,6.502606e-05,5.488937726156687,7.936660155225426,4.969813299576001,0.045788016207041,35205.05,35220.83,35205.04,35220.83,27.85263
2023-11-10 13:18:00,0.9997801,3.517271e-05,0.0001847201,7.984462732262196,9.627734050949622,7.566311014772463,0.0007030352910191,37178.45,37228.0,37172.92,37172.93,73.11095
2023-11-11 13:59:00,0.9840172,0.015021149,0.00096160336,7.412764017426562,9.131729971394272,7.390798521735676,0.0140845896416583,37130.0,37142.01,37130.0,37142.01,14.26525
2023-11-12 03:43:00,0.014632594,0.0001311542,0.9852363,15.42578192298026,18.579965990729228,13.60256606894324,0.0275987978416357,36964.64,36964.65,36964.11,36964.12,12.20776
2023-11-12 20:54:00,0.9996841,1.6066053e-06,0.00031435897,6.073044534100405,7.535296702444088,5.135798437050262,0.0232117418268967,37146.21,37155.0,37146.2,37155.0,11.9027
2023-11-12 21:29:00,0.9683671,0.00049391115,0.031138908,7.81237820598861,9.619133270177022,7.059617628291383,0.0282741096448514,37184.79,37185.0,37184.78,37185.0,9.12371
2023-11-13 03:40:00,0.99988115,0.00010431611,1.4502519e-05,7.025538314638521,8.585412430393381,6.236369590203704,0.0236286906990768,36984.55,36984.56,36955.33,36955.33,43.31387
2023-11-13 07:52:00,0.99949706,6.993038e-06,0.0004959086,7.020190708311925,8.713253274320705,5.968707559985366,0.0131645543121436,36981.45,36981.45,36965.68,36969.47,11.76923
2023-11-13 14:42:00,0.9999207,4.8718855e-05,3.0464751e-05,7.264730177929867,8.75573753930647,7.396948602621014,-0.0243422619696063,36729.99,36743.8,36680.0,36721.2,126.97843
2023-11-13 20:39:00,0.99655056,0.0017000795,0.0017492949,7.077498053569231,8.791486026749002,6.464588303689961,0.1007076308112925,36761.11,36761.11,36753.01,36756.91,11.39627
2023-11-14 15:59:00,0.006260593,0.9937011,3.826476e-05,6.85751406254539,8.449556542700426,7.030857476116121,-0.0143761356935581,36127.64,36153.58,36124.48,36147.09,37.53195
2023-11-14 18:59:00,0.014047454,6.1785315e-05,0.98589075,7.182352111885263,8.811801223938751,7.141245122350491,-0.0025501142797092,35223.99,35306.0,35177.53,35230.0,199.97836
2023-11-14 21:22:00,0.999992,1.3717452e-07,7.877354e-06,7.029087564149662,8.85922139360813,6.725033642166843,0.0976085151209321,35260.01,35294.81,35250.0,35294.81,17.50568
2023-11-15 21:01:00,0.057422027,0.93672085,0.005857049,7.355001921105257,9.18163220783944,6.80128303447162,0.078475617070095,37482.02,37482.02,37438.0,37440.0,34.31904
2023-11-16 21:24:00,0.9994579,1.6677594e-05,0.0005254218,7.0707241072602764,8.954286157204713,6.688354713946762,0.0710116523151611,36010.84,36010.84,35961.22,35961.22,27.13324
2023-11-16 21:58:00,0.99964416,3.0058768e-06,0.00035282297,4.406719247264253,5.998936561946683,3.6375861597263857,0.083691059769413,36005.98,36005.99,35976.89,35986.16,16.48172
2023-11-17 01:48:00,0.9996562,1.2602002e-05,0.00033118634,6.890609120147166,8.457230850243555,5.986452005284438,0.0149646945094014,36426.78,36457.52,36426.78,36457.51,17.0524
2023-11-17 21:10:00,0.9975763,0.00038639118,0.002037371,7.125283091510712,8.815518423966498,6.566672429803241,0.09709299797178,36458.37,36458.37,36416.37,36416.37,16.61075
2023-11-18 21:53:00,4.5625134e-06,0.99999535,1.0595856e-07,7.013915474810528,8.878079256126435,6.490723534502507,0.0645062098986716,36552.0,36552.01,36552.0,36552.0,1.24643
2023-11-19 04:08:00,0.9999181,3.2673503e-07,8.149543e-05,7.2875606403097235,9.575052927597383,7.10002716662926,0.0111833780073846,36527.91,36527.92,36523.55,36523.56,6.5441
2023-11-19 22:48:00,0.9996197,2.9754717e-06,0.00037722156,7.332369205929062,9.05321861620397,6.610696044717759,0.0554990146251445,36981.09,36981.1,36981.09,36981.09,4.7552
2023-11-20 06:12:00,0.9993092,0.0006876569,3.204569e-06,7.901747518520144,9.496796693502144,4.31748811353631,0.0268119971271422,37140.88,37140.88,37140.87,37140.88,5.89674
2023-11-20 07:24:00,0.9999126,3.1687983e-07,8.704375e-05,5.942799375126701,8.251663923605589,5.010635294096256,0.0019833074471606,37111.85,37121.1,37111.85,37121.09,6.14766
2023-11-20 11:53:00,0.9780788,0.02158525,0.00033606213,6.678342114654332,8.581294116822761,5.062595033026967,0.0149191009763926,37135.1,37135.11,37112.0,37135.1,14.99828
2023-11-24 22:01:00,0.99827313,9.162974e-05,0.0016351828,7.374001859350161,9.29182818882245,6.651571873589727,0.0867560634069035,37806.9,37806.91,37761.15,37776.83,44.13967
2023-11-25 03:31:00,0.81399465,0.020406244,0.16559914,7.145984467714388,8.886270902072013,5.976350909297934,0.0296646291756306,37824.0,37836.0,37824.0,37835.77,7.86786
2023-11-25 04:05:00,3.0681656e-06,0.9999968,6.8524e-08,5.648974238161206,7.31455283232408,4.897839799950911,0.0100415964923748,37776.0,37776.02,37776.0,37776.02,6.46711
2023-11-25 06:41:00,7.5901066e-06,0.99999225,1.7325942e-07,7.59890045687141,9.118444357271644,6.20455776256869,0.1207572451757008,37785.27,37785.28,37782.44,37782.45,3.95615
2023-11-25 21:17:00,0.9994542,0.00010046527,0.00044530947,7.122059881629142,8.995660899074103,6.42648845745769,0.1502530166138939,37794.26,37794.27,37792.34,37792.34,8.59015
2023-11-26 02:42:00,0.6119186,0.38775164,0.0003296936,7.053585727193677,8.692490133273228,6.159095388491933,-0.00772494476911,37722.44,37722.44,37721.32,37721.32,4.50124
2023-11-26 22:05:00,2.3955417e-05,0.9999757,3.8727785e-07,7.154615356913663,9.009447429596792,6.508769136971682,0.0858858454080253,37691.32,37711.99,37691.32,37711.98,28.66164
2023-11-27 03:10:00,0.9999678,3.971755e-07,3.182171e-05,7.1372784372603855,8.798605650854423,6.246106765481563,-0.0080100336617961,37254.19,37260.0,37231.53,37259.99,17.1812
2023-11-28 21:12:00,0.9981002,0.00030420267,0.0015956007,7.436617265234227,9.31721973360328,6.865891074883439,-0.0080763189455807,38141.1,38150.0,38141.09,38142.35,11.52829
2023-11-29 09:38:00,0.1554554,0.83060384,0.013940693,5.991464547107982,7.610357618312838,4.912654885736052,-0.0063181837146101,38227.14,38228.23,38204.95,38213.99,30.9938
2023-11-29 21:30:00,0.99995565,1.6284145e-07,4.4171364e-05,7.57353126274595,9.290167671835738,6.812345094177479,0.0898225620319376,37770.33,37783.86,37751.45,37754.26,27.51106
2023-11-30 22:06:00,0.99999976,1.9411573e-07,3.624552e-08,8.39840965542627,10.106714070009978,7.768533300926033,0.0354122153937303,37749.98,37755.87,37749.98,37755.85,6.77929
2023-12-01 21:19:00,0.70474464,0.29442367,0.0008317085,7.3632795869630385,9.150590367570407,6.810142450115136,0.1813000825652067,38831.71,38831.72,38819.11,38819.11,20.39522
2023-12-02 21:50:00,0.00845635,0.9870249,0.00451875,7.4999765409521215,9.325542301664866,6.646390514847729,0.0848188190848439,39589.1,39599.96,39589.05,39598.19,18.44373
2023-12-03 05:04:00,0.99991417,6.493593e-06,7.944536e-05,7.889459149404524,9.39607277189222,7.796469243086058,-0.0017789459478053,39353.25,39353.25,39350.0,39350.01,17.95354
2023-12-03 07:10:00,4.90748e-05,3.3516778e-06,0.99994755,7.72356247227797,9.034795799461252,6.324358962381311,0.0722575435649589,39422.25,39422.25,39399.52,39399.52,42.58535
2023-12-03 16:46:00,0.9992823,0.0004237652,0.00029403495,8.536014945656826,10.379255784486716,8.18646442942209,-0.0092527964733253,39701.64,39708.01,39701.64,39708.0,13.36439
2023-12-04 10:31:00,0.999265,0.00071847514,1.6542754e-05,6.966967138613983,8.611593866837723,5.703782474656201,-0.0443829972638159,41767.1,41797.83,41767.1,41780.52,51.45764
2023-12-05 22:42:00,0.9999676,3.1030413e-05,1.3790485e-06,5.7745515455444085,7.659171367666058,5.153291594497779,0.0530298764912648,44257.0,44257.01,44197.85,44197.85,59.91072
2023-12-06 00:36:00,0.9999951,1.9123745e-06,2.993042e-06,3.5263605246161616,6.104793232414985,3.784189633918261,0.0656685042035116,43871.84,43912.0,43871.53,43907.11,44.38845
2023-12-06 00:49:00,0.9997025,0.00021903416,7.844973e-05,5.407171771460119,7.2868764117507,4.897839799950911,0.0627771500834431,43999.99,44027.59,43999.99,44026.73,66.29664
2023-12-06 00:54:00,0.9963924,3.7883092e-06,0.0036037983,4.382026634673881,6.877296071497429,4.691347882229144,0.0049101250411933,44075.98,44085.61,44062.43,44085.6,35.88591
2023-12-06 00:57:00,1.0405125e-06,0.9999988,5.993403e-08,3.1780538303479458,6.280395838960195,4.158883083359672,-0.0307864779869191,44124.35,44132.15,44112.0,44119.98,31.30083
2023-12-06 00:58:00,1.0405125e-06,0.9999988,5.993403e-08,4.382026634673881,7.282073658093465,5.517452896464707,0.0281593174881307,44119.99,44134.0,44100.0,44126.95,39.42679
2023-12-06 01:13:00,0.999998,4.1863093e-08,2.041862e-06,3.6635616461296463,6.054439346269371,3.044522437723423,-0.0687420656072607,44121.01,44121.02,44103.74,44112.87,15.80359
2023-12-06 01:25:00,8.897644e-06,0.99999094,8.326476e-08,3.1780538303479458,5.673323267171493,3.58351893845611,0.0764702527725477,44007.11,44013.15,43974.0,43995.87,26.28313
2023-12-06 01:29:00,0.14276627,0.8530496,0.0041842083,5.272999558563747,7.576609766973037,4.941642422609304,-0.0109331078844515,43994.18,44005.72,43958.36,43958.37,32.8842
2023-12-06 01:53:00,0.9998456,0.00014701922,7.373379e-06,5.393627546352362,7.298445101508147,4.912654885736052,0.0555623226407085,43828.01,43835.0,43810.36,43814.0,40.15103
2023-12-06 02:11:00,0.9957366,2.5019672e-05,0.004238395,5.1647859739235145,8.305484017727691,6.20050917404269,0.0272717855427617,43851.0,43851.0,43835.42,43835.42,16.61544
2023-12-06 02:58:00,3.9128936e-05,0.9999609,4.5391072e-08,5.030437921392435,7.408530566894626,4.356708826689592,-0.0165663808346989,43869.26,43905.02,43862.99,43905.02,29.27121
2023-12-06 06:37:00,0.9930882,0.0037374245,0.0031743606,5.247024072160486,7.951559331155252,5.062595033026967,0.0322402206851955,43657.14,43661.84,43633.16,43657.26,22.04415
2023-12-06 09:06:00,0.9974273,0.0010886,0.0014841007,9.27049429479593,8.16961956172385,7.370860166536716,-0.084372475528569,43769.28,43772.0,43759.15,43761.51,36.51435
2023-12-06 13:32:00,0.99998283,1.6658742e-06,1.5537084e-05,4.477336814478207,6.340359303727752,4.919980925828125,-0.0244056025369537,44144.73,44144.74,44055.89,44077.99,52.01992
2023-12-07 00:01:00,0.9452972,0.00032672597,0.054376166,4.653960350157523,6.3578422665081,3.951243718581428,0.0470708902558344,43773.49,43782.73,43773.48,43782.65,5.35037
2023-12-07 00:27:00,0.91900927,0.08051426,0.00047649452,1.3862943611198906,5.030437921392435,2.302585092994046,0.1211090426204847,43836.22,43839.99,43827.12,43839.98,10.47262
2023-12-07 01:35:00,6.804005e-06,0.99999297,1.8332588e-07,5.308267697401205,7.227662498728654,4.955827057601261,0.1060271262879137,43915.08,43915.08,43878.44,43878.44,11.15944
2023-12-07 03:24:00,0.9987967,0.001127844,7.54986e-05,6.47543271670409,8.014335737299424,5.41610040220442,0.0636348271336698,43975.0,43999.84,43974.99,43982.01,44.53558
2023-12-07 08:09:00,0.9999989,3.9310072e-07,7.398957e-07,5.594711379601839,7.507690077819904,5.594711379601839,-0.0698355557955693,43821.12,43833.29,43806.58,43831.53,48.50532
2023-12-07 21:21:00,0.99991286,2.0185446e-06,8.507039e-05,7.263329617476836,9.064620717626775,6.452048954437226,0.0775125415643258,43311.09,43334.36,43295.48,43295.49,25.79239
2023-12-08 05:36:00,0.9999838,3.0825774e-07,1.587385e-05,7.085901464365611,9.077722847361343,6.535241271013659,0.0301103544078553,43406.22,43406.23,43400.01,43400.01,13.41379
2023-12-09 22:11:00,0.99996567,4.021794e-06,3.0232693e-05,7.191429330036379,8.971575439759016,6.610696044717759,0.046718077541376,44019.08,44020.0,44019.07,44019.99,5.14621
2023-12-10 02:21:00,0.99986684,7.9755104e-05,5.3381482e-05,7.2640301428995295,8.96098117384356,6.139884552226255,-0.0234503564581152,43731.61,43731.61,43728.17,43728.18,16.7512
2023-12-10 06:33:00,4.6627185e-05,0.9999455,7.894163e-06,5.384495062789089,7.534228326274089,5.010635294096256,-0.0351369168775367,43892.0,43892.01,43889.28,43889.28,10.75285
2023-12-10 22:29:00,0.9996835,1.8484137e-05,0.0002980368,7.707512194600341,9.391494581018131,6.822197390620491,0.0687016246145376,43864.83,43886.7,43864.82,43886.7,11.03298
2023-12-11 06:27:00,0.99999905,4.141555e-07,5.9095777e-07,6.620073206530356,8.545002892055505,6.285998094508865,0.0588061915256081,41839.71,41874.0,41830.23,41835.31,38.82634
2023-12-11 08:48:00,0.9996599,1.5627685e-06,0.00033860412,4.0943445622221,7.6128310304073565,4.143134726391533,-0.0431256063487546,42272.01,42280.0,42255.2,42279.99,24.63694
2023-12-11 10:06:00,0.2066395,0.0061127245,0.78724784,5.455321115357702,7.599401333415815,4.983606621708336,-0.0200590174476197,42409.0,42440.0,42408.99,42411.1,42.74945
2023-12-11 21:28:00,0.98938644,0.0026449126,0.007968646,7.329749689041512,9.072686206677387,6.508769136971682,0.0869405739055432,41143.31,41161.69,41120.0,41156.01,34.74139
2023-12-12 20:48:00,0.9957623,0.0032915354,0.00094620406,7.119635638017636,8.89959435992585,6.452048954437226,0.213481555608401,41202.47,41242.0,41202.47,41236.59,22.20847
2023-12-13 21:28:00,0.9970912,0.000115751536,0.0027929982,7.173958319756794,8.909370405197466,6.486160788944089,0.1041781381644179,42801.1,42825.26,42801.1,42818.59,25.365
2023-12-13 23:45:00,0.97251993,0.027338073,0.00014200098,8.365905077202456,9.772695262286105,6.812345094177479,0.0221812567824736,42863.47,42894.97,42863.47,42886.54,20.85864
2023-12-14 00:20:00,0.3145909,0.6160394,0.069369696,5.736572297479192,7.501634457883413,4.7535901911063645,0.0059226002830346,42805.3,42820.26,42800.77,42813.74,48.13472
2023-12-14 20:48:00,0.984631,0.0002671557,0.015101886,7.080026499922591,8.85395110151461,6.752270376141742,0.0660072980217053,42889.99,42896.94,42885.04,42885.05,8.37069
2023-12-16 21:26:00,0.92424697,0.07491735,0.00083570246,7.149131598557407,8.807771066980044,6.466144724237619,0.0302143137938214,42330.85,42331.96,42330.85,42331.95,4.49747
2023-12-17 01:44:00,0.9997514,9.887203e-05,0.0001497062,7.090909822079984,8.905851181208021,6.380122536899765,-0.0110985552972351,42063.09,42091.1,42059.57,42076.1,21.59748
2023-12-17 21:13:00,0.9999777,1.2483684e-06,2.1140262e-05,7.131698510466912,8.929700114313448,6.361302477572996,-0.019805400796628,42015.95,42015.95,42000.0,42000.01,20.35396
2023-12-20 06:25:00,0.9999949,2.8792363e-06,2.2909433e-06,5.652489180268651,7.846198815497425,5.123963979403259,-0.0264341976544329,42982.5,42995.64,42942.14,42942.15,45.81128
2023-12-21 21:33:00,0.9949545,0.00068482757,0.004360635,6.96979066990159,8.839421607620602,6.51471269087253,0.0476743467677791,43787.95,43820.16,43787.94,43820.16,13.01421
2023-12-22 22:17:00,0.99999356,1.3656802e-07,6.302367e-06,7.0707241072602764,8.921457578947884,6.2324480165505225,0.0628874980483059,43686.99,43697.66,43686.98,43697.65,7.28956
2023-12-22 22:33:00,0.99999475,2.2889044e-07,4.9761975e-06,4.812184355372417,6.432940092739179,3.951243718581428,0.1642989012402366,43716.42,43716.42,43716.41,43716.41,3.72072
2023-12-23 02:52:00,0.9999974,4.2937089e-07,2.1771405e-06,6.714170529909472,8.38548870041881,5.71042701737487,0.02937390231262,43564.79,43581.52,43564.78,43565.66,11.83168
2023-12-23 06:58:00,0.9994832,9.01177e-05,0.00042670665,7.828834527588089,9.548026157663058,7.138073034044347,-0.0011410981567836,43625.54,43628.58,43625.53,43628.57,6.02856
2023-12-23 22:06:00,0.9647821,0.0039372756,0.03128061,6.9167150203536085,8.82246957226897,6.278521424165844,0.1387576815484312,43775.23,43781.46,43775.22,43781.45,6.9472
2023-12-24 05:56:00,0.70830727,0.291686,6.773384e-06,5.583496308781699,7.717796211013582,5.14166355650266,0.0253935785519617,43507.99,43517.51,43488.0,43488.0,38.29701
2023-12-24 18:35:00,0.9999918,1.4886635e-06,6.7960527e-06,6.0473721790462776,7.719573989259581,5.10594547390058,-0.0599673881780596,43594.69,43604.35,43583.88,43604.34,18.28541
2023-12-24 21:44:00,0.999944,6.1772093e-06,4.9820348e-05,7.409136443920128,9.179984251961285,6.450470422144176,0.0871437698138799,43490.34,43509.23,43490.33,43509.23,10.2142
2023-12-25 03:15:00,0.99983966,2.309347e-05,0.00013721349,7.358830898342354,9.393328373313295,6.536691597591305,0.095875862209915,43094.27,43116.38,43094.27,43102.0,43.87574
2023-12-25 21:50:00,0.9881918,0.0005396774,0.011268543,7.126890808898808,8.953381472167242,6.214608098422191,0.1666557066200147,43438.3,43452.54,43437.66,43451.99,40.98068
2023-12-26 02:38:00,0.9989016,6.389626e-06,0.00109194,7.123672785204607,8.66406026722579,6.150602768446279,0.033079256062905,43470.83,43481.1,43470.83,43481.1,12.68168
2023-12-26 22:32:00,0.99919707,0.00012415169,0.0006788431,7.195937226475569,9.037295651962438,6.340359303727752,0.0593137899111208,42425.05,42434.16,42400.57,42434.15,24.27488
2023-12-27 04:12:00,0.9972819,0.0006526878,0.0020653598,6.16541785423142,7.748460023899697,6.470799503782602,0.0186701361682703,42250.0,42259.99,42249.99,42259.98,6.68336
2023-12-27 04:33:00,0.9987639,0.001214755,2.1291775e-05,5.8522024797744745,7.568379267836522,5.187385805840755,0.0487802903985437,42302.36,42321.1,42302.35,42321.1,8.10297
2023-12-27 05:14:00,0.9999107,8.853269e-05,6.777803e-07,7.364547014255642,9.042631527550071,6.259581464064923,0.0553129255346594,42410.13,42417.38,42392.8,42414.01,22.94902
2023-12-27 21:04:00,0.99999976,2.9341336e-07,3.5609407e-08,8.368461137615839,10.057066640464429,7.629489916393995,0.0249536098062236,43364.94,43370.0,43341.1,43369.23,37.01695
2023-12-28 22:24:00,0.99787545,1.7347618e-05,0.002107135,7.289610521451167,9.143452426434552,6.813444599510896,0.1011063663718025,42514.01,42524.0,42514.0,42524.0,11.21228
2024-01-01 23:36:00,0.9902874,0.009702864,9.638015e-06,8.12058871174027,9.940831505676549,6.90975328164481,0.0867736407144798,43959.86,44001.2,43929.75,44001.19,29.26572
2024-01-02 21:19:00,0.98509604,7.764465e-05,0.014826289,7.282073658093465,9.228573140237245,6.437751649736401,0.0026320968993959,44883.22,44932.0,44882.0,44932.0,28.49897
2024-01-02 21:44:00,0.0011755466,0.99753124,0.0012932344,5.327876168789581,7.442492722794441,5.093750200806762,0.0234499085537876,44964.36,44964.37,44943.84,44943.84,15.11599
2024-01-02 23:08:00,0.9686992,0.0087657515,0.02253508,7.47477218239787,9.158625936289503,6.437751649736401,-0.0286020758161067,44962.82,44980.98,44958.01,44978.12,17.03806
2024-01-03 05:53:00,0.8507649,0.14916736,6.774206e-05,7.045776576879511,9.01322999770879,6.131226489483141,0.0673976842642403,45212.23,45221.77,45211.1,45219.07,12.71139
2024-01-03 20:40:00,0.9998888,2.4463245e-06,0.00010866604,5.932245187448011,8.00736706798333,5.910796644040527,0.0404718992467061,42830.4,42844.0,42830.38,42831.07,25.58778
2024-01-03 22:43:00,0.8807234,0.11882923,0.0004473962,8.292798858200374,9.70375530548238,6.85751406254539,0.0718179749786521,42688.96,42688.97,42651.1,42657.54,32.18117
2024-01-04 21:04:00,0.102969706,0.8969992,3.1086674e-05,6.354370040797351,7.974188669286011,5.318119993844216,0.0414978242279819,44323.7,44367.99,44306.0,44358.57,66.57898
2024-01-04 21:55:00,0.9992878,8.3782914e-05,0.0006285571,7.102499355774649,9.077037524661762,6.240275845170769,0.0396462311519977,44378.01,44389.29,44378.0,44381.3,16.43057
2024-01-05 03:37:00,0.00021446595,0.9997774,8.223987e-06,6.498282149476434,8.840001065843392,6.284134161070802,0.0814951030650242,43536.71,43560.0,43527.1,43559.98,10.60218
2024-01-05 08:03:00,0.99999976,2.0165745e-08,2.8796993e-07,6.253828811575473,8.205764725234456,5.468060141135132,0.0839627710543021,43809.67,43857.04,43809.66,43848.46,18.79494
2024-01-05 19:01:00,0.00740258,0.992394,0.00020351165,4.04305126783455,6.306275286948016,7.31455283232408,-0.0408149620408023,43581.7,43581.71,43563.5,43568.7,14.68
2024-01-05 23:12:00,0.9971501,0.0003028345,0.0025469663,6.994849985833071,8.970050661827003,6.259581464064923,0.045841435057877,44249.98,44249.99,44194.11,44194.52,22.16481
2024-01-06 00:10:00,0.9997049,1.183703e-05,0.00028321875,4.844187086458591,7.539027055823995,5.170483995038151,-0.0267982511912762,44195.65,44214.42,44168.13,44175.54,23.61034
2024-01-06 01:10:00,0.99945337,2.3629061e-06,0.000544249,6.324358962381311,8.617038526385954,5.303304908059076,0.0140011129923069,44021.99,44029.35,44014.12,44024.49,19.57989
2024-01-06 05:54:00,0.9999713,7.841464e-07,2.7885866e-05,7.504391559161238,9.33282345619073,6.710523109452428,-0.0354860586576922,43616.37,43616.38,43588.0,43607.18,36.74207
2024-01-06 22:11:00,0.9984572,0.00014711612,0.0013957242,7.0587581525186645,9.010791269515602,7.295735072749282,0.0792088163258498,43855.48,43877.4,43855.47,43872.05,15.34286
2024-01-07 22:20:00,0.9819282,0.0006000194,0.017471723,7.04141166379481,8.965590066907914,6.066108090103747,0.1144913379397557,43956.86,44022.62,43936.66,44022.62,53.47955
2024-01-08 02:06:00,0.00026296807,6.0554594e-06,0.999731,6.09807428216624,7.987864096085687,5.081404364984463,0.0177251726906021,43769.83,43794.72,43769.83,43794.0,11.54136
2024-01-08 21:04:00,0.99932194,8.90789e-05,0.00058894017,5.828945617610208,7.938088726896952,5.247024072160486,-0.0273291793304586,46757.15,46757.16,46701.84,46727.57,47.30766
2024-01-08 21:43:00,0.9999949,2.2627192e-07,4.845526e-06,7.422373700986824,9.220983532074662,6.572282542694008,0.0350072394783604,47140.36,47182.06,47138.0,47173.99,54.10816
2024-01-09 02:12:00,0.999992,4.8326314e-08,8.028216e-06,6.672032945461067,8.882669291308039,5.976350909297934,-0.0160530490419248,46530.0,46530.01,46483.83,46501.09,16.88675
2024-01-09 21:44:00,0.9996307,4.0690766e-06,0.0003652586,7.449498005382849,9.59212735272977,7.189922170745808,0.014239173321369,46066.16,46101.99,45941.52,45967.86,143.00506
2024-01-11 04:51:00,0.8820157,0.117869996,0.00011425947,7.097548850614793,9.207135241027236,5.733341276897746,-0.0111224832934842,46407.21,46416.79,46401.03,46410.36,17.37727
2024-01-11 05:49:00,0.92726606,9.0419606e-05,0.07264352,6.159095388491933,7.773173680482536,4.51085950651685,-0.0117652150362364,46074.48,46076.2,46035.51,46050.38,24.98949
2024-01-11 11:43:00,0.9658561,0.017039424,0.017104484,7.5688956634069955,8.88336291691676,5.793013608384144,0.0171099293191835,46890.21,46954.26,46890.21,46954.26,33.80161
2024-01-11 21:32:00,0.9993013,0.00030857738,0.000390091,7.867871490396322,9.721305985943088,6.38856140554563,0.0664032258756444,46427.91,46450.0,46427.91,46438.46,14.02425
2024-01-12 03:50:00,0.99962795,1.1673053e-06,0.0003708124,7.995306620290822,10.04659172950458,7.396948602621014,-0.0175907290631899,46166.73,46166.74,46148.99,46149.0,11.8691
2024-01-12 03:57:00,0.97040606,0.016274909,0.013319106,5.472270673671475,7.283448228756631,4.770684624465665,0.1175782861849883,46100.35,46100.98,46077.45,46077.46,16.24299
2024-01-12 04:27:00,0.99683064,0.002812623,0.00035676264,7.161622002939187,8.92665032079394,5.971261839790462,0.0355917810303293,45999.96,46011.84,45999.95,46002.37,12.47514
2024-01-12 21:32:00,0.9786188,0.021083131,0.00029806775,7.636752112435779,9.224736252259914,5.899897353582492,0.0065549714846362,43633.89,43633.89,43509.87,43536.49,122.97217
2024-01-12 22:23:00,0.9998901,9.108609e-05,1.8824536e-05,7.868254265520613,9.473319831787592,6.577861357721047,0.021132637529434,41962.0,42105.41,41825.46,42060.86,251.25751
2024-01-13 11:51:00,0.99962795,1.1673053e-06,0.0003708124,4.795790545596741,7.802618063442671,4.418840607796598,0.0324059610987361,42563.57,42571.09,42509.11,42567.48,53.42027
2024-01-13 22:03:00,0.9984106,0.00013626079,0.0014530915,7.16703787691222,9.14120463314132,6.210600077024653,0.0865366063775507,42960.55,42992.88,42960.55,42987.32,22.7425
2024-01-14 06:29:00,0.9999404,5.0656363e-06,5.4546486e-05,7.148345743900068,9.028698584086984,6.413458957167357,-0.0177396014448637,42887.99,42893.06,42887.99,42893.05,5.84123
2024-01-14 22:16:00,0.9778201,0.00028558992,0.021894325,7.187657164114956,8.985445287623167,6.456769655572163,0.0569009991709866,42501.67,42513.38,42481.1,42481.1,10.95373
2024-01-15 21:35:00,0.9998851,7.3189813e-06,0.000107681066,6.958448393297656,8.958668737047434,6.309918278226516,0.029093836913488,42838.3,42857.45,42826.74,42839.99,23.48803
2024-01-16 00:14:00,0.99993885,1.5599575e-05,4.554607e-05,4.3694478524670215,5.899897353582492,3.5263605246161616,0.1616846158083175,42576.0,42579.03,42572.01,42572.01,7.17492
2024-01-16 01:19:00,0.99993217,1.6889824e-05,5.0848557e-05,6.813444599510896,8.393216011596527,5.84354441703136,0.0324675372937859,42621.99,42661.1,42612.31,42659.89,19.09995
2024-01-16 22:13:00,0.99610126,0.0004986242,0.0034001775,7.206377291472252,9.043931533642278,6.415096959171596,0.1095452052992575,43453.99,43454.0,43378.87,43383.98,17.52601
2024-01-17 21:31:00,0.9581578,0.041376274,0.00046591606,7.022868086082641,8.936166649549195,6.208590026096629,0.0755493406946172,42718.42,42742.06,42718.42,42742.05,12.98895
2024-01-17 23:41:00,0.99923563,0.00016852157,0.00059579196,7.371489295214277,9.280052984387485,6.645090969505644,0.0364352027121955,42715.09,42727.49,42715.09,42726.8,7.88752
2024-01-18 12:56:00,0.9980564,5.538695e-05,0.0018881556,7.315883504509785,8.644530439877432,5.459585514144159,0.0223958560005582,42434.34,42434.34,42434.33,42434.33,14.09004
2024-01-18 21:47:00,0.7281069,0.26630905,0.0055839918,7.170888478512505,9.001222992395064,6.428105272684596,0.0598748527928349,41188.0,41235.75,41174.72,41223.79,68.80065
2024-01-19 06:03:00,0.999413,0.0005262115,6.0811308e-05,4.844187086458591,7.342779189331845,4.465908118654584,-0.0366363679033814,41215.47,41226.81,41215.46,41226.8,19.5506
2024-01-21 19:36:00,0.99994874,4.92341e-05,2.0303169e-06,6.139884552226255,7.917171988845776,5.093750200806762,0.0012084130046157,41682.52,41684.0,41682.51,41684.0,2.40971
2024-01-22 21:55:00,0.028993068,0.9701881,0.0008188386,7.20934025660291,9.09425589295538,6.715383386334681,0.034128474216766,40005.99,40020.82,39981.1,39981.1,27.70831
2024-01-23 06:30:00,0.28439307,0.2726204,0.44298658,5.863631175598097,8.471358655072438,5.117993812416755,0.0248321891822189,40097.0,40097.0,40084.0,40093.71,7.38736
2024-01-23 21:32:00,0.99812657,0.00013667696,0.0017367721,7.018401799069201,8.876823763180603,6.823286122355687,0.0385331591411425,39131.61,39181.1,39131.6,39181.1,16.73343
2024-01-24 07:16:00,0.99998474,1.4886312e-05,3.8205386e-07,5.365976015021851,7.715569534520208,5.135798437050262,0.0088058669044172,39963.0,40028.9,39962.99,40016.0,160.40963
2024-01-24 23:02:00,0.25226134,0.6518474,0.095891215,7.085064293952548,8.889032571874742,6.285998094508865,0.0971185431156763,39849.06,39867.94,39849.06,39867.93,14.43381
2024-01-25 02:28:00,0.9988846,0.0011133015,2.1265116e-06,7.503840746698951,9.213634938925614,6.879355804460439,0.1001916464676749,40011.14,40011.15,40001.75,40009.33,4.95254
2024-01-25 04:07:00,0.9971841,0.002755855,6.0064667e-05,6.3784261836515865,8.416709652837914,6.054439346269371,0.1018400890118548,40032.0,40032.5,40024.78,40025.99,23.66157
2024-01-25 04:25:00,0.999874,0.00011434436,1.1723632e-05,5.525452939131784,7.580189417944541,3.784189633918261,0.0027460376981936,39991.99,39992.0,39976.81,39976.82,6.05312
2024-01-25 21:28:00,0.9999081,1.361659e-06,9.064206e-05,6.747586526829315,8.62317351495347,6.329720905522696,0.0553721632072606,39888.23,39898.52,39884.61,39898.52,7.92342
2024-01-26 02:59:00,0.6487598,0.00010465774,0.35113555,5.981414211254481,7.75190533307861,5.303304908059076,-0.0180570613271091,40145.91,40145.92,40144.3,40144.31,10.3703
2024-01-26 03:13:00,0.6919773,0.0044076038,0.30361506,7.463936604468925,9.035986984831403,6.230481447578482,0.0352325322634113,40173.1,40173.11,40168.79,40169.35,16.48271
2024-01-26 22:01:00,0.99910104,0.00026811095,0.0006308791,7.706612913964197,9.040263541598666,6.553933404025811,0.0165548247266214,42008.1,42011.74,42004.65,42004.66,9.16662
2024-01-27 22:22:00,0.99982554,8.125806e-06,0.00016644388,8.053887083618223,9.24994562656854,6.86171134048073,0.0242506687268399,42144.84,42150.0,42144.83,42150.0,3.87418
2024-01-28 22:22:00,0.79113,0.20433757,0.004532375,8.07775756373692,9.207436158828791,6.705639094860003,0.0423022587476431,41951.1,41960.0,41951.09,41956.0,9.85728
2024-01-29 22:04:00,0.99448544,0.0003394356,0.0051751058,7.596894438144544,9.08805973726735,6.516193076042964,0.0609132283000516,43153.02,43153.02,43146.66,43146.67,10.39478
2024-01-30 21:03:00,0.9994542,0.00010046527,0.00044530947,7.1785454837637,9.064620717626775,6.371611847231857,0.0255957106946321,43541.01,43555.59,43541.01,43555.58,38.27223
2024-01-31 21:17:00,0.9997547,9.504504e-06,0.0002357264,7.014814351275545,8.818038250394299,6.302618975744905,0.0280427302972175,42683.87,42707.68,42623.99,42665.27,126.17274
2024-02-07 05:11:00,0.99997437,4.927423e-06,2.0715412e-05,7.538494999413465,9.439545514668987,6.919683849847411,5.021488796469816e-05,42954.01,42974.0,42954.0,42974.0,19.87031
2024-02-07 21:45:00,0.99999964,3.4426705e-08,4.0606005e-07,6.940222469119639,8.833754223418396,6.542471960506805,0.0235521693948982,44247.82,44247.82,44210.76,44226.01,31.75123
2024-02-08 20:31:00,0.99997914,1.2268456e-05,8.550415e-06,6.926577033222725,8.882946799288174,6.416732282512326,0.0202457734594517,45382.42,45392.94,45374.41,45374.78,36.60697
2024-02-09 20:08:00,0.80246747,0.19624503,0.0012875239,7.572502985020384,9.417029285218431,6.461468176353717,0.0274560388226695,47583.93,47610.0,47557.38,47609.99,55.64903
2024-02-09 23:43:00,0.9999931,1.3472554e-06,5.624609e-06,7.268223021159565,9.507106063161006,6.421622267806518,0.0056186023052604,47161.38,47161.38,47150.58,47150.59,7.25024
2024-02-10 21:53:00,0.99903893,0.00017842467,0.0007827313,7.081708586105575,9.065083359319043,6.182084906716632,0.0618266203459428,47939.77,47961.09,47934.0,47954.01,28.84537
2024-02-11 22:15:00,0.99931085,4.047608e-05,0.00064865756,6.733401891837359,8.84246002419529,6.07993319509559,0.0958271286698012,48147.52,48163.1,48136.16,48136.16,28.98406
2024-02-12 21:13:00,0.9984779,0.0014135183,0.00010853247,12.869093037574906,16.4526119044626,10.137808404440465,0.0273145151948787,50214.58,50270.01,50210.92,50251.11,151.8848
2024-02-12 22:00:00,0.9990343,0.00026299967,0.00070273207,7.360103972989152,9.11007795003779,6.150602768446279,0.0825239646714982,49816.31,49860.0,49816.3,49859.99,34.59935
2024-02-13 00:05:00,0.020534996,0.97935814,0.00010687156,5.176149732573829,7.948031990637284,5.472270673671475,-0.0821731302829775,49946.92,49981.1,49946.91,49981.1,23.29513
2024-02-13 06:13:00,0.96735317,0.030687597,0.0019592592,1.3862943611198906,2.4849066497880004,1.791759469228055,0.0,50052.86,50060.0,50052.86,50059.81,12.64355
2024-02-13 06:15:00,0.10006242,0.8999259,1.1646321e-05,7.638679823876112,9.266153436795395,6.295266001439646,0.0469626034365503,50072.44,50092.25,50072.44,50091.09,22.76109
2024-02-13 21:27:00,0.9995747,3.865987e-05,0.0003866295,7.440146680662688,9.2954165443313,6.543911845564792,0.0360679850259902,49706.0,49706.0,49660.65,49694.83,33.18447
2024-02-13 21:35:00,0.1591887,0.829688,0.011123362,5.910796644040527,7.765569081097317,4.787491742782046,-1.0591348741450774e-05,49684.09,49690.78,49680.59,49683.9,21.61626
2024-02-14 21:04:00,0.9996879,6.3472195e-05,0.00024864307,7.554334823725748,9.470317173335742,6.473890696352274,0.0066611712305673,51571.68,51588.0,51545.05,51587.99,24.53605
2024-02-14 21:23:00,0.9942656,2.6822954e-06,0.005731611,6.974478911025045,8.925853190420922,5.602118820879701,-0.0259220550647305,51528.99,51528.99,51496.0,51499.99,34.00123
2024-02-15 02:57:00,0.999881,0.00011105418,7.883303e-06,6.126869184114185,8.27664912542186,4.77912349311153,-0.0060377905638585,52031.91,52085.46,52031.9,52071.1,19.50096
2024-02-15 04:18:00,0.9995284,0.00012636691,0.00034517632,7.063903961472068,9.012377119192273,6.246106765481563,0.099228496069172,52202.34,52225.0,52202.34,52220.01,14.9883
2024-02-16 10:12:00,0.96512836,0.034862865,8.703899e-06,5.429345628954441,7.8547691834991324,4.844187086458591,-0.0503069140506118,51885.71,51889.72,51881.09,51881.98,9.24239
2024-02-16 10:38:00,0.9901016,5.3649014e-06,0.009893129,3.828641396489095,6.80128303447162,5.262690188904886,-0.0699587320988057,52030.81,52030.81,52004.09,52013.69,10.74601
2024-02-17 09:10:00,0.006345345,0.00035454542,0.9933001,4.574710978503383,7.434257382133135,5.365976015021851,-0.0058123535449742,51665.97,51691.62,51665.96,51676.02,27.30106
2024-02-18 03:53:00,1.1413673e-07,0.99999976,1.1765677e-07,7.366445148327599,9.163458386076051,6.315358001522335,-0.0142039760366642,51458.49,51465.55,51457.12,51457.13,13.46481
2024-02-18 23:03:00,0.00049054343,0.99950874,7.584849e-07,7.247792581767846,9.20522732258936,6.311734809152915,0.0212503267951893,52193.37,52241.5,52193.37,52218.01,37.14641
2024-02-19 10:42:00,9.551237e-05,0.9998487,5.5759177e-05,5.476463551931511,7.60489448081162,4.962844630259907,-0.0273560863163663,52410.99,52411.0,52394.53,52394.55,12.58271
2024-02-19 22:05:00,0.997502,0.00060507696,0.0018930081,7.237059026124737,9.005773206234908,6.51471269087253,0.0202536106568854,51963.99,52030.22,51962.15,51998.81,42.42273
2024-02-19 22:16:00,0.96735317,0.030687597,0.0019592592,2.079441541679836,3.6375861597263857,1.791759469228055,0.4054651081081644,52046.17,52046.17,52018.68,52023.79,17.77731
2024-02-20 03:34:00,0.9999989,3.479592e-07,7.3097374e-07,6.9985096422506015,9.002208578282412,6.093569770045136,0.0245749366061756,51674.16,51674.17,51664.0,51666.01,5.13066
2024-02-20 07:34:00,0.98739815,0.0113308355,0.0012710167,5.8664680569332965,7.629003889652957,4.553876891600541,0.0481465412415123,51927.58,51936.41,51927.57,51932.79,13.47031
2024-02-20 21:45:00,0.9953596,0.0040803063,0.000560067,6.625392368007956,8.595264726836392,5.66988092298052,0.1357073559859592,52111.64,52113.27,52068.93,52068.93,16.92818
2024-02-21 01:49:00,0.99744236,5.9937152e-05,0.0024976565,7.566311014772463,9.19309247856663,6.306275286948016,0.0249122850827672,52086.21,52090.97,52086.21,52090.97,6.42362
2024-02-21 20:26:00,0.9999504,9.1358316e-07,4.8690665e-05,4.204692619390966,5.749392985908253,3.58351893845611,0.0359951461998995,51091.1,51096.86,51051.1,51051.1,22.92535
2024-02-21 22:07:00,0.99787927,0.002043402,7.736056e-05,7.366445148327599,9.025575833531088,6.175867270105761,0.0156594691655643,51354.99,51371.1,51344.57,51344.57,10.57617
2024-02-22 05:35:00,0.9994816,3.59673e-05,0.00048247838,6.300785794663244,8.9005490139363,6.9363427358340495,0.0114246193374401,51563.08,51567.35,51560.4,51567.34,8.021
2024-02-22 20:13:00,0.99819225,0.00057766744,0.0012300306,4.762173934797756,6.063785208687608,3.295836866004329,0.1333798487935979,51568.99,51605.2,51568.99,51605.2,24.98436
2024-02-22 21:08:00,0.9959835,0.0026607537,0.0013557876,7.96346006663897,9.555559953069064,6.645090969505644,-0.0242300598568263,51852.18,51852.19,51788.66,51793.31,33.76104
2024-02-23 03:34:00,0.9999714,6.1621395e-06,2.2396243e-05,6.873163834212518,9.098179005087852,6.269096283706261,0.0732380529653461,51072.13,51072.14,51046.91,51046.91,24.70333
2024-02-23 08:19:00,0.9123563,0.06587463,0.021769082,5.916202062607435,7.668093709082406,4.584967478670572,-0.0305550678519727,51082.0,51084.31,51064.4,51064.41,12.89853
2024-02-23 11:13:00,0.9978695,1.6914813e-06,0.002128869,4.3694478524670215,6.289715570908998,4.382026634673881,0.0194959880161348,51206.17,51214.28,51206.16,51214.28,15.28546
2024-02-23 21:28:00,0.99869126,0.00037867075,0.0009300098,6.9865664594064265,8.787525625532906,6.326149473155099,0.0295820432830349,51002.5,51011.69,51002.49,51011.69,10.36116
2024-02-24 22:26:00,0.9993119,0.000573563,0.00011452993,7.460490305825338,9.2393164802127,6.742880635791903,0.1200716800083986,51649.99,51666.0,51646.88,51646.88,22.30684
2024-02-26 21:03:00,0.9999995,3.6987277e-07,6.345072e-08,8.2960476427647,10.1489795075141,7.417580402414544,0.0265413127639995,54346.41,54389.31,54346.4,54376.23,24.16283
2024-02-27 03:29:00,0.9994246,1.1086853e-05,0.0005643222,5.683579767338681,8.20631072579402,4.736198448394496,0.0067730307820556,56487.42,56514.0,56484.02,56507.01,34.97638
2024-02-27 10:11:00,0.9994742,2.4307032e-05,0.00050145044,6.089044875446846,8.418918622147897,4.727387818712341,0.0243261421013653,56564.64,56564.64,56544.01,56546.11,14.07453
2024-02-27 11:07:00,0.99983585,0.0001629003,1.1700326e-06,5.598421958998375,7.802209316247118,4.59511985013459,0.023535850123835,56519.22,56527.54,56511.6,56525.4,19.30285
2024-02-27 21:10:00,0.99997854,1.0096788e-06,2.0465763e-05,8.122668023346407,10.043553796432969,6.951772164398911,0.0375266457521234,56708.62,56757.96,56691.11,56742.64,31.44948
2024-02-27 22:46:00,0.0017363786,0.9979989,0.0002647286,6.326149473155099,8.097426298597213,5.062595033026967,-0.0271178378004154,56882.96,56891.1,56882.96,56891.09,6.81857
2024-02-28 20:06:00,0.9752994,2.944965e-05,0.024671197,5.733341276897746,8.050384453067021,4.51085950651685,-0.0137842672828467,60754.8,60799.62,60512.82,60573.86,172.64452
2024-02-28 21:42:00,0.9985654,0.0013421124,9.247152e-05,5.552959584921617,8.077136638538454,6.156978985585555,-0.0358874298679523,60528.73,60543.99,60483.09,60483.09,37.81937
2024-02-29 01:11:00,0.00043305816,0.008574679,0.9909923,5.733341276897746,8.562740006372207,5.552959584921617,-0.0285030048047421,61277.71,61277.71,61066.85,61103.94,69.52518
2024-02-29 04:20:00,0.9999778,5.508596e-06,1.6683247e-05,6.452048954437226,8.183955717304954,5.153291594497779,0.028253183488081,61664.24,61667.89,61591.1,61637.04,33.72311
2024-02-29 06:02:00,0.99580944,5.9537133e-06,0.0041846405,3.610917912644224,7.930565854233965,3.688879454113936,-0.0388988361743599,62640.0,62793.98,62628.93,62793.85,177.14798
2024-02-29 10:44:00,0.9999628,2.7667144e-05,9.574621e-06,6.126869184114185,8.333991247194975,4.499809670330265,0.0209358058114723,62517.14,62541.1,62517.14,62522.4,22.17374
2024-02-29 17:32:00,0.9996106,0.00012987244,0.00025959045,5.564520407322694,7.994632311431825,5.25227342804663,0.0178049617032328,61581.39,61592.83,61500.64,61528.56,130.59821
2024-02-29 22:06:00,0.9970271,3.2378048e-05,0.0029406073,6.668228248417403,8.557759153162898,5.356586274672012,-0.0340373254298558,61338.76,61359.09,61322.0,61322.0,18.6389
2024-03-01 14:21:00,0.99550146,6.4825974e-05,0.004433707,5.010635294096256,7.709308333385869,4.31748811353631,-0.0297932107730716,62307.91,62372.9,62299.99,62372.89,36.38085
2024-03-01 14:57:00,0.87328935,0.1258271,0.0008835572,4.394449154672439,7.527255919373784,5.087596335232384,-0.0272897020908262,61930.0,61976.43,61929.99,61975.99,39.9632
2024-03-01 23:03:00,0.99765575,0.00023419892,0.0021100831,5.214935757608986,7.668093709082406,4.574710978503383,0.0056128051569333,62526.43,62526.43,62476.0,62485.37,29.22344
2024-03-02 05:34:00,0.99825877,0.0006996642,0.0010416508,4.48863636973214,7.682943169878292,5.700443573390687,-0.0247780046655672,61864.74,61864.75,61842.99,61843.0,13.4655
2024-03-03 16:43:00,0.99459875,0.0022988003,0.0031025445,4.382026634673881,7.67275789664251,4.912654885736052,-0.0117136395479572,62684.0,62687.56,62591.1,62678.0,110.54222
2024-03-04 08:27:00,0.9999951,2.143977e-06,2.7300914e-06,5.652489180268651,7.738052297689316,4.812184355372417,-0.0627209595477496,64994.5,65000.0,64781.1,64880.23,160.59163
2024-03-04 21:16:00,0.9996394,3.932207e-05,0.00032129278,7.748460023899697,9.699104418939656,6.654152520183219,0.0364280958496402,67054.0,67178.08,67037.06,67078.24,45.07839
2024-03-05 20:28:00,0.99937457,7.023361e-05,0.000555121,7.310550158534422,9.43675855582405,7.059617628291383,0.0331578796473409,62701.09,62844.51,62650.78,62764.98,152.05752
2024-03-07 01:39:00,0.00018948111,4.018642e-05,0.99977034,5.828945617610208,7.504942068396171,5.056245805348308,-0.0563282762055406,65872.86,65882.1,65843.13,65854.28,16.03541
2024-03-07 23:13:00,0.9996855,1.4588394e-05,0.0003000113,7.644919344958857,9.58162802828276,6.740519359606223,0.2357250126274428,67096.04,67167.67,67096.03,67127.07,26.62607
2024-03-08 18:01:00,0.002201174,0.001575034,0.9962238,6.413458957167357,8.211754397375197,4.852030263919617,-0.0422371174134641,68238.34,68361.2,68215.44,68360.41,112.19075
2024-03-08 21:23:00,0.9274342,0.0023775971,0.070188254,7.186901020411631,9.078864009187797,6.520621127558696,0.1079375257707912,68694.53,68707.94,68508.63,68622.85,156.78056
2024-03-09 01:55:00,0.99991894,2.1199747e-05,5.9801223e-05,5.356586274672012,7.510977752014095,4.499809670330265,-0.0221080908320568,67955.85,67955.86,67915.08,67921.87,11.74611
2024-03-09 22:10:00,0.9837006,0.00014678594,0.016152553,7.20414929203594,9.181940897454483,6.415096959171596,0.0475043391341485,68394.02,68394.02,68355.45,68355.46,13.58308
2024-03-10 05:50:00,0.9951427,5.1721463e-06,0.0048520635,6.610696044717759,9.29550838434606,5.805134968916488,0.0152427541895697,69212.01,69230.91,69192.98,69208.0,20.66103
2024-03-11 00:03:00,0.98421323,0.0006195916,0.015167168,6.218600119691729,7.776535028185241,4.787491742782046,-0.0420685974199651,68891.17,68891.17,68830.6,68845.18,27.24732
2024-03-11 02:00:00,0.00045060462,0.9995333,1.6099862e-05,8.029107054619736,9.803280402119096,6.6039438246004725,-0.0303172122803614,68299.17,68326.68,68276.9,68307.36,40.26738
2024-03-11 20:01:00,0.9999975,2.4477995e-06,4.640524e-08,8.46695197497949,10.309085985089528,7.565793282428515,-0.0149560264425605,71962.7,71979.99,71939.56,71979.98,41.06394
2024-03-11 20:36:00,0.9982681,0.0015587418,0.00017319997,6.2878585601617845,8.195609567288775,4.727387818712341,0.0293201301362959,72110.01,72152.0,72110.0,72152.0,17.00828
2024-03-11 20:50:00,0.9917379,0.00017345422,0.008088691,5.468060141135132,7.905072849498666,5.003946305945459,-0.0230840883727496,72041.88,72068.52,71984.4,72067.53,25.16441
2024-03-11 21:19:00,0.1121725,0.8878218,5.712542e-06,8.231376045573969,9.770298958292384,6.990256500493881,-0.0041245675815864,72109.85,72127.16,72109.85,72127.15,10.78478
2024-03-12 05:37:00,0.9999306,3.1176137e-06,6.627466e-05,6.363028103540465,8.215276958936633,5.267858159063328,0.0127685951678663,71808.1,71846.2,71808.09,71835.64,22.07936
2024-03-12 20:44:00,0.9971704,0.0015083994,0.0013212301,7.465082736399547,9.365376374075716,6.814542897259958,0.0985038772694553,71118.51,71130.34,71083.96,71083.97,28.73969
2024-03-13 04:05:00,0.96735317,0.030687597,0.0019592592,1.791759469228055,2.772588722239781,1.3862943611198906,0.0,71962.97,71962.97,71920.0,71929.4,38.57262
2024-03-13 04:12:00,0.99992704,2.063389e-05,5.2309122e-05,7.693025748417888,9.374328222081632,6.754604099487962,-0.0157074092700766,72039.99,72059.12,72036.75,72059.12,40.33849
2024-03-13 19:55:00,0.98455936,0.013521588,0.0019190698,5.968707559985366,8.052933036797567,4.948759890378168,-0.0535561730007325,73095.32,73095.33,73061.58,73095.32,51.60994
2024-03-13 20:44:00,0.9997781,3.089717e-06,0.00021876283,7.29641326877392,9.238927828828094,6.625392368007956,0.0658263626599082,73015.08,73015.43,72993.97,72993.98,16.79696
2024-03-15 00:18:00,0.83479786,4.3579617e-05,0.16515853,6.230481447578482,8.31434234336979,5.733341276897746,0.0527633949818425,71426.64,71509.66,71426.64,71509.65,21.45686
2024-03-18 04:00:00,0.95034736,0.049595,5.762015e-05,6.504288173536645,7.962415680121064,5.3471075307174685,0.0368975038793392,67972.01,67986.27,67904.0,67905.76,29.84779
2024-03-20 00:21:00,0.032414645,0.96757925,6.1584033e-06,4.934473933130692,7.419979923661835,5.480638923341991,-0.0095632383522934,62621.09,62690.0,62492.0,62585.0,51.61573
2024-03-20 00:37:00,0.9999192,2.0103598e-06,7.883983e-05,5.7745515455444085,7.7226775164680035,4.727387818712341,0.03336512064434,63087.8,63165.07,62964.0,63002.71,152.11103
2024-03-21 19:05:00,0.074355945,0.70675844,0.21888563,5.6937321388027,7.850882664809852,4.976733742420574,-0.0080977425333159,65035.17,65183.99,65035.17,65125.99,57.48719
2024-03-21 21:34:00,0.6689023,0.3280548,0.0030429317,7.063903961472068,8.97221007835365,6.423246963533519,0.0512632270482292,65383.48,65468.73,65383.48,65453.97,10.08277
2024-03-22 20:09:00,0.80872864,0.17645021,0.014821157,7.21081845347222,9.069698042173716,6.794586580876499,0.0416382658148554,63590.46,63660.0,63590.46,63648.52,25.47764
2024-03-23 06:00:00,4.475409e-08,0.9999999,1.6468123e-07,5.459585514144159,7.670428522190693,4.934473933130692,0.0661119572756081,64075.13,64120.0,64075.12,64098.0,19.63164
2024-03-23 21:45:00,0.99930763,0.00016752977,0.00052492216,6.496774990185863,8.942330199321866,6.814542897259958,0.0743245358159303,65038.62,65038.63,65013.64,65013.64,5.95532
2024-03-24 04:43:00,1.462222e-07,0.99999976,6.0144e-08,7.503840746698951,9.330697868639916,6.732210706467206,0.0360469986825776,64012.08,64061.18,64012.07,64061.17,12.19857
2024-03-24 22:17:00,0.99995685,4.3063683e-06,3.890367e-05,7.222566018822171,9.136693831807884,6.553933404025811,0.0208854023780404,66788.0,66791.77,66777.08,66777.09,14.39403
2024-03-25 20:33:00,0.9646693,0.023980146,0.011350621,6.921658184151129,8.874727765766853,6.590301048196686,0.1084630396629759,70733.2,70778.76,70720.01,70722.6,27.67506
2024-03-26 00:26:00,0.94611174,0.00013322312,0.053755015,6.9363427358340495,9.39715183404299,6.796823718274855,0.02008851020974,69928.01,69978.5,69924.97,69939.99,38.8773
2024-03-26 20:28:00,0.99996877,1.2405789e-06,3.0087132e-05,7.286191714702382,9.192176401348512,7.21081845347222,0.0304159893944388,69730.0,69790.0,69720.01,69778.01,23.69025
2024-03-27 00:55:00,0.99866223,0.0013296708,8.117218e-06,7.149916836132109,8.83869681234353,6.787844982309579,0.0751549485469034,70488.0,70493.99,70466.99,70467.0,13.15887
2024-03-27 06:27:00,0.99921787,0.0001495333,0.0006326734,5.968707559985366,7.401231264413015,4.23410650459726,0.0462092345654369,70375.32,70406.34,70375.32,70395.0,4.97267
2024-03-27 21:13:00,0.99593616,0.00028356997,0.003780282,6.956545443151569,8.858368636308018,6.582025138892826,0.118514919658597,69062.92,69125.61,69062.92,69114.0,18.70519
2024-03-28 02:29:00,0.09543144,0.90068704,0.003881591,7.234898420314831,8.766394277049736,6.126869184114185,0.0696980084454531,69457.3,69466.0,69446.1,69449.71,5.40417
2024-03-28 05:54:00,0.9999752,2.268765e-06,2.2495995e-05,5.209486152841421,8.21932609390609,5.153291594497779,0.024092330694414,69661.69,69695.94,69661.69,69695.93,10.40342
2024-03-28 20:48:00,8.1802625e-08,0.9999999,2.3152532e-08,7.1631723908466425,9.035510680940524,6.913737350659685,0.10664637774845,70699.34,70699.34,70675.97,70675.97,10.72012
2024-03-31 06:59:00,0.99999905,7.129749e-08,8.2662183e-07,6.5998704992128365,8.496582237512113,6.1463292576688975,0.0347298113689663,70210.01,70215.95,70194.03,70215.0,14.36749
2024-04-01 07:12:00,7.569852e-06,9.969052e-07,0.9999914,5.003946305945459,7.691656822810547,4.852030263919617,-0.0397936106367296,69706.68,69715.25,69706.67,69715.24,9.92469
2024-04-01 20:07:00,0.9259814,0.07380408,0.00021455021,6.318968113746434,8.104401307921613,5.627621113690637,0.0305967850798979,69570.02,69570.02,69508.41,69560.11,44.45651
2024-04-03 02:47:00,0.9996295,2.4096937e-06,0.00036805836,6.311734809152915,8.696175846944678,6.411818267709897,0.0210645275303234,65941.61,65941.61,65888.0,65891.99,29.51578
2024-04-03 19:47:00,0.9988318,0.00029915795,0.000869046,7.104144092987527,8.969923491991516,6.416732282512326,0.107023394149474,65854.39,65876.0,65848.55,65876.0,12.68483
2024-04-04 19:55:00,0.9970912,0.000115751536,0.0027929982,7.0925737159746784,8.960852845322371,6.621405651764134,0.0532041858694543,68619.32,68619.33,68507.69,68548.0,40.73462
2024-04-05 20:14:00,0.0076158703,0.9922227,0.00016144483,6.954638864880987,8.749415406663651,6.523562306149512,0.0532548477316858,67503.03,67503.03,67472.93,67496.54,11.98563
2024-04-06 03:07:00,0.99815196,0.0018418957,6.109915e-06,7.255591274253665,8.991811158212718,6.336825731146441,0.038849329930877,67746.06,67746.06,67718.37,67718.37,3.54435
2024-04-06 20:32:00,0.79113,0.20433757,0.004532375,7.0707241072602764,9.085230560933338,6.496774990185863,0.0966469056329925,68322.02,68322.02,68308.0,68320.56,6.8839
2024-04-07 20:22:00,0.996053,0.00019025807,0.0037568083,7.251344983372214,9.061027968789174,6.523562306149512,0.0932991334344658,69250.01,69257.94,69250.0,69257.94,2.46865
2024-04-08 19:53:00,0.9644902,0.034974486,0.0005352862,7.516977224604321,9.418004736441931,6.637258031284457,0.0672146836548726,71762.86,71818.77,71762.85,71784.02,22.50258
2024-04-09 00:24:00,0.99961096,7.797589e-06,0.00038130698,6.456769655572163,8.770283819098399,6.533788837933344,-0.0074413433367457,71621.01,71621.01,71540.01,71540.01,32.1296
2024-04-09 19:21:00,0.9952312,0.0040504755,0.00071820867,7.149916836132109,9.140239744296691,6.982862751468942,0.0408026631366658,68750.28,68787.58,68750.0,68776.0,14.85844
2024-04-10 11:32:00,0.9999683,8.905231e-07,3.0928593e-05,5.3612921657094255,8.204671828950811,6.212606095751519,0.1548978085948378,69113.62,69132.61,69080.08,69080.08,11.03108
2024-04-10 19:15:00,0.99989927,2.7028384e-05,7.3685485e-05,7.700747794511798,9.534233826390537,6.80903930604298,0.0077961340223,69365.19,69415.59,69365.19,69415.58,19.18702
2024-04-11 19:18:00,0.9999516,1.6973618e-07,4.83219e-05,7.165493475060845,9.068546366358296,6.754604099487962,0.0256056167633469,70139.49,70206.83,70139.48,70158.11,14.11679
2024-04-12 20:42:00,0.9998368,9.47394e-05,6.8359244e-05,6.985641817639208,8.925454386826402,6.4457198193855785,0.1819393537114181,67303.43,67414.21,67252.74,67396.81,62.25758
2024-04-14 19:59:00,0.99458545,0.00026948162,0.005145065,5.147494476813453,7.99598047476376,6.26530121273771,0.0035518443327791,64204.22,64219.91,64168.62,64168.62,11.55897
2024-04-15 11:15:00,0.96531737,0.00028304473,0.034399565,2.772588722239781,5.442417710521793,2.3978952727983707,0.2877938938003687,66250.05,66255.32,66100.15,66156.48,84.42397
2024-04-16 20:18:00,0.9999777,1.2483684e-06,2.1140262e-05,7.143617602704121,8.985445287623167,6.568077911411976,0.0451620367040124,62754.55,62757.87,62754.54,62757.87,3.54485
2024-04-17 20:17:00,0.33640411,0.65910095,0.004494939,7.080867896690782,8.916237731721479,6.439350371100098,0.0537666205767257,61188.76,61247.45,61188.76,61217.13,23.77616
2024-04-17 20:27:00,2.0861503e-06,0.9999968,1.1971485e-06,5.834810737062605,7.711996507047669,4.897839799950911,0.0227231048537274,61280.51,61293.94,61264.06,61287.83,4.25826
2024-04-18 04:19:00,0.96735317,0.030687597,0.0019592592,4.204692619390966,5.111987788356544,2.9444389791664403,0.1197150958086802,61855.09,61855.1,61800.67,61855.08,27.54842
2024-04-18 04:21:00,0.9999968,1.8671005e-07,2.9460962e-06,8.543055850941965,9.708506197595383,6.785587645007929,0.0589198727181121,61879.76,61879.76,61818.0,61826.08,6.32246
2024-04-18 20:27:00,0.6640795,0.0065936195,0.32932696,7.060476365999801,8.921057018157429,6.646390514847729,0.0638112929134826,63414.53,63430.67,63414.53,63425.65,5.27507
2024-04-19 20:43:00,0.99989927,2.7028384e-05,7.3685485e-05,7.950502434808851,9.75973264889099,6.755768921984255,0.0749247789797548,63903.75,63914.14,63890.0,63890.73,10.178
2024-04-20 03:03:00,0.18185887,0.8142638,0.0038772328,7.150701457592526,8.46695197497949,8.158516244806831,-0.0014189688321129,63778.82,63800.0,63766.0,63786.02,16.8611
2024-04-20 09:29:00,0.042426854,0.020914376,0.93665874,6.077642243349034,8.20303024171486,4.718498871295094,0.0398510661647527,63600.03,63614.42,63575.05,63591.42,50.79275
2024-04-20 20:46:00,0.99999344,1.6811101e-07,6.4227597e-06,7.173958319756794,8.999001866111735,6.601230118728877,0.1389208385296327,64758.93,64779.78,64753.29,64774.13,4.97518
2024-04-21 00:48:00,0.9458021,0.053466797,0.0007311718,8.267192185932146,10.02963550452414,6.993932975223189,0.0569654462585644,64646.0,64646.0,64610.0,64612.0,7.51154
2024-04-21 21:04:00,0.99849176,0.00015294495,0.0013552117,7.335633981927201,9.363919459904483,6.946013991099227,0.0904506825800386,64893.75,64893.76,64831.25,64839.99,15.24896
2024-04-22 20:14:00,0.9819282,0.0006000194,0.017471723,7.010311867307229,9.028338763993148,6.54965074223381,0.0310199628783548,66661.99,66672.58,66661.99,66672.58,4.8808
2024-04-23 20:08:00,0.96373284,0.016707364,0.019559758,7.29505641646263,9.175438319966918,6.888572459565364,-0.0179308306676696,66242.0,66254.34,66222.0,66254.34,9.65389
2024-04-24 12:57:00,0.0089812605,0.0005455884,0.9904731,5.613128106388071,7.633853559681768,4.912654885736052,-0.0233243259198621,66370.66,66379.99,66370.37,66379.99,16.46919
2024-04-24 20:27:00,0.9999001,5.4462005e-05,4.546866e-05,7.266827347520591,9.29807648628027,6.865891074883439,0.0639613666586862,63762.49,63816.94,63718.75,63790.02,47.3562
2024-04-25 20:36:00,0.99999344,1.837373e-07,6.3380367e-06,7.027314514039777,8.850374303939237,6.608000625296087,0.0138091113471858,64744.25,64770.0,64744.24,64753.41,9.41843
2024-04-29 08:22:00,0.99999964,1.8013839e-07,1.570344e-07,6.93537044601511,8.709134991587183,5.720311776607412,0.0487676745701241,62306.0,62316.0,62306.0,62316.0,5.28514
2024-04-29 13:19:00,0.9962213,0.0037069481,7.1739654e-05,6.877296071497429,8.587092318795905,5.783825182329737,-0.0159686837017926,62509.82,62542.31,62509.82,62542.3,15.30667
2024-04-29 21:32:00,0.00049054343,0.99950874,7.584849e-07,6.987490247000991,8.802672840312818,6.498282149476434,0.0519348247333973,62888.42,62940.68,62888.42,62940.67,9.62955
2024-04-30 04:05:00,0.9999411,2.6517296e-06,5.6220942e-05,7.488852955733459,9.389908140573516,6.472346294500901,-0.0154289659939172,63632.35,63658.08,63629.59,63658.08,4.8823
2024-04-30 06:20:00,0.9986817,0.001042888,0.00027531967,7.065613363597717,8.81314100828505,6.066108090103747,0.0418344778425956,63410.32,63410.32,63369.22,63369.23,15.75069
2024-04-30 21:51:00,0.99959403,0.00040085238,5.12741e-06,5.0369526024136295,6.848005274576363,4.174387269895637,0.0390987269709915,60200.78,60200.78,60191.66,60191.67,6.74065
2024-04-30 22:12:00,0.00030264253,0.9996867,1.0600681e-05,6.920671504248683,8.808070154764538,6.6039438246004725,0.0578524066434032,60458.01,60458.01,60360.59,60376.4,29.08246
2024-05-01 06:40:00,0.9909746,2.8249127e-05,0.008997156,7.75491027202143,9.347664562839402,6.373319789577012,0.072799395143453,59808.0,59808.01,59738.0,59774.01,14.04019
2024-05-02 23:11:00,0.9993048,3.543848e-05,0.0006598104,6.075346031088684,7.915348169263078,5.093750200806762,-0.0261613752805526,59236.0,59255.79,59233.49,59255.79,6.11424
2024-05-03 00:01:00,0.9999951,2.4462324e-06,2.3716323e-06,6.648984550024776,8.252446090246952,5.652489180268651,0.0753819080168887,59062.34,59091.1,59062.33,59091.1,11.24392
2024-05-03 04:18:00,0.9340577,0.039833765,0.026108464,7.543273346705446,9.070273383079064,6.495265555937008,0.0366619115567564,59791.09,59791.1,59777.0,59777.0,7.37312
2024-05-03 05:25:00,0.99999833,1.2062636e-06,5.2447876e-07,6.860663671448287,8.926517509850122,5.82600010738045,0.0645868050703277,59575.48,59575.48,59547.16,59550.47,23.27317
2024-05-03 18:55:00,0.99885225,0.0011404172,7.2333355e-06,6.6293632534374485,8.071843149609158,5.455321115357702,0.014106970727601,61801.99,61829.15,61786.0,61829.15,13.55918
2024-05-03 20:51:00,0.9996855,1.4588394e-05,0.0003000113,7.13966033596492,8.964567702601611,6.5998704992128365,0.0989694107708443,63136.01,63136.01,63000.0,63003.99,118.82081
2024-05-04 00:47:00,0.9998802,1.3498457e-07,0.000119725795,6.684611727667927,8.303999970955196,7.247080584585756,0.1215945092202634,63030.05,63091.76,63030.05,63048.96,14.42234
2024-05-04 05:29:00,0.9999987,6.813601e-08,1.1364334e-06,5.697093486505405,7.816819965764552,5.484796933490655,-0.0312923121925685,63068.41,63076.8,63056.0,63056.0,7.14729
2024-05-04 06:48:00,0.9995728,0.0003401751,8.6989436e-05,6.716594773520978,9.151757414543884,6.56244409369372,0.093847070876961,63022.71,63047.92,63022.7,63047.92,4.56956
2024-05-04 22:13:00,0.9560488,0.037419096,0.0065321955,7.02108396428914,8.88447171813916,6.836259277277067,0.061365537527996,63745.99,63781.46,63745.99,63764.0,6.8633
2024-05-05 02:44:00,0.9825418,0.01668475,0.00077344157,7.940583827104244,9.313348122050412,6.421622267806518,0.1773356731476675,63350.01,63350.01,63316.0,63316.01,6.26547
2024-05-05 03:45:00,0.99995446,6.40003e-07,4.4936576e-05,6.709304340258298,8.312135107648412,5.739792912179234,-0.0157812005494236,63113.68,63129.95,63110.44,63129.94,1.78764
2024-05-05 21:40:00,0.9999964,6.126268e-08,3.4658308e-06,7.160069207596127,9.018574356354229,6.501289670540389,0.0556149057178564,63743.14,63743.14,63720.0,63720.0,4.59335
2024-05-06 20:56:00,2.7783205e-06,0.99999726,2.9075732e-08,5.583496308781699,7.497761700622568,4.553876891600541,0.0678509342555165,63310.93,63322.81,63305.93,63322.81,2.63275
2024-05-07 17:58:00,0.9998915,9.4010145e-05,1.4401422e-05,6.329720905522696,8.060224240440958,5.147494476813453,-0.021473992045467,63399.99,63428.21,63397.78,63411.0,7.81258
2024-05-07 19:04:00,0.61975956,3.2236887e-05,0.38020825,6.424869023905388,8.101374671228582,4.997212273764115,0.0443975216906768,63222.21,63225.92,63209.55,63225.21,16.12473
2024-05-10 00:30:00,0.99999535,7.712587e-07,3.9774386e-06,4.969813299576001,6.013715156042802,2.772588722239781,0.12679837876233,62905.99,62906.0,62894.76,62898.65,8.14046
2024-05-10 01:15:00,0.9999238,2.5600339e-06,7.370908e-05,8.10076824307173,9.282381924841154,6.261491684321042,0.0252161543452818,62736.51,62761.92,62733.79,62761.91,10.76595
2024-05-10 21:02:00,0.9966846,0.00033122813,0.0029841794,6.92461239604856,8.764834214330834,6.486160788944089,0.066924282266577,60490.85,60539.47,60476.62,60539.46,18.86914
2024-05-11 01:41:00,0.9997807,0.00021827513,1.0888809e-06,6.697034247666484,8.227375506834035,5.594711379601839,-0.0096392695279957,60877.21,60888.0,60864.0,60864.0,4.68504
2024-05-11 07:17:00,0.99948007,1.0005657e-05,0.0005099762,6.55250788703459,8.624791202014256,6.8001700683022,0.0106156891041689,60868.58,60886.0,60868.57,60877.99,8.53405
2024-05-11 07:18:00,0.99948007,1.0005657e-05,0.0005099762,5.950642552587727,8.092851027538384,5.049856007249537,0.0201556604477855,60877.99,60880.0,60870.0,60877.43,7.84897
2024-05-11 11:54:00,1.0424805e-07,0.99999964,2.1568937e-07,5.60947179518496,7.697121317282625,4.969813299576001,-0.0948512568226081,60741.89,60745.85,60741.88,60745.84,3.28397
2024-05-11 21:16:00,0.9999957,1.7634371e-06,2.531887e-06,7.462214939768189,9.32143441948177,6.4457198193855785,0.0450687348208298,60905.65,60906.0,60890.0,60901.13,3.60681
2024-05-12 21:08:00,0.961451,0.03783657,0.0007124861,6.732210706467206,8.689801056022553,6.169610732491456,0.0725786933398606,61217.36,61221.93,61187.93,61198.0,20.17941
2024-05-13 02:19:00,0.99995136,5.305712e-06,4.3262084e-05,6.754604099487962,9.007612005404566,6.535241271013659,0.0301400568540279,61354.21,61366.0,61354.2,61361.15,4.11847
2024-05-13 20:17:00,0.9999536,6.314358e-06,4.009524e-05,6.853299093186078,8.733110697638708,6.306275286948016,0.0678859006342343,63123.52,63163.33,63123.51,63152.11,10.27267
2024-05-13 20:59:00,0.9998729,3.2847877e-06,0.00012369965,4.343805421853684,5.846438775057725,3.555348061489413,0.0542017423026058,63100.01,63100.02,63088.0,63091.89,8.64687
2024-05-14 00:20:00,0.9998796,6.4500728e-06,0.00011391225,6.834108738813838,8.561018670956267,6.161207321695077,0.01716004378528,62912.56,62912.57,62879.85,62893.18,11.84495
2024-05-14 20:11:00,0.99537367,0.0012413292,0.0033850495,7.132497551660044,8.879750798513125,6.42648845745769,0.0373370025645426,61589.99,61621.79,61589.99,61621.79,3.41537
2024-05-15 02:34:00,0.9999962,6.152415e-08,3.6635588e-06,7.418180822726788,9.315150736328528,6.3835066348840055,-0.0165502308111078,61750.06,61777.99,61750.06,61777.99,6.90052
2024-05-15 11:24:00,2.1419643e-05,0.9999784,6.2938206e-08,6.635946555686647,8.331345424845724,5.298317366548036,-0.0094073878771644,62445.99,62454.55,62393.93,62443.88,42.46723
2024-05-15 20:58:00,0.99989223,4.5878637e-06,0.00010322777,7.339537695407674,9.0590522577624,6.661854740545311,0.1082298104565341,65818.72,65932.06,65818.72,65932.06,41.15985
2024-05-16 03:37:00,0.99999404,2.3080277e-07,5.759855e-06,6.79346613258001,8.96610085736724,6.831953565565855,-0.000560355029901,66053.47,66053.47,65998.11,66043.88,22.07508
2024-05-16 19:35:00,0.99984014,6.858012e-07,0.00015906034,7.324489979348532,9.12172771361958,6.6293632534374485,0.0049208375034838,65356.49,65399.22,65335.74,65392.25,41.66327
2024-05-16 19:42:00,0.99981934,3.793961e-06,0.00017681844,5.5053315359323625,8.50976567558744,5.8944028342648505,0.1626119744716582,65222.53,65240.0,65212.02,65235.87,8.09573
2024-05-17 00:57:00,0.9999975,6.292443e-07,1.8477946e-06,7.879291485082271,9.557257866458936,6.646390514847729,-0.024254789460832,65299.87,65308.18,65299.87,65308.17,2.65114
2024-05-18 08:59:00,2.9677128e-07,0.99999976,3.9831004e-08,5.616771097666572,7.56164174558878,4.189654742026425,-0.0496917139940508,67027.59,67027.6,67027.59,67027.59,1.64428
2024-05-21 08:07:00,0.9989442,9.1849055e-05,0.0009639777,5.817111159963204,8.002359546252707,4.584967478670572,0.0495111240460281,70978.42,71020.0,70978.42,71010.2,40.61487
2024-05-21 19:27:00,0.96164036,0.00058158603,0.03777813,7.669495251007694,9.37339415841248,6.664409020350408,0.0143444569390593,69631.34,69631.35,69344.87,69386.14,238.91008
2024-05-22 17:08:00,0.9968652,9.25802e-06,0.0031254701,5.998936561946683,7.922261058353247,4.6443908991413725,-0.0065121284752023,70183.91,70183.92,70108.01,70121.98,9.3996
2024-05-22 21:02:00,0.3205535,0.6794227,2.3906041e-05,7.252053951852814,9.3487971151232,6.556778356158042,0.0451590761846718,69415.83,69415.84,69404.28,69404.28,14.65484
2024-05-22 23:52:00,5.094795e-07,0.9999995,1.2737259e-08,6.777646593635117,8.556413904569519,5.945420608606575,0.076772803558468,69181.94,69208.0,69181.94,69199.16,14.57277
2024-05-23 04:29:00,0.9827403,0.01684008,0.00041960707,7.786551806428712,10.260287488663012,7.295735072749282,0.0693819352888274,69509.3,69511.0,69509.29,69510.99,5.79515
2024-05-23 21:09:00,0.9862838,1.901437e-05,0.013697177,7.310550158534422,9.263501920090414,6.674561391814426,0.0380154132665939,68191.98,68328.6,68185.8,68280.0,187.91979
2024-05-24 03:28:00,0.99947387,0.00050600414,2.0171246e-05,7.280008252884188,9.493863809279103,6.626717749249025,0.0343150649570453,67912.25,67912.26,67900.0,67907.56,5.23277
2024-05-24 20:10:00,0.48739365,0.00452153,0.5080848,7.003065458786462,8.82834762005316,6.990256500493881,0.0166792963751151,69165.89,69165.89,69100.01,69109.76,19.6857
2024-05-25 20:52:00,0.99999964,9.170006e-08,1.9805796e-07,6.913737350659685,8.726318950962243,6.459904454377535,-0.0139003656997406,69127.29,69130.0,69127.29,69129.99,0.88143
2024-05-26 09:13:00,0.99753714,0.0024281775,3.4733937e-05,8.715059959545654,10.186822690744211,7.231287004327616,-0.0340982832107064,69250.0,69250.0,69241.23,69241.23,4.89271
2024-05-26 10:18:00,0.9988543,0.0011235615,2.2096172e-05,6.142037405587356,7.992944547318106,5.579729825986222,0.0612716746248897,69142.35,69142.36,69142.35,69142.35,0.58726
2024-05-27 18:21:00,0.9999881,1.8873534e-07,1.1719548e-05,6.927557906278317,8.720460512725655,6.249975242259483,-0.0282177935862589,70065.0,70134.0,70065.0,70133.99,26.40112
2024-05-27 22:52:00,0.9999411,1.4158104e-06,5.748117e-05,4.343805421853684,5.7430031878094825,3.58351893845611,0.0678411216487688,69573.99,69585.85,69573.99,69583.55,5.72011
2024-05-28 16:21:00,0.9995534,1.4185497e-05,0.00043246415,7.29505641646263,9.15419321135318,6.505784060128229,0.1186370732916924,68144.01,68181.31,68116.94,68181.31,15.1192
2024-05-28 20:23:00,0.99988973,5.314495e-06,0.00010490742,6.284134161070802,8.072779333169498,5.583496308781699,0.027616093102695,68438.61,68438.61,68381.03,68385.12,13.26888
2024-05-28 21:30:00,0.99988735,0.000104147075,8.493442e-06,6.912742820493176,8.796338932845732,5.802118375377063,0.0238434470003144,68404.0,68418.75,68403.99,68418.75,4.18873
2024-05-29 23:57:00,0.98739725,0.012291896,0.0003108751,6.987490247000991,8.836373930927389,6.210600077024653,0.1100012382405476,67649.4,67649.41,67630.01,67648.0,11.9561
2024-05-31 16:35:00,0.997696,1.3568067e-06,0.0023027032,6.476972362889683,7.999007213243955,6.78105762593618,-0.0207756601320943,67088.0,67088.0,67000.0,67008.0,47.97924
2024-06-05 20:53:00,0.9999654,3.3530436e-05,1.0572389e-06,6.668228248417403,8.439447842791385,5.0238805208462765,0.0584261831952312,71249.09,71249.09,71221.03,71221.03,6.62062
2024-06-10 00:04:00,0.9999969,3.8253447e-08,3.0705573e-06,7.579167967396076,9.2681374707024,6.529418838262226,-0.0242822465205015,69608.84,69608.84,69597.6,69606.28,6.01844
2024-06-10 17:18:00,0.9999957,2.4589979e-06,1.7367202e-06,6.8679744089702925,8.616314282284044,5.924255797414532,-0.0975044900523687,69804.78,69830.0,69804.77,69830.0,8.40754
2024-06-10 21:14:00,0.9999019,5.625276e-06,9.2470065e-05,7.1631723908466425,8.976514972315112,6.933423025730715,0.0529086428060728,69690.03,69690.04,69686.22,69686.23,2.67823
2024-06-11 21:10:00,0.99951243,0.00045572087,3.1811014e-05,5.579729825986222,7.926602599181384,6.1675164908883415,0.0836212125407252,67314.61,67314.62,67308.51,67308.52,4.06709
2024-06-11 21:31:00,0.9775628,0.015596899,0.0068403604,7.257707677160043,9.077494458642754,6.876264611890766,0.0670022073507642,67260.0,67260.01,67228.0,67228.0,12.22358
2024-06-12 15:23:00,0.99981433,2.851664e-05,0.00015723765,8.010027528481734,9.83761480838542,7.02108396428914,0.0319588263139094,69824.85,69854.79,69824.85,69845.0,9.14647
2024-06-12 20:24:00,0.99016714,0.0044826632,0.005350093,6.230481447578482,8.357024439263416,5.659482215759621,-0.066677289541232,67882.39,67890.88,67844.95,67844.95,10.71754
2024-06-13 01:27:00,0.9988028,9.504006e-06,0.0011876872,6.871091294610546,9.667132107249689,6.641182169740591,0.0493618440553201,68104.98,68109.96,68084.08,68109.96,15.89406
2024-06-13 10:13:00,0.36513057,0.0042227414,0.6306467,4.406719247264253,7.459914766241105,7.112327444710911,-0.0264602667192822,67297.21,67297.21,67280.23,67280.24,6.01348
2024-06-14 18:52:00,0.99993205,7.986325e-06,6.0014085e-05,6.771935555839602,9.191157552559408,6.368187186350492,0.0552024666128559,65412.16,65493.37,65412.16,65493.37,23.7809
2024-06-15 19:04:00,0.9999492,2.2538477e-06,4.8486952e-05,7.729295674310482,9.507923269105229,6.582025138892826,-0.0162649454477904,66144.0,66144.0,66143.99,66144.0,2.8495
2024-06-16 14:47:00,0.99992156,1.5885491e-05,6.258781e-05,7.198183577101943,8.961879012677683,6.727431724850855,0.0378204316419149,66616.01,66626.28,66616.0,66621.45,2.63689
2024-06-17 19:42:00,0.99997497,8.380683e-06,1.666639e-05,7.801800401908973,9.422706050118514,6.655440350367647,0.0348434216350542,66890.4,66890.4,66841.75,66850.0,17.08244
2024-06-18 19:40:00,0.99997306,2.536014e-05,1.5409078e-06,4.61512051684126,5.988961416889864,3.6375861597263857,0.0742789455413296,64474.0,64518.57,64466.77,64518.56,19.01412
2024-06-18 20:28:00,0.99965894,1.3943622e-05,0.0003271044,7.4413203897176174,8.908424139496578,6.270988431858299,0.0926041484692823,64468.02,64495.99,64468.01,64495.99,6.63197
2024-06-19 21:01:00,1.0068206e-05,0.99998987,1.4600325e-07,6.672032945461067,8.261268150577648,5.924255797414532,0.139580944225827,64836.99,64846.0,64836.99,64846.0,1.73917
2024-06-20 07:01:00,0.9999478,8.5930054e-08,5.212943e-05,7.910223707097344,10.90205848702401,6.129050210060545,0.0047984144845073,65473.41,65488.49,65473.4,65488.48,7.75677
2024-06-20 20:15:00,0.9999994,5.756253e-07,1.6567203e-08,8.3243363327069,10.051390182459624,7.353081920515432,-0.0077131453807491,65100.01,65119.86,65100.0,65119.86,7.93845
2024-06-25 21:20:00,0.999992,5.111364e-06,2.9188627e-06,6.993932975223189,8.76732914779405,6.483107351457199,0.0224696425590227,61863.99,61879.07,61863.99,61879.07,8.59308
2024-06-25 23:35:00,0.9976941,0.0015069364,0.0007989441,7.3938782901077555,8.907883013942248,6.150602768446279,0.0291025001656227,61750.0,61750.0,61710.02,61710.03,10.23239
2024-06-26 00:21:00,0.41021878,0.5897235,5.7803816e-05,5.929589143389895,7.769378609513984,4.6443908991413725,-0.0201463954723917,61780.01,61794.0,61780.01,61788.02,8.42179
2024-06-29 23:00:00,0.85065746,0.14932542,1.7131233e-05,7.108244139731541,8.819665349340653,6.74993119378857,0.0790433327224036,60970.0,60980.0,60960.0,60980.0,7.11826
2024-07-01 21:12:00,0.9804905,0.01747528,0.0020342572,7.081708586105575,9.032528630660057,6.403574197934815,0.0188879589354498,63250.01,63250.01,63250.0,63250.01,0.94432
2024-07-03 20:01:00,0.9966453,3.7208963e-05,0.0033175093,7.153833801578843,9.095153962167066,6.68586094706836,0.0217336184880012,59740.2,59745.99,59702.06,59715.43,20.83061
2024-07-04 20:42:00,0.9995466,1.2962364e-05,0.00044035405,7.587817219993427,9.530828396153142,6.8501261661455,0.0073544094019549,58134.99,58168.25,58134.98,58168.25,3.61325
2024-07-06 14:56:00,0.9999949,1.9189454e-06,3.2389664e-06,6.255750041753367,8.209308411646937,5.062595033026967,-0.0311233507773174,57041.71,57071.1,57032.45,57071.1,6.89401
2024-07-07 06:32:00,0.00021907217,0.99977404,6.9686757e-06,7.371489295214277,9.090768236835338,6.228511003591184,0.0023143596107879,57714.01,57744.0,57714.0,57738.7,5.64604
2024-07-07 21:22:00,0.99963903,1.1160171e-06,0.00035987052,6.602587892189336,8.796187635470453,6.343880434126331,0.0352600239296443,56651.09,56673.08,56616.0,56616.01,24.00371
2024-07-08 20:45:00,0.9976192,0.0007461949,0.0016345809,7.21890970761906,9.196849781793684,6.725033642166843,0.0443858533372178,56320.63,56320.63,56301.99,56306.01,4.74004
2024-07-09 04:40:00,0.9982185,6.205211e-05,0.0017195004,7.341483852363161,9.32349046990884,7.069023426578259,0.0314025947079094,57303.85,57318.32,57284.0,57316.01,8.24519
2024-07-09 06:40:00,0.9999876,1.1690408e-05,7.400984e-07,5.91350300563827,8.142645185942795,4.219507705176107,-0.0499580923574339,57576.02,57576.02,57505.01,57505.02,19.04178
2024-07-09 22:27:00,0.99829715,9.604348e-05,0.0016068465,6.923628628138427,8.900276348631271,6.828712071641684,0.0543257357988081,57824.0,57840.0,57818.88,57840.0,2.82461
2024-07-10 05:58:00,0.9903377,0.00021381727,0.00944849,8.026823576217629,9.442245428958966,6.466144724237619,-0.017842151098423,58928.0,58990.57,58927.99,58984.01,14.43672
2024-07-10 22:05:00,0.99998355,2.6236057e-06,1.3815526e-05,7.24422751560335,8.97221007835365,7.091742115095153,0.1009734937041233,57559.91,57574.12,57556.51,57571.45,14.63724
2024-07-12 21:00:00,0.5957941,0.40398863,0.000217296,5.929589143389895,7.732369222284388,5.220355825078324,0.0240911863695408,57542.0,57586.56,57502.0,57586.56,14.70525
2024-07-12 21:52:00,0.999995,2.0698528e-06,2.9710416e-06,7.234898420314831,9.002824076547672,6.366470447731438,-0.0226790259362771,57614.03,57614.04,57614.03,57614.04,1.51023
2024-07-15 22:31:00,0.9067431,0.09320422,5.2658637e-05,7.711101251840158,9.33282345619073,6.089044875446846,-0.0183207217694131,64182.0,64224.0,64181.99,64224.0,16.88883
2024-07-15 23:23:00,5.159606e-07,0.9999994,1.7204552e-07,5.365976015021851,7.616283561580385,4.672828834461906,-0.0045714803967901,64631.45,64733.97,64631.44,64690.0,25.35506
2024-07-18 01:12:00,0.99868053,3.2477892e-05,0.0012870014,6.261491684321042,8.517593111437565,6.331501849893691,0.0309554749492978,64422.71,64422.72,64384.59,64384.6,6.96505
2024-07-18 04:52:00,0.76325256,0.23672974,1.7765786e-05,4.962844630259907,7.685703061234547,5.953243334287785,-0.0534741417297352,64665.85,64665.85,64641.53,64641.54,3.20349
2024-07-18 21:00:00,0.97015667,0.026247704,0.0035955994,7.05617528410041,8.915432254432663,6.710523109452428,0.0464626814705063,63826.01,63826.01,63810.58,63820.67,13.1559
2024-07-19 04:06:00,0.9970842,0.0018752138,0.0010405909,1.9459101490553128,3.9889840465642745,2.9444389791664403,0.2876820724517809,64294.0,64294.01,64246.83,64246.84,24.1794
2024-07-19 09:36:00,0.9575666,0.000939501,0.041493982,6.821107472256465,8.605753368395717,6.018593214496234,-0.0118643358314813,63891.65,63891.65,63840.88,63867.92,34.82485
2024-07-19 20:08:00,0.99697876,1.2284145e-05,0.003009052,7.581719640125308,9.531263778207766,6.558197802812269,0.0091226535971194,67027.44,67094.49,67027.43,67085.98,18.66778
2024-07-20 00:56:00,0.9999833,2.0139957e-07,1.6400161e-05,4.418840607796598,7.640123172695364,4.430816798843313,-0.0170020935411603,66501.99,66502.0,66480.74,66480.75,2.05031
2024-07-20 05:29:00,0.68474185,0.0056735235,0.30958462,7.554334823725748,9.33485624667375,6.467698726104354,0.0575137436433659,66520.0,66524.0,66519.99,66524.0,2.28532
2024-07-20 20:45:00,0.9995223,0.00012299458,0.0003547264,7.305188215393037,9.302828391411332,6.766191714660351,0.1578587874875687,67366.67,67408.33,67364.8,67364.81,9.31251
2024-07-22 03:51:00,0.9997807,7.77509e-06,0.00021153752,8.311889558230359,10.354276506607956,7.390798521735676,0.039401868296482,67915.88,67915.89,67898.5,67906.9,7.90986
2024-07-22 07:27:00,0.99999905,7.100968e-07,1.8637121e-07,5.8888779583328805,8.659733878198347,5.755742213586912,0.0212742948125965,67274.81,67286.57,67193.45,67222.0,81.85086
2024-07-22 20:00:00,0.9978399,0.00017771716,0.0019823788,7.066466970136958,8.945984124827898,6.672032945461067,0.0888203575146219,68232.08,68256.0,68162.0,68162.0,53.84982
2024-07-23 04:26:00,0.99995136,5.5586784e-06,4.3067044e-05,5.616771097666572,8.455104999102815,5.087596335232384,0.0186166250415944,67374.09,67376.77,67374.09,67376.77,2.64804
2024-07-23 11:32:00,0.97421086,0.024635907,0.0011532253,6.035481432524756,8.204671828950811,4.859812404361672,-0.0514301440195795,66666.0,66724.01,66660.0,66692.01,23.79636
2024-07-23 20:06:00,0.94831234,0.0011674395,0.050520144,6.805722553416985,8.762646029650282,6.453624998892692,0.1244027134533243,65816.0,65822.55,65708.0,65726.0,68.21417
2024-07-24 03:39:00,0.96336484,0.03654847,8.6668144e-05,6.716594773520978,8.09925056179696,5.3471075307174685,-0.0068672860227824,65988.0,66013.3,65988.0,66013.29,3.29366
2024-07-24 06:26:00,0.9999187,7.6257593e-06,7.3694784e-05,8.09162741160107,9.91338837721339,6.807934943699926,0.0298739069524958,65905.81,65905.81,65886.0,65886.01,3.51716
2024-07-24 20:28:00,0.99836916,8.307287e-05,0.0015478011,7.086737934510577,9.012377119192273,6.86484777797086,0.0706728518227564,65871.35,65871.36,65850.0,65852.0,11.78769
2024-07-25 02:45:00,0.93495804,0.00013493832,0.06490702,7.576097340623111,9.310095205113177,6.413458957167357,-0.0108575172872758,64111.12,64130.0,64064.0,64064.61,43.08964
2024-07-25 21:10:00,0.9998982,3.3377346e-05,6.83772e-05,7.258412150595307,9.165552189186048,6.843749949006225,0.0513379544333275,65249.19,65329.55,65249.19,65312.01,44.07193
2024-07-27 05:35:00,0.999987,2.9221794e-06,1.0044978e-05,8.410053315858335,10.152181884694343,7.1929342212158,-0.0096717254670241,67958.0,67961.47,67958.0,67961.47,1.00922
2024-07-27 06:35:00,0.9996569,6.0654573e-05,0.0002824677,5.60947179518496,8.006367567650246,5.147494476813453,0.0260390402884081,67942.62,67942.62,67940.49,67940.49,1.56978
2024-07-28 04:09:00,0.13261065,0.86680675,0.00058253756,5.262690188904886,7.908754738783246,4.30406509320417,0.0186061634165841,67986.0,67986.0,67981.73,67981.74,1.68004
2024-07-28 04:16:00,0.9995641,1.3854238e-05,0.00042201515,5.976350909297934,8.549853973655786,5.4510384535657,-0.0295486174695463,67998.0,67998.01,67976.0,67976.01,3.43444
2024-07-28 04:47:00,0.99997807,7.838814e-06,1.4117161e-05,5.958424693029782,8.312135107648412,5.420534999272286,-0.0139388735063571,67724.0,67724.01,67686.86,67686.87,3.53872
2024-07-28 05:39:00,0.9986051,0.0012966987,9.8151446e-05,5.081404364984463,6.904750769961838,4.248495242049359,-0.1237801177377709,67413.14,67456.01,67406.01,67456.01,11.73865
2024-07-28 07:32:00,0.9999801,1.8030745e-05,1.876907e-06,7.658227526161352,9.088285725968875,5.68697535633982,-0.0238025267424858,67412.14,67412.14,67412.13,67412.14,1.11155
2024-07-28 08:13:00,0.91761494,0.001247639,0.08113743,8.43663368355782,10.10699966190111,6.970730078143525,-0.0133560062358381,67490.0,67495.66,67490.0,67495.66,2.38466
2024-07-28 09:08:00,0.99996054,7.087681e-06,3.241811e-05,6.386879319362645,8.534246945982066,5.5909869805108565,0.0184998572186982,67435.55,67442.01,67435.54,67438.01,2.35218
2024-07-28 21:51:00,0.99999726,1.595132e-07,2.6383675e-06,7.6586995582682995,9.47554674766278,6.674561391814426,0.0263147483470568,68044.43,68044.43,68000.0,68000.01,5.91048
2024-07-29 09:55:00,0.99997234,2.4136705e-05,3.522572e-06,5.484796933490655,6.804614520062624,4.3694478524670215,0.0399271110165344,69466.31,69466.31,69450.0,69458.01,5.69404
2024-07-29 16:01:00,0.00038674095,0.9995912,2.208217e-05,6.3578422665081,8.463792414689122,4.852030263919617,-0.0121592596382892,68027.8,68032.0,67915.62,67962.02,43.8609
2024-07-29 19:59:00,3.7206035e-05,0.99995315,9.6086205e-06,7.356279876550748,9.165133779138104,5.752572638825633,-0.0145273933512036,67264.0,67324.17,67248.01,67303.05,27.49701
2024-07-29 21:33:00,9.24694e-06,0.9999801,1.0640625e-05,7.721791776817535,9.469777278987662,6.444131256700441,0.0830826001578639,67188.09,67238.59,67188.08,67238.58,7.96693
2024-07-30 03:14:00,0.9977418,0.0017888738,0.00046937377,5.407171771460119,7.183870715062453,4.691347882229144,0.0722773294099657,66610.43,66610.43,66586.98,66610.0,37.1508
2024-07-30 04:49:00,7.904745e-06,0.9999919,2.0367803e-07,7.77779262633883,9.451716691551452,6.322565239927284,-0.0219390074566022,66608.0,66644.43,66608.0,66636.02,6.81641
2024-07-30 05:26:00,0.99999964,1.364353e-07,1.9493605e-07,5.356586274672012,8.290794347381356,6.259581464064923,0.0619275135088504,66500.01,66506.0,66415.92,66444.0,11.89533
2024-07-30 20:36:00,0.9999995,1.9414789e-07,2.4327275e-07,7.126087273299125,8.929567707825337,6.270988431858299,0.0378903943869819,66122.0,66158.0,66121.99,66142.0,19.74664
2024-07-31 00:44:00,0.9897676,3.2020074e-05,0.010200449,6.42648845745769,8.244334047856094,5.58724865840025,0.0458114603131585,66172.01,66249.76,66172.01,66249.76,11.84432
2024-07-31 04:56:00,0.9817348,0.017590316,0.00067477406,7.317212408359839,9.019785010255124,5.860786223465865,-0.0106011639371931,65524.0,65568.0,65524.0,65558.95,5.38111
2024-08-01 00:33:00,0.9999876,1.1621068e-05,8.539954e-07,6.597145701886651,8.64135583403666,5.66988092298052,0.1153223857995387,64704.0,64713.84,64654.0,64668.0,15.30035
2024-08-01 14:22:00,0.99999607,2.4303226e-06,1.5641768e-06,5.877735781779639,7.939871576361883,5.0238805208462765,-0.0126631400173618,64417.57,64459.88,64416.01,64418.0,15.66478
2024-08-01 16:53:00,0.99998164,2.0619134e-06,1.6346434e-05,6.313548046277095,8.344267356262645,5.099866427824199,0.0208348002752323,62887.2,62958.0,62882.0,62914.17,16.60619
2024-08-01 20:38:00,0.7836072,7.678815e-05,0.21631603,6.532334292222349,7.740229524763182,4.983606621708336,-0.0256615247913988,64184.89,64184.9,64092.82,64102.22,56.1838
2024-08-02 00:41:00,2.5922263e-05,0.99997354,5.85317e-07,6.556778356158042,8.28576542051433,5.313205979041787,0.0580184396469162,65146.2,65174.74,65146.2,65165.18,5.34763
2024-08-02 02:22:00,0.9993704,0.0004708329,0.00015885725,6.447305862541213,8.222016437202196,5.327876168789581,0.0541747256009387,64378.94,64388.0,64136.34,64170.01,144.35011
2024-08-02 04:08:00,0.99999213,3.1877814e-06,4.6227387e-06,7.294377299288821,9.264733855806517,6.20050917404269,0.0250245048809436,64524.01,64545.99,64516.0,64535.37,10.36393
2024-08-02 06:15:00,0.002366841,0.99762887,4.3009222e-06,7.198931240688173,9.078521797355334,6.077642243349034,-0.0101345623555686,64006.01,64060.0,64006.01,64014.0,13.81677
2024-08-02 20:00:00,0.9999974,2.346481e-06,2.401731e-07,8.256607344626158,9.757767898186724,6.621405651764134,0.0615738969467507,62633.58,62726.96,62630.0,62724.96,33.09756
2024-08-02 22:41:00,0.9997546,7.743827e-05,0.0001678704,7.2875606403097235,9.086702731518004,5.796057750765372,-0.0010287511066605,61761.95,61839.74,61761.94,61820.0,13.36331
2024-08-03 02:44:00,0.99882346,0.000180331,0.0009961323,5.476463551931511,7.741967899820685,5.049856007249537,-0.0470919556585908,61431.94,61435.48,61410.0,61416.0,10.72305
2024-08-04 21:08:00,0.9976636,0.002325091,1.1268631e-05,5.908082938168931,7.976595409316577,4.406719247264253,0.1084635421869869,58960.68,59034.0,58960.68,59016.7,21.38857
2024-08-05 10:05:00,0.99989617,9.415235e-05,9.64496e-06,5.58724865840025,7.562681246721884,4.574710978503383,0.044641932681379,52413.89,52490.95,52382.0,52470.96,23.45145
2024-08-05 16:09:00,0.28193474,0.00048444458,0.71758074,6.912742820493176,8.826000545482966,5.402677381872279,0.0461173822520626,54581.04,54790.46,54506.37,54772.08,57.67363
2024-08-05 17:15:00,0.99989045,9.583507e-05,1.369388e-05,6.453624998892692,8.565030520830398,5.3612921657094255,-0.0479803254477071,54404.0,54717.43,54386.01,54626.45,148.84703
2024-08-06 21:31:00,0.99876153,1.03627735e-05,0.0012281479,5.53338948872752,7.719573989259581,3.80666248977032,-0.0359728096737845,56362.0,56363.7,56306.0,56310.0,12.06947
2024-08-07 20:12:00,0.9999815,1.6601093e-07,1.8329636e-05,6.349138991379798,8.478660241699453,5.564520407322694,0.1175346422134006,54671.99,54787.72,54671.99,54777.46,20.47541
2024-08-07 22:00:00,0.99996877,3.602112e-07,3.0894356e-05,5.288267030694535,7.016609683894219,3.58351893845611,0.0404426182636696,55416.0,55442.0,55362.0,55399.99,18.74022
2024-08-07 23:36:00,0.99646604,0.0026703265,0.00086358783,7.30854279753919,8.963160242833732,6.093569770045136,0.0419199213754312,55078.03,55078.03,55030.0,55034.0,11.86821
2024-08-08 06:40:00,0.86945564,0.13053623,8.195889e-06,6.561030665896573,8.286269452783065,5.43372200355424,0.1126997780662148,57138.0,57167.1,57138.0,57146.0,18.83877
2024-08-08 22:30:00,0.9999726,2.7490705e-06,2.4624153e-05,7.317212408359839,8.934191535338075,5.762051382780177,0.0613995188973844,61000.0,61019.99,60895.05,61019.98,69.14265
2024-08-08 22:53:00,0.9999877,1.1462913e-06,1.1048652e-05,6.0867747269123065,7.752764808851328,4.709530201312334,-0.0115391299886839,61879.53,61887.0,61625.45,61803.51,126.53599
2024-08-09 03:09:00,0.30635187,0.05673409,0.63691396,7.272398392570047,8.9680140012452,6.1224928095143865,-0.0105298940995044,61332.38,61332.39,61321.51,61322.61,4.79918
2024-08-09 20:21:00,0.89216375,0.037273098,0.07056316,7.0431599159883405,8.885717651712119,6.466144724237619,0.09964794192414,60747.18,60756.06,60710.72,60715.09,13.65866
2024-08-10 04:16:00,0.14618409,0.85368836,0.00012756909,7.045776576879511,8.723231274827508,6.018593214496234,0.0418821014959138,60295.19,60300.86,60295.19,60296.16,3.6328
2024-08-10 20:30:00,0.9996921,0.00012061048,0.0001873981,6.839476438228843,8.675051276031818,6.476972362889683,0.0608004279557552,60922.01,60934.91,60902.07,60902.07,6.58159
2024-08-11 01:15:00,3.7442535e-07,0.99999917,4.2831854e-07,6.959398512133975,8.825118970345061,6.144185634125646,0.0456352240526973,61116.58,61123.97,61090.0,61090.0,3.93302
2024-08-11 07:23:00,0.9999479,3.740673e-06,4.834205e-05,7.179307969504034,9.097059685517216,6.12029741895095,0.0128642721554994,61128.41,61138.0,61128.41,61136.39,1.11477
2024-08-11 20:03:00,0.73018193,0.26969635,0.00012177784,7.649692623711514,9.387146748082028,6.444131256700441,0.0356591808567913,59623.52,59640.01,59576.57,59577.65,10.29365
2024-08-12 20:30:00,0.07566593,0.92412835,0.00020567307,7.330405211844402,9.140132476932688,6.823286122355687,0.1029634643706183,59125.26,59131.74,59078.77,59102.89,11.50391
2024-08-13 20:25:00,0.9997774,0.00021595352,6.683663e-06,6.689599269178967,8.96098117384356,6.648984550024776,-0.0071050119611886,60634.05,60634.05,60566.37,60580.99,45.81602
2024-08-14 21:29:00,0.999926,4.7096837e-06,6.930684e-05,6.874198495453294,8.534640105019959,5.683579767338681,0.0497101644787368,59060.12,59107.83,59058.88,59107.82,6.37837
2024-08-15 14:43:00,7.979967e-07,0.99999917,3.673281e-08,6.81783057145415,8.71308886823731,6.135564891081739,-0.0086689620756917,59455.42,59540.0,59440.52,59533.24,54.51292
2024-08-17 03:45:00,0.99999917,4.142227e-07,4.6906436e-07,7.061334366910438,8.941545475242885,6.359573868672378,0.0622912490587259,59026.27,59026.65,59013.21,59013.21,3.29884
2024-08-17 12:38:00,2.3653392e-08,0.9999999,9.712394e-08,4.672828834461906,7.80954132465341,4.290459441148391,0.0810311639138817,59251.5,59251.5,59242.77,59242.77,1.80484
2024-08-20 17:51:00,0.8756013,0.12436507,3.3560824e-05,7.4205789054108,9.2471543450989,5.762051382780177,0.0393146024425737,58932.25,58974.43,58932.24,58969.41,5.66914
2024-08-21 19:46:00,0.99836034,0.0008770255,0.0007626971,7.140453043101158,8.974871170971337,6.77078942390898,-0.0691927937673493,61218.98,61278.95,61212.32,61278.94,17.14004
2024-08-22 20:02:00,0.9963548,0.00013478145,0.0035104027,7.144407180321139,9.30955202204713,6.715383386334681,0.0710584333121998,60345.04,60362.0,60333.56,60333.57,8.35869
2024-08-23 20:03:00,0.98324215,0.002580151,0.014177643,7.101675971619444,9.0410929746695,6.489204931325317,0.0592207388560629,63602.22,63633.16,63580.01,63580.02,7.24204
2024-08-25 05:10:00,0.99983525,5.1547164e-07,0.00016419022,6.79346613258001,8.638702608813434,6.040254711277414,0.014886346213754,64175.23,64179.04,64175.22,64179.03,2.79242
2024-08-25 05:22:00,0.9999794,2.6151415e-06,1.8041499e-05,5.849324779946859,7.677400430514807,5.14166355650266,-0.0215713020106877,64177.99,64187.0,64177.99,64187.0,3.25919
2024-08-25 08:08:00,0.999998,1.0199388e-08,2.0756609e-06,5.666426688112432,7.784473235736469,4.955827057601261,-0.009636841587757,63946.98,63946.98,63921.61,63935.98,9.01431
2024-08-25 20:16:00,6.150441e-05,0.9999331,5.3988015e-06,7.343426229147367,9.002947130753205,6.126869184114185,0.0575070947201639,64224.0,64224.01,64199.35,64199.35,2.78321
2024-08-26 20:27:00,0.99997556,1.4164791e-06,2.2977794e-05,7.20414929203594,8.913953858894255,6.741700694652055,0.0678366094350418,63331.13,63375.76,63331.13,63352.53,5.14953
2024-08-27 22:05:00,0.9999447,1.1559005e-05,4.3754473e-05,6.958448393297656,8.746080217357513,6.028278520230698,0.0387090769178834,60306.96,60309.99,60132.74,60167.0,36.14142
2024-08-28 03:26:00,0.99999785,3.8365664e-07,1.8045472e-06,5.613128106388071,8.533066540572527,5.799092654460526,0.0350577626377089,59448.01,59448.01,59428.25,59428.25,12.0427
2024-08-30 20:46:00,0.99994826,1.5914604e-05,3.5771478e-05,7.703007682479236,9.28126471031288,6.452048954437226,0.0379088071256317,58870.0,58893.0,58856.0,58893.0,6.75243
2024-08-31 01:19:00,0.99997056,2.8901442e-05,5.434365e-07,6.933423025730715,8.54849804124465,5.805134968916488,0.0214616045389929,59292.02,59297.99,59267.0,59267.01,3.32822
2024-08-31 23:40:00,0.99955386,1.291462e-05,0.00043325135,7.802209316247118,9.986403052863436,7.210079628170788,0.0228013947445594,58943.99,58944.0,58943.99,58944.0,0.22744
2024-09-02 20:05:00,0.9991437,5.231831e-05,0.0008039596,7.375255778009754,9.702716852073644,7.0825485693553,0.0755694012126355,58384.61,58414.99,58384.61,58407.52,4.87938
2024-09-03 14:50:00,0.99999964,1.812579e-08,3.4164609e-07,6.572282542694008,8.115819701211327,6.182084906716632,0.1461191635771268,57731.0,57762.0,57692.0,57755.0,47.33968
2024-09-04 20:11:00,0.9999988,1.3155751e-07,1.0968035e-06,7.67786350067821,10.022203486241112,7.325807502595773,0.0255929265819595,58107.0,58121.1,58098.0,58098.0,5.20596
2024-09-05 02:42:00,0.99989533,6.808634e-05,3.657093e-05,5.472270673671475,7.675546002537848,4.770684624465665,-0.0070507110540369,57736.0,57736.0,57697.06,57715.39,13.31587
2024-09-05 15:05:00,0.9999856,1.1458036e-06,1.3238075e-05,5.961005339623274,8.197538739721184,5.568344503761097,0.092030552312761,56299.0,56494.0,56250.0,56486.01,158.33167
2024-09-05 21:08:00,0.99911255,0.0002950557,0.00059241423,7.306531398939505,9.551657993593873,6.865891074883439,-0.002947174972371,56098.99,56103.55,56098.99,56103.54,0.9109
2024-09-06 23:38:00,0.96957403,0.00012043032,0.030305546,6.186208623900494,8.403128235128264,4.844187086458591,0.0442940344246403,53822.0,53839.53,53821.99,53839.53,12.06591
2024-09-14 06:36:00,0.998611,1.2916374e-05,0.001375972,6.269096283706261,8.182559264068665,5.556828061699537,0.0153831509825304,59958.0,59958.0,59957.99,59957.99,3.40213
2024-09-14 21:19:00,0.0039537414,3.7761704e-06,0.9960425,7.344072850573066,9.64049809267472,7.0431599159883405,0.0217972760234299,60012.0,60030.0,60004.99,60004.99,2.74428
2024-09-15 21:50:00,0.96117383,0.03873985,8.622695e-05,6.876264611890766,9.129997619293643,6.46302945692067,0.0598284265021452,59530.01,59554.0,59530.0,59553.99,3.52323
2024-09-15 23:55:00,0.00022505509,0.005517843,0.99425715,5.389071729816501,8.351610750626559,6.270988431858299,-0.0293273785262669,59198.16,59198.18,59184.0,59184.0,11.67545
2024-09-16 20:52:00,0.9998442,1.8757216e-06,0.00015391188,6.563855526532128,8.745125259462244,6.190315405853148,0.0166601938265227,57768.0,57770.0,57738.0,57738.0,7.77874
2024-09-17 19:53:00,0.9955616,0.00012657065,0.0043118442,7.023758954738443,9.529230371552156,6.765038976780541,-0.0120176692838866,59971.1,60080.0,59956.53,60075.99,48.19642
2024-09-19 04:53:00,0.9999647,1.3911017e-06,3.381448e-05,6.056784013228625,8.442685139241176,5.68697535633982,0.008900405565322,62029.06,62029.06,62018.01,62018.02,1.97049
2024-09-19 20:04:00,0.9999392,2.2176453e-06,5.8586553e-05,7.221835825288449,9.32143441948177,6.827629234502852,-0.0258564470661017,63192.0,63192.01,63136.46,63136.46,44.70884
2024-09-20 00:32:00,0.06487174,0.9350703,5.7970137e-05,7.080026499922591,8.598957493218878,5.71042701737487,0.0243930105607354,62803.99,62806.0,62763.98,62763.98,10.29684
2024-09-20 21:08:00,0.99992967,6.998164e-05,3.5423625e-07,7.918264686095274,9.804164331241342,6.891625897052253,-0.0278184545478724,63130.0,63245.56,63122.0,63245.55,16.58582
2024-09-20 23:00:00,0.99937755,1.45050735e-05,0.0006079727,6.612041034833092,8.52158353971753,5.081404364984463,-0.026313949290443,63180.23,63180.24,63144.0,63150.0,3.61437
2024-09-21 01:48:00,0.9944817,0.0005339002,0.0049843797,7.741099090035366,9.553149630053277,6.543911845564792,0.0230490942384846,62914.85,62930.0,62908.0,62913.96,2.02456
2024-09-21 05:19:00,0.56899554,0.43089727,0.00010724087,6.1675164908883415,7.820840879907344,4.430816798843313,0.0260933801068527,62887.99,62895.1,62887.99,62895.09,3.64762
2024-09-21 05:50:00,6.7062854e-07,0.9999993,5.7375765e-08,7.260522598089852,9.0663545214478,5.942799375126701,-0.0061116308713474,62910.0,62910.0,62900.0,62900.01,3.58803
2024-09-21 05:56:00,0.017328218,0.93216914,0.050502602,5.356586274672012,7.762170607138205,5.537334267018537,-0.0888743921484772,62911.99,62927.09,62911.99,62927.08,3.32579
2024-09-21 12:28:00,0.97051,0.029110413,0.00037957376,6.641182169740591,8.355144739461839,5.081404364984463,0.0737566230018316,63047.5,63047.51,63043.46,63043.47,2.11085
2024-09-21 20:32:00,0.99768305,0.0023139918,2.9325236e-06,7.234177179749849,9.18471482433721,6.322565239927284,0.094679832670107,63199.61,63199.62,63180.35,63180.35,2.38976
2024-09-22 20:55:00,0.99988914,9.07411e-05,2.0132456e-05,7.358830898342354,9.286745703178587,6.396929655216146,-0.0145833209581123,63180.01,63191.28,63160.0,63160.01,2.36826
2024-09-23 20:26:00,0.6551754,0.3428612,0.0019634485,6.960347729101308,9.358674166481876,6.782192056006791,0.0272669783403926,63306.23,63313.87,63292.32,63295.27,6.20509
2024-09-24 18:03:00,0.99995804,6.928963e-07,4.1266718e-05,5.648974238161206,7.791935956938058,4.820281565605037,-0.0212711504634108,63819.18,63874.94,63818.15,63849.94,18.61359
2024-09-24 20:49:00,0.99998224,1.3056393e-05,4.6686987e-06,6.0867747269123065,8.27410200229233,6.848005274576363,0.0910717036883657,64172.5,64185.9,64154.2,64185.9,6.06291
2024-09-24 21:54:00,0.99999905,3.3140435e-07,6.0711506e-07,5.68697535633982,7.920083199053234,4.3694478524670215,0.0686301254628009,64094.0,64094.01,64089.8,64089.8,2.34101
2024-09-25 13:51:00,0.9988971,0.00012504002,0.0009778838,6.824373670043086,8.511778558714738,5.666426688112432,-0.0216136058846597,63626.0,63626.01,63524.0,63536.81,14.92437
2024-09-27 03:07:00,0.9999999,5.3868742e-08,7.493413e-08,6.376726947898627,8.21932609390609,5.267858159063328,-0.0011141719338597,64897.46,64900.0,64892.0,64892.01,3.00872
2024-09-27 20:33:00,0.013896164,0.9854063,0.00069748063,7.074963197966044,9.2681374707024,6.3473892096560105,0.0756602444263805,65748.23,65789.64,65748.22,65789.64,4.6342
2024-09-28 04:53:00,1.462222e-07,0.99999976,6.0144e-08,6.949856455000773,8.833171133022866,6.12029741895095,0.0458253963543066,66003.99,66014.96,66003.99,66014.95,1.71101
2024-09-28 21:43:00,0.99999917,6.607853e-08,7.06473e-07,7.241366283322318,9.186457431512853,6.212606095751519,-0.0224594039564577,65610.0,65679.72,65610.0,65679.71,10.31094
2024-09-29 02:49:00,0.9999981,8.9410975e-08,1.7389386e-06,7.105786129481271,8.973478148521036,6.267200548541362,0.187452337411477,65899.01,65899.02,65898.01,65898.02,1.48288
2024-09-29 21:38:00,0.99854517,7.427151e-06,0.0014474359,7.298445101508147,9.320628725870304,7.00397413672268,-0.0165197527165656,65811.79,65840.0,65811.78,65839.99,2.16308
2024-09-29 22:39:00,3.886427e-06,0.99999607,4.411633e-08,6.532334292222349,8.304247465078474,5.049856007249537,-0.0026998208324514,65766.0,65766.01,65740.0,65740.01,2.96888
2024-09-30 22:33:00,0.53672,0.4630578,0.00022229647,6.184148890937483,7.892825526251117,4.736198448394496,-0.0080862348563462,63646.0,63651.8,63626.0,63651.8,11.75233
2024-10-01 15:03:00,0.99999976,9.010465e-08,1.03367775e-07,6.483107351457199,8.587278798982926,5.560681631015528,0.0078878423798266,62480.0,62482.0,62286.0,62286.0,303.44527
2024-10-01 21:01:00,0.99998987,6.9253457e-07,9.475313e-06,7.135687347028144,9.19786285046507,6.761572768804055,0.0594977858463903,60824.0,60911.75,60823.75,60910.55,36.37645
2024-10-02 22:15:00,0.90578306,0.00023331604,0.093983665,6.927557906278317,9.082847851460906,6.740519359606223,0.0589853642586205,60546.0,60587.67,60490.0,60562.01,19.16887
2024-10-03 08:29:00,0.99999595,2.494764e-07,3.8382445e-06,5.697093486505405,7.736307096548285,4.605170185988092,-0.0292240887923287,60374.0,60400.0,60354.8,60354.81,25.83898
2024-10-03 21:16:00,0.9993906,6.0356083e-06,0.00060329185,7.407924322559599,9.25186611880468,6.818924065275521,0.0417930427969102,60847.13,60860.0,60847.12,60848.0,3.44595
2024-10-04 16:45:00,0.9998253,7.1015997e-06,0.00016755007,6.794586580876499,8.75557997214314,5.820082930352362,-0.0234301880270991,62202.0,62235.99,62190.6,62194.0,17.33889
2024-10-04 19:13:00,0.99913627,0.0008157889,4.8010952e-05,5.680172609017068,8.205764725234456,4.634728988229636,-0.0206277149363583,62321.99,62335.67,62321.99,62335.67,16.21852
2024-10-05 18:05:00,0.99990606,1.6370992e-06,9.220626e-05,6.720220155135295,8.612503371220562,5.41610040220442,0.0313730718040198,62013.99,62013.99,61948.14,61948.14,9.04314
2024-10-05 20:59:00,0.9999416,5.9588324e-06,5.2436048e-05,6.885509670034818,9.042631527550071,6.756932389247553,0.0555750013105891,61721.9,61723.39,61721.9,61723.38,6.27019
2024-10-06 09:21:00,0.9924871,0.0072392477,0.00027367976,6.315358001522335,7.871692664323645,4.8283137373023015,0.0185375840736966,62018.0,62037.32,62018.0,62037.32,8.87856
2024-10-06 21:28:00,0.99917406,4.6246892e-05,0.00077972567,6.895682697747868,9.098179005087852,6.561030665896573,0.0505703278084114,62441.9,62480.0,62441.9,62480.0,4.61618
2024-10-07 20:46:00,3.1916485e-07,0.9999995,1.6932006e-07,6.92461239604856,9.305195902988862,6.736966958001855,0.0818456983308818,63050.01,63096.02,63050.0,63096.02,6.49797
2024-10-15 02:40:00,0.9966518,0.0031160712,0.00023215493,6.419994928147142,8.153349757998892,5.075173815233827,0.0136115868408694,65726.02,65726.02,65724.0,65724.0,7.99386
2024-10-15 06:08:00,0.99907637,9.056041e-06,0.0009145688,6.131226489483141,8.11552088154677,4.48863636973214,0.0224904232173222,65295.98,65317.95,65295.98,65317.94,4.05438
2024-10-15 06:23:00,0.9999881,1.2593532e-07,1.1779968e-05,6.493753839851686,8.607033895416027,5.181783550292085,-0.0262694545782028,65527.35,65530.3,65522.32,65530.3,4.80962
2024-10-15 22:56:00,0.9999758,1.7804312e-07,2.4087994e-05,5.313205979041787,8.20903626577507,6.077642243349034,-0.0463390124079325,66772.01,66780.0,66745.01,66751.9,3.10239
2024-10-16 05:28:00,0.97740126,0.009838531,0.01276023,6.833031732786201,8.626406276389554,5.799092654460526,-0.011249153641814,67148.42,67164.0,67131.45,67164.0,22.8513
2024-10-16 19:06:00,0.96543324,0.03421464,0.00035206505,6.210600077024653,8.298290634359283,7.134890851565884,-0.0309497409737915,67755.86,67770.0,67754.5,67760.34,4.60245
2024-10-16 21:34:00,0.8755785,0.0011529062,0.12326854,5.54907608489522,7.862112211662748,5.1647859739235145,0.0013527296458792,67564.43,67590.0,67563.08,67590.0,5.89106
2024-10-16 22:12:00,0.9999291,1.1558592e-07,7.076439e-05,5.877735781779639,7.902487437162855,5.214935757608986,0.0211979523369245,67635.5,67662.0,67635.5,67642.89,8.95533
2024-10-16 22:27:00,0.1976365,0.8022521,0.00011142703,6.111467339502679,8.076826031298808,4.672828834461906,0.0013982065412422,67653.84,67661.4,67648.0,67655.3,3.05225
2024-10-17 20:35:00,0.9999882,1.3367969e-07,1.1644661e-05,6.837332814685591,9.03455739202181,6.648984550024776,0.1003774881703367,67071.99,67072.0,67059.87,67059.87,2.53319
2024-10-18 04:31:00,0.9999995,1.2174564e-07,3.7082853e-07,6.945051063725834,8.512381634419015,5.680172609017068,0.0395598795021069,67818.14,67850.0,67818.14,67849.99,20.95823
2024-10-18 20:01:00,0.9999274,7.578454e-06,6.4970896e-05,7.4821189235521155,9.670609272125022,7.316548177182976,0.0311134518078777,68593.99,68619.99,68593.99,68607.02,16.00885
2024-10-19 20:42:00,0.06448474,0.9300182,0.0054970062,7.00397413672268,8.658866349732383,6.0112671744041615,0.0286595014124391,68270.0,68270.01,68268.0,68268.01,1.31778
2024-10-20 21:05:00,0.11800309,0.8804482,0.0015486927,7.014814351275545,9.51657428982249,7.048386408721883,0.0316260033716166,68765.26,68798.71,68765.25,68784.0,9.44267
2024-10-21 03:21:00,0.9673117,0.03176836,0.0009199785,6.452048954437226,8.156797046675651,5.579729825986222,0.0334823957060121,68773.99,68773.99,68752.0,68758.0,12.3792
2024-10-21 16:29:00,0.89019734,0.017132642,0.09267005,6.9167150203536085,8.583542571957771,5.631211781821365,0.0192692931787521,66980.0,67041.41,66979.99,66986.01,39.7522
2024-10-21 20:27:00,0.0012327587,0.99876475,2.4612275e-06,6.495265555937008,8.325063693631197,6.246106765481563,-0.0191172862602375,67657.53,67669.99,67632.0,67639.88,10.31078
2024-10-21 21:17:00,0.99999845,7.1553876e-07,8.037986e-07,6.040254711277414,7.942006808489856,4.691347882229144,0.0270286378418985,67837.3,67837.31,67828.07,67828.08,10.05383
2024-10-22 19:47:00,0.9991123,5.9468963e-05,0.0008282315,6.70196036600254,8.913684824725294,6.927557906278317,0.0874199305491992,67624.47,67628.88,67606.98,67606.99,8.75034
2024-10-22 23:52:00,0.9999726,9.137155e-06,1.8234903e-05,5.645446897643238,7.763021309018518,5.537334267018537,-0.0540808271731468,67373.39,67397.23,67372.76,67377.98,6.51866
2024-10-23 20:27:00,0.99020654,0.0060577523,0.003735719,6.520621127558696,8.925720273560222,6.703188113240863,0.0879075585063504,66443.63,66450.0,66441.45,66441.46,3.04266
2024-10-23 22:06:00,0.99996614,2.9362615e-08,3.388083e-05,5.937536205082426,8.16961956172385,5.0238805208462765,0.0522845716503315,66492.52,66519.99,66490.0,66519.99,8.72014
2024-10-24 00:54:00,6.4718166e-05,0.99993527,5.8149105e-08,7.433666540166168,9.583695426166113,7.2305631534092925,0.0584843339323402,67120.0,67158.97,67110.01,67158.97,23.32593
2024-10-24 20:03:00,0.98243076,0.017101524,0.00046766765,6.805722553416985,9.022684613591526,6.90875477931522,0.0907677875212107,68200.0,68207.69,68186.0,68201.99,7.48157
2024-10-24 21:33:00,0.99370545,0.0001365062,0.0061581237,3.9889840465642745,5.521460917862246,2.8903717578961645,0.0900643143044695,68609.49,68609.49,68524.74,68539.63,36.92834
2024-10-25 00:43:00,0.90074265,0.0011031226,0.09815432,6.725033642166843,8.647870515057853,6.154858094016418,0.0189084318749864,68020.0,68020.01,67985.88,67989.99,8.04712
2024-10-25 01:16:00,0.99999857,4.4017955e-07,1.0006404e-06,6.917705609835305,8.67060073804555,5.176149732573829,0.0134356278022241,67867.38,67895.64,67862.48,67895.63,7.37364
2024-10-26 02:13:00,0.99996483,1.4936604e-06,3.358937e-05,6.78332520060396,8.762958920766726,5.631211781821365,-0.0226621658940097,66478.01,66532.0,66478.0,66500.95,9.44272
2024-10-26 20:33:00,3.7491642e-08,1.0,8.736339e-09,6.480044561926653,8.550047528287184,6.26530121273771,0.0864899116014843,67329.0,67329.0,67312.18,67312.19,2.39975
2024-10-26 23:14:00,3.6842397e-07,0.9999963,3.3111453e-06,6.470799503782602,8.528330935826693,5.365976015021851,0.0192709682295735,67102.12,67102.13,67102.12,67102.12,0.65444
2024-10-28 01:38:00,0.9995309,0.0004669214,2.1570827e-06,7.216709486709457,9.094929520464856,5.942799375126701,0.0693380098321879,67784.0,67794.0,67784.0,67794.0,1.89672
2024-10-28 18:15:00,0.99626875,0.0025399365,0.0011912732,6.928537818164665,8.752423403865594,5.521460917862246,0.0060224488237001,69169.51,69180.0,69154.88,69167.73,13.03653
2024-10-30 00:21:00,0.99693334,0.0012648937,0.00180178,5.948034989180646,7.77779262633883,4.867534450455582,0.0381728371802887,72458.0,72490.0,72457.99,72479.4,5.56094
2024-10-30 01:59:00,0.912226,0.08695277,0.0008212872,6.413458957167357,8.517393171418904,6.156978985585555,0.0165286045013516,72378.01,72415.36,72378.0,72415.36,8.57048
2024-10-30 16:43:00,0.89019734,0.017132642,0.09267005,6.3818160174060985,8.020270472819238,5.288267030694535,0.0340619530469911,72094.0,72113.39,72081.26,72081.27,5.98316
2024-10-30 16:47:00,0.062399447,0.00013389048,0.9374666,5.820082930352362,7.726212650507529,3.951243718581428,0.0345593534141592,72122.99,72146.0,72104.4,72145.99,16.16426
2024-10-30 22:51:00,0.9995679,3.420175e-05,0.00039783653,8.11102783819368,9.966227582357314,6.673297967767654,0.007990218931496,72394.01,72394.01,72364.0,72365.43,5.25792
2024-10-31 04:10:00,0.99999917,6.07085e-07,2.228862e-07,8.053251153549096,9.824498456285756,7.127693699347399,-0.0494489340805497,72353.46,72353.47,72344.44,72353.39,5.97462
2024-11-01 01:16:00,0.997389,0.0025762166,3.487508e-05,6.92951677076365,9.176162920174596,5.755742213586912,0.0513060147939803,70308.22,70313.99,70308.21,70313.99,8.01631
2024-11-01 02:00:00,0.9999409,3.96717e-05,1.939217e-05,5.303304908059076,7.62608275807238,4.262679877041316,0.014007401448644,69402.0,69538.0,69362.0,69464.67,46.37421
2024-11-01 04:17:00,0.99999976,6.962562e-08,1.192474e-07,6.851184927493743,8.62604759632832,5.605802066295998,0.049454196879875,69420.0,69446.0,69420.0,69446.0,5.33444
2024-11-01 06:32:00,0.99999464,1.9681813e-06,3.3236968e-06,6.71901315438526,8.764053269347762,5.83773044716594,0.0418374716937113,69340.0,69346.0,69334.0,69345.99,5.67416
2024-11-01 20:11:00,0.9542708,0.00052719214,0.045202088,6.814542897259958,9.156200925875536,6.61338421837956,0.0542188889923504,69272.0,69334.21,69264.0,69320.21,11.62568
2024-11-01 21:00:00,3.0179064e-05,0.9999697,1.6797594e-07,6.35088571671474,8.313852267398207,5.3706380281276624,0.0551964569138929,69248.95,69248.96,69208.17,69239.99,6.11274
2024-11-02 21:20:00,0.9999409,4.557403e-06,5.4576638e-05,6.593044534142437,8.739376281635323,6.461468176353717,0.0957962411239153,69465.72,69466.11,69465.72,69466.11,2.55557
2024-11-03 18:37:00,0.99999845,3.9917978e-07,1.1988346e-06,6.555356891810665,8.61794309451638,5.332718793265369,0.0626436285392043,68089.92,68090.57,68072.0,68078.0,18.28862
2024-11-03 20:42:00,0.9999473,1.6822233e-06,5.0974744e-05,7.001245622069476,8.81936971001847,6.208590026096629,0.0375205713952889,68853.99,68854.0,68816.0,68819.63,13.52122
2024-11-04 17:52:00,0.99954706,0.00020630723,0.00024667074,5.846438775057725,8.645938147306799,6.584791392385716,0.0067346984790047,67810.0,67896.0,67809.99,67896.0,12.46418
2024-11-04 21:10:00,0.9991461,1.0583588e-05,0.00084327837,7.493873886783559,9.773891264365057,7.018401799069201,0.0525257671325726,67477.99,67479.53,67454.37,67454.38,12.08352
2024-11-05 02:00:00,0.99986434,7.2536927e-06,0.0001283905,7.832014180505469,9.833494180715594,6.504288173536645,0.0253132506875889,67997.32,68033.52,67967.54,67967.55,18.04581
2024-11-05 17:32:00,0.9999894,2.5393167e-06,8.158324e-06,6.336825731146441,8.57376254290413,4.882801922586371,-0.0137433395246948,70128.93,70144.0,70012.5,70012.51,72.42298
2024-11-05 21:00:00,0.999923,4.8734995e-07,7.658468e-05,7.503840746698951,9.842409703027538,6.548219102762372,0.1161517982229955,69446.0,69496.84,69446.0,69494.0,14.48062
2024-11-05 23:39:00,0.9798741,4.0201216e-05,0.020085748,4.836281906951478,8.125926802707886,4.990432586778736,-0.0296963076962143,69769.09,69769.1,69722.0,69723.49,5.31349
2024-11-06 01:04:00,0.9999589,1.0608549e-06,4.009874e-05,5.840641657373398,8.520388082312756,5.093750200806762,0.0373105080705952,71240.04,71266.0,71120.0,71161.97,48.88368
2024-11-06 08:46:00,0.9998896,4.0865793e-06,0.00010633379,4.727387818712341,7.784889295655098,4.499809670330265,-0.0635309165197245,73306.16,73350.0,73262.47,73311.13,45.83068
2024-11-06 10:52:00,0.9999914,2.3561092e-06,6.20848e-06,4.672828834461906,7.665284718471351,4.143134726391533,0.0259411142970508,73821.99,73875.0,73821.98,73874.42,18.90075
2024-11-06 11:05:00,0.514076209,0.47994720165,0.005976571050000001,11.863469654178637,17.18831717562921,8.999989642460726,0.10813383267237485,73735.98,73769.97,73670.94,73670.94,27.68252
2024-11-06 11:06:00,0.9560317,0.00042884605,0.043539427,4.574710978503383,7.848153086199526,3.58351893845611,0.0605258346608223,73670.95,73690.0,73657.27,73659.06,18.9271
2024-11-06 11:08:00,0.9988123,3.467723e-05,0.0011530286,5.521460917862246,8.514589805546123,4.663439094112067,-0.0344535005353169,73689.93,73729.36,73689.92,73700.82,17.36728
2024-11-06 19:37:00,0.9999958,7.404204e-08,4.1025787e-06,9.092457331319466,11.04536684425358,7.40184157874383,0.0277546395072823,75167.29,75248.0,75167.28,75226.01,37.87593
2024-11-06 20:32:00,1.0326542e-05,0.99998367,5.9160425e-06,5.799092654460526,7.895063498091573,5.2832037287379885,0.0221041437062638,75632.0,75660.0,75581.55,75657.14,82.41184
2024-11-06 21:17:00,0.99838746,1.6012313e-05,0.0015965075,4.969813299576001,7.8724551500639794,5.476463551931511,0.0330967955770351,76097.31,76102.01,76000.0,76048.01,40.85462
2024-11-07 02:11:00,0.99986434,7.2536927e-06,0.0001283905,8.198089248956116,10.329408669211675,6.647688373563329,-0.018318845744088,75352.0,75374.0,75306.79,75306.81,22.47567
2024-11-07 05:26:00,0.6690386,0.3285605,0.0024008825,5.262690188904886,7.645397699428633,4.442651256490317,-0.0165017013236851,74859.42,74870.25,74859.42,74870.24,18.0514
2024-11-07 11:07:00,0.99940705,0.00017332913,0.00041954912,6.317164686747284,8.801770448914539,5.666426688112432,-0.0294669496032979,74939.39,74939.4,74880.0,74900.0,13.50719
2024-11-07 20:43:00,0.9999999,7.302435e-09,1.7774322e-07,7.666221925662725,9.485544922916851,6.413458957167357,0.0409982403047783,76394.35,76400.0,76372.79,76396.01,37.68877
2024-11-08 01:58:00,0.85490906,2.4262601e-05,0.14506671,7.186901020411631,9.661861751843032,6.646390514847729,-0.0214585846060865,75943.99,75972.0,75934.0,75960.01,13.31852
2024-11-09 03:37:00,0.990337,0.002378092,0.00728487,8.640295388550221,10.520077610373916,8.011355109161286,0.0593681017653629,76295.99,76296.0,76252.03,76252.04,5.752
2024-11-09 18:30:00,0.9999981,1.5814715e-06,3.8463267e-07,6.9985096422506015,8.816556768641856,5.43372200355424,0.0003892323852489,76308.0,76313.27,76307.99,76313.25,6.12086
2024-11-10 11:59:00,0.1318795,0.86406094,0.0040594772,6.021023349349527,8.821879862683842,5.1647859739235145,-0.0009224003925109,80000.0,80040.0,79838.79,79844.01,427.882868
2024-11-10 13:36:00,0.9999932,1.8863059e-06,4.907678e-06,6.535241271013659,9.13194630454817,5.976350909297934,0.05763412999456,79767.54,79826.0,79724.8,79737.53,32.95897
2024-11-10 17:24:00,0.9999846,3.7371572e-07,1.5073856e-05,7.733245646529795,9.691407573577898,5.82600010738045,0.0284262799798055,79724.02,79744.0,79724.02,79744.0,3.35878
2024-11-10 20:35:00,0.9999807,8.400384e-06,1.1009163e-05,5.855071922202427,8.584103896698863,4.836281906951478,-0.005618039382856,79399.73,79506.45,79349.15,79356.0,209.1736
2024-11-10 22:52:00,0.99988806,2.4359492e-06,0.00010957016,6.70196036600254,9.40640045488065,5.840641657373398,-0.0175978096056168,80348.94,80451.26,80297.34,80451.25,17.27067
2024-11-11 03:46:00,0.998611,1.2916374e-05,0.001375972,6.419994928147142,8.65834547117212,5.3471075307174685,0.0116983257941077,81433.99,81496.01,81433.99,81488.37,95.97378
2024-11-11 20:44:00,0.99696296,0.0028675452,0.0001694617,3.1354942159291497,4.343805421853684,1.9459101490553128,0.4054651081081644,86895.99,86989.73,86872.0,86974.5,32.59964
2024-11-11 21:24:00,0.0004109792,2.2723455e-06,0.99958676,5.616771097666572,8.142063283104147,4.553876891600541,0.027186842944393,87853.97,88000.0,87752.01,87752.02,180.909844
2024-11-11 21:30:00,9.4180024e-05,0.9999031,2.7321528e-06,5.356586274672012,8.022568946988255,4.605170185988092,0.0268849011487167,88242.63,88276.0,88001.0,88001.01,101.83737
2024-11-11 23:10:00,0.9999994,3.7353237e-07,2.5364824e-07,6.424869023905388,8.515391569469609,4.624972813284271,0.0830624872412624,88681.81,88886.0,88666.92,88864.77,159.6832
2024-11-11 23:37:00,0.9926998,1.2267672e-05,0.0072878804,6.0867747269123065,8.731981938347694,4.859812404361672,0.0062449896319233,88392.0,88663.27,88384.14,88622.46,115.24099
2024-11-12 02:28:00,0.2669343,0.7330239,4.1798234e-05,7.902117546276448,9.696340374306518,6.3578422665081,0.0445018755524647,88194.15,88270.0,88158.0,88227.25,39.79283
2024-11-12 04:07:00,0.9999883,2.2576899e-06,9.430711e-06,5.613128106388071,7.857093864902493,4.248495242049359,-0.0460380857576761,88016.0,88033.61,87975.09,88033.6,39.5207
2024-11-12 05:02:00,0.99845946,1.1074193e-05,0.0015294832,5.262690188904886,8.22040309993373,5.973809611869261,0.0851784519025713,88528.08,88540.0,88441.54,88461.55,48.07895
2024-11-12 05:41:00,1.3845668e-06,0.99999857,3.0848096e-08,5.828945617610208,7.912056888179006,4.795790545596741,0.1116043583971846,88409.91,88442.86,88356.0,88371.99,29.59608
2024-11-12 08:56:00,0.91211385,0.004385509,0.083500676,4.68213122712422,8.04012466444838,5.099866427824199,-0.0508690655265264,88969.69,89060.0,88933.29,89036.65,40.81146
2024-11-12 13:00:00,0.9864638,1.3995907e-06,0.013534803,7.00669522683704,9.068546366358296,7.295735072749282,-0.0234180374408398,86348.02,86521.95,86210.0,86227.76,66.67587
2024-11-12 21:00:00,0.1492641,0.8507313,4.585201e-06,7.351799869057777,9.593900644696298,6.548219102762372,0.0104058062584993,89472.01,89592.0,89409.36,89577.02,58.72554
2024-11-13 00:58:00,0.99874157,7.0386466e-07,0.0012576828,5.267858159063328,8.130059039992796,4.976733742420574,-0.0099752551848824,88034.55,88115.92,87969.69,88115.91,35.60195
2024-11-13 01:10:00,0.9999821,1.5903385e-07,1.7803628e-05,8.267448958304849,10.052769255251883,7.680637427560936,0.013027876978752,88347.27,88415.47,88294.0,88414.68,90.70293
2024-11-13 01:15:00,0.9996644,6.997855e-05,0.0002656265,5.081404364984463,7.75190533307861,5.627621113690637,0.1143632387530652,88512.17,88562.94,88366.97,88375.83,61.02366
2024-11-13 01:50:00,0.99991965,6.271806e-05,1.7589087e-05,5.83773044716594,7.923348211930154,4.969813299576001,0.0089098490331506,88287.99,88323.66,88265.8,88304.27,34.73661
2024-11-13 02:36:00,0.99947804,5.303309e-07,0.0005215456,4.356708826689592,7.669028288589683,4.532599493153256,0.0215636562056101,87008.01,87163.98,87008.01,87163.98,22.97858
2024-11-13 21:20:00,0.9984376,6.241345e-05,0.0015000177,7.381501894506707,9.692766521220475,6.71295620067707,0.039120200081199,88136.01,88340.0,88050.01,88095.99,69.88573
2024-11-14 01:29:00,0.999995,2.217808e-07,4.7538815e-06,8.456593569287309,10.794050135837551,8.067149039910106,0.0353411811516436,89928.0,89972.0,89650.27,89700.0,172.08599
2024-11-14 21:06:00,0.9999044,5.7902066e-06,8.976308e-05,7.0925737159746784,9.438192819018129,6.813444599510896,0.0086757092658619,87584.69,87584.7,87526.0,87571.52,42.25576
2024-11-14 22:31:00,2.6408775e-06,0.99999726,1.4505378e-07,6.206575926724928,8.212025804623437,4.59511985013459,0.0021444410606765,87720.53,87720.54,87507.96,87512.39,46.07425
2024-11-15 01:09:00,1.9335372e-08,1.0,1.0183663e-08,5.991464547107982,8.490849216076635,6.126869184114185,0.0231151734490548,88071.34,88100.0,87999.13,88008.0,28.11158
2024-11-15 06:31:00,0.028252974,0.9717423,4.7771423e-06,7.421177528595393,9.226607344440056,6.244166900663736,0.0251741289532779,87967.12,87967.12,87928.27,87939.29,37.37492
2024-11-15 10:32:00,0.9995592,2.1563243e-05,0.00041916544,5.673323267171493,8.030409562130485,4.934473933130692,0.027903646049721,89244.93,89261.07,89184.71,89184.72,11.67871
2024-11-15 21:00:00,0.724852,0.27508572,6.228125e-05,6.356107660695892,8.223627175805483,4.859812404361672,-0.0178093339305464,91447.99,91461.01,91196.0,91231.07,45.38627
2024-11-15 21:13:00,0.9999964,1.2438379e-06,2.3935668e-06,6.71901315438526,8.697178688412643,6.111467339502679,0.0023205261309315,91271.99,91344.0,91244.0,91343.99,31.13672
2024-11-16 00:23:00,0.8432694,0.00078218075,0.15594843,7.051855622955894,8.99949587624899,6.169610732491456,0.0420457017460598,91069.09,91069.09,90956.7,90976.0,18.27758
2024-11-16 04:33:00,0.9396122,0.053223744,0.0071640457,7.186144304522325,9.2239473753824,6.100318952020064,-0.0211129254499796,91211.45,91250.0,91200.01,91250.0,6.12015
2024-11-16 21:22:00,0.99559253,0.0043799486,2.7557104e-05,8.09559870137819,9.64484634886876,6.7226297948554485,0.0260079141186004,90920.0,90936.34,90888.01,90888.01,4.03322
2024-11-17 01:40:00,0.8005249,0.1994055,6.970352e-05,6.899723107284872,9.015298250772847,6.22455842927536,-0.0177520064219521,90381.37,90381.37,90247.86,90278.98,94.69804
2024-11-18 04:35:00,0.9997919,1.9607061e-05,0.00018841968,6.602587892189336,8.217438537730187,7.050989447068045,-0.0261710817460317,90581.4,90586.06,90545.47,90570.72,6.47342
2024-11-18 21:03:00,0.9998568,0.0001428175,3.382912e-07,8.683893367307235,10.468829770273569,7.787382026484701,-0.028274980636914,91675.99,91768.98,91572.34,91754.59,60.94838
2024-11-19 00:51:00,0.0026858626,0.99706763,0.00024650418,6.0330862217988015,7.727094484779841,4.919980925828125,0.0441027173747992,90959.99,91071.22,90959.99,91040.01,49.36403
2024-11-19 01:09:00,0.99998796,1.400042e-06,1.0603249e-05,6.318968113746434,8.189799618728228,5.638354669333745,0.0150670540309365,91074.12,91090.91,91056.24,91069.4,10.31749
2024-11-19 02:31:00,0.9710391,0.028716188,0.00024465943,7.506591780070841,9.21562637640542,7.05617528410041,0.0261022661771554,91098.41,91098.41,90967.81,90988.14,22.45422
2024-11-19 02:52:00,0.99227625,0.007445937,0.00027780997,7.24850407237061,9.293117798433752,6.037870919922137,-0.0175612005498634,91251.99,91271.65,91242.43,91254.84,21.1583
2024-11-19 17:03:00,0.98310965,0.015590964,0.0012995059,6.618738983517219,8.660773919893762,5.262690188904886,0.0277339284427551,92502.13,92544.0,92449.0,92532.0,66.51666
2024-11-19 22:52:00,0.056712102,0.9396501,0.0036378533,5.62040086571715,8.038834757787749,4.61512051684126,-0.0325755979564212,91739.27,91739.28,91667.71,91671.32,20.65143
2024-11-19 23:52:00,0.99961424,0.0003717681,1.3921369e-05,5.560681631015528,8.059592328887545,4.74493212836325,0.027852723032571,92167.99,92167.99,92108.55,92150.23,15.01425
2024-11-20 02:15:00,0.99998,3.5794026e-06,1.6486934e-05,6.405228458030842,8.470939806898775,5.968707559985366,0.031056394968266,91703.57,91747.7,91670.67,91670.67,25.6276
2024-11-21 03:31:00,0.00042750247,8.405275e-07,0.9995716,8.356789669923213,10.496814397813862,7.64826303090192,-0.0159738025549964,95506.78,95564.0,95450.14,95545.09,88.98167
2024-11-21 07:39:00,0.99913836,4.448884e-07,0.0008611697,6.324358962381311,8.932740634865914,5.940171252720432,-0.0464550126376959,97242.43,97242.43,97141.52,97141.52,13.32695
2024-11-21 13:19:00,0.9822233,0.017738724,3.8058406e-05,5.438079308923196,8.191740021277457,5.749392985908253,-0.0727903264905757,97395.99,97395.99,97360.0,97368.48,39.83064
2024-11-21 18:44:00,0.9995184,0.00014679291,0.00033475918,7.528331766707247,9.273878392780173,6.016157159698354,-0.0187335027176076,98132.63,98132.64,98063.0,98074.0,22.1851
2024-11-21 19:03:00,0.7500809,0.07965665,0.17026252,6.1779441140506,8.160518247477505,4.454347296253507,-0.0025070176230242,98320.0,98356.0,98282.29,98284.01,33.57094
2024-11-21 23:11:00,0.99717593,8.600095e-05,0.0027380774,6.77078942390898,8.46695197497949,5.5909869805108565,-0.0127315233447353,98554.11,98658.21,98545.46,98589.74,29.32177
2024-11-21 23:27:00,0.9997191,0.00023337251,4.7567213e-05,6.049733455231958,8.03947991910045,5.236441962829949,-0.0824520658886724,98398.83,98419.99,98381.81,98399.98,30.67429
2024-11-22 04:22:00,0.9999323,9.438719e-08,6.7571484e-05,6.373319789577012,8.94767606249969,5.318119993844216,-0.0219221920609747,98933.3,98933.31,98866.55,98876.3,20.32322
2024-11-22 20:12:00,0.88658506,0.11327074,0.0001442345,6.709304340258298,9.0280988119824,5.726847747587197,0.1141419220825644,99118.6,99181.23,99104.0,99156.75,22.46117
2024-11-22 21:49:00,0.98828083,0.00037397657,0.01134519,4.219507705176107,6.030685260261263,4.007333185232471,-0.0724378232958497,98923.98,99140.62,98918.34,99054.94,59.9213
2024-11-22 21:55:00,0.9999695,1.7095601e-05,1.3525114e-05,7.711101251840158,9.485848643496254,6.565264970035361,0.0231553686003904,99211.0,99228.0,99199.99,99214.19,17.29086
2024-11-22 23:16:00,0.99997616,6.0848765e-07,2.3258399e-05,5.468060141135132,7.935229539816907,4.804021044733257,-0.0079597672345565,98752.01,98770.41,98739.27,98762.63,12.64603
2024-11-23 00:24:00,0.9999734,3.2191255e-07,2.6282934e-05,4.430816798843313,7.715123603632105,5.627621113690637,0.0519862468723236,98737.88,98754.61,98716.52,98740.29,13.38772
2024-11-23 01:15:00,0.9998287,2.4002338e-05,0.00014726004,6.035481432524756,8.60813018640834,5.262690188904886,-0.0780630442695703,98571.58,98584.0,98565.41,98572.34,12.68473
2024-11-23 03:56:00,0.9999993,5.8922742e-09,6.7458564e-07,7.447751280047908,9.56500329315396,6.236369590203704,0.0147236392241266,98634.89,98634.9,98623.07,98634.9,7.30782
2024-11-23 10:39:00,0.99975365,4.537524e-07,0.00024592516,6.335054251498059,9.027378610294804,5.60947179518496,-0.0206422730008078,98385.92,98392.0,98383.99,98392.0,9.77588
2024-11-24 01:43:00,0.99999785,3.8077485e-07,1.7996131e-06,5.420534999272286,7.709308333385869,4.418840607796598,0.0001566229734683,98123.06,98148.67,98123.05,98134.7,12.75492
2024-11-24 03:04:00,0.9999354,2.0497186e-05,4.4074528e-05,7.202661196523238,9.178333575841096,6.269096283706261,0.0289353484737453,98284.62,98304.0,98226.22,98304.0,26.21331
2024-11-24 07:33:00,0.9927285,0.00026074666,0.0070108036,5.10594547390058,7.699842407396986,5.402677381872279,-0.0054364127775941,98220.47,98220.47,98193.03,98193.04,14.2323
2024-11-24 22:30:00,0.9943136,0.00010246766,0.00558402,6.2324480165505225,8.212839584676484,5.351858133476067,0.0311959996362717,97560.0,97572.0,97458.13,97458.13,54.65126
2024-11-25 05:46:00,0.99992573,7.983663e-06,6.6272056e-05,6.163314804034641,8.955448122347393,6.100318952020064,-0.0148270306051778,98144.0,98144.0,98034.78,98099.99,42.11173
2024-11-25 06:17:00,0.9419931,0.056997817,0.0010090489,7.31455283232408,9.232199706329077,6.133398042996649,0.0270684032618806,98269.42,98336.17,98269.42,98336.16,25.77188
2024-11-25 21:04:00,0.99989116,0.000108441134,3.8872219e-07,8.695506726812653,10.501966846976991,7.762596048540069,-0.0122630535624399,94964.02,95036.0,94927.37,95018.89,25.92732
2024-11-25 21:11:00,0.8428078,0.00022924684,0.15696292,5.7899601708972535,8.555836815008442,5.707110264748875,-0.0488206071560847,94948.0,94972.29,94922.96,94956.02,17.41658
2024-11-25 22:17:00,0.09668577,0.28142798,0.6218863,4.882801922586371,7.682943169878292,4.948759890378168,0.0213018894415683,93689.79,93844.0,93689.79,93844.0,28.46873
2024-11-26 01:10:00,0.971684,0.021445196,0.0068707624,6.505784060128229,9.169101623959586,6.428105272684596,0.0273630409571994,94014.85,94062.82,94004.34,94020.66,8.21994
2024-11-26 01:41:00,0.8442283,0.15576659,5.1421102e-06,5.4638318050256105,8.429235912657095,5.049856007249537,-0.0205864004370115,94520.05,94526.97,94384.0,94397.31,27.13732
2024-11-26 04:29:00,0.60316235,0.39662796,0.00020966557,4.859812404361672,6.922643891475888,3.9318256327243257,0.0782402803208069,94344.01,94352.0,94277.08,94277.08,33.1004
2024-11-26 04:42:00,0.009301156,0.99041265,0.00028619534,6.900730664045173,8.946895523888447,6.063785208687608,0.0613679991850723,94383.16,94427.21,94375.39,94400.07,35.43334
2024-11-26 23:24:00,5.39927e-08,1.0,7.602143e-09,6.617402977974478,8.752581469146884,5.123963979403259,-0.0204048254749641,91841.97,91850.69,91764.0,91764.01,12.23111
2024-11-27 00:58:00,0.9270526,0.01474155,0.058205847,6.066108090103747,8.065579427282092,5.220355825078324,0.0441808785213564,91900.0,91963.58,91899.99,91951.98,5.07998
2024-11-27 04:43:00,0.9995315,0.00026526288,0.00020333077,7.462214939768189,10.067602707388096,7.215975002651466,-0.0116964524819582,92694.13,92797.53,92694.12,92797.52,26.36236
2024-11-28 21:57:00,0.9999964,3.328916e-07,3.211434e-06,5.91350300563827,7.997326822998097,5.700443573390687,0.0135962893060566,95066.38,95066.38,95066.37,95066.38,0.62166
2024-11-29 21:02:00,0.9997825,2.3752177e-06,0.00021513857,7.221105098182496,9.80493712880685,7.085901464365611,0.0417280848300482,97344.0,97344.0,97324.24,97324.24,9.85125
2024-11-29 22:19:00,0.0016683941,0.72593033,0.27240127,5.278114659230517,7.823645930834952,5.393627546352362,0.0138030548187052,97380.01,97380.01,97360.0,97371.99,12.19243
2024-11-30 20:25:00,0.99253875,0.00022323645,0.0072379913,7.160069207596127,9.549594449971952,6.88653164253051,0.0101843484548956,96977.7,96993.35,96977.69,96992.0,2.69425
2024-12-01 00:48:00,0.9999944,1.0571567e-06,4.4874114e-06,7.957527402230773,9.600827196903634,6.754604099487962,0.0162117089143548,96340.0,96372.0,96264.11,96333.45,20.43801
2024-12-01 02:34:00,0.99901867,1.2589366e-05,0.00096864725,6.100318952020064,8.528528701079983,6.54534966033442,-0.0479128096538096,95980.8,95983.99,95944.9,95957.76,20.27488
2024-12-01 17:38:00,0.99999833,2.1679031e-07,1.4496438e-06,6.442540166468199,8.610501368549889,4.962844630259907,0.0120494899441382,97194.99,97194.99,97121.02,97121.02,11.90981
2024-12-02 04:25:00,0.9998847,9.766608e-05,1.7648674e-05,5.648974238161206,7.983098940710892,4.174387269895637,-0.0179094545681779,96372.0,96448.33,96360.01,96360.01,32.63197
2024-12-02 04:46:00,0.9999746,2.4040206e-05,1.3000265e-06,8.718827059242566,10.1965675300495,7.317876198626496,0.0348149153958351,96732.67,96732.68,96658.15,96658.15,33.99569
2024-12-03 02:20:00,0.9999994,3.6985085e-07,2.5763427e-07,6.317164686747284,8.207401833376355,4.709530201312334,0.0549815700353098,95736.01,95795.22,95720.15,95795.21,16.14865
2024-12-03 19:29:00,0.9998041,8.3521645e-06,0.00018760383,6.124683390894205,8.089175678837561,4.976733742420574,-0.0201579400463185,95164.72,95308.02,95164.71,95306.89,45.52749
2024-12-05 03:14:00,0.99854904,7.4344794e-06,0.0014435259,6.054439346269371,8.682538124003075,5.468060141135132,0.0286768213869711,102731.98,103000.0,102726.1,102919.99,144.40369
2024-12-05 04:22:00,0.99999475,2.1321917e-07,4.9912783e-06,5.75890177387728,8.078998258685154,5.25227342804663,-0.0037973657791752,102703.65,102739.99,102612.0,102612.01,38.20336
2024-12-05 04:39:00,7.6225615e-06,0.9999924,1.9197422e-08,7.802209316247118,9.4588397305527,6.315358001522335,0.0581010885880235,102656.01,102747.5,102642.06,102747.5,31.73762
2024-12-05 04:57:00,0.99995613,7.3877476e-07,4.321017e-05,6.07073772800249,8.523175263093785,5.755742213586912,0.0016153070443058,103213.35,103248.6,103207.75,103247.99,30.52963
2024-12-05 05:06:00,0.9781567,0.009364426,0.012478849,5.713732805509369,8.525359754082631,4.74493212836325,0.0219463920293869,103336.87,103344.0,103294.87,103294.88,41.77707
2024-12-05 10:36:00,0.90810794,0.0902637,0.0016283332,6.665683717782408,9.245514446983837,5.568344503761097,0.1076838375070729,102685.18,102685.18,102554.99,102563.99,21.3664
2024-12-05 10:42:00,0.9617399,0.037500724,0.00075930054,7.022868086082641,9.295232838994146,5.902633333401366,0.0615132920997799,102444.36,102488.0,102444.36,102487.99,17.5082
2024-12-05 10:47:00,0.14986952,0.85012037,1.0143192e-05,7.175489713624222,9.61413742298365,5.673323267171493,-0.0157182958195446,102530.11,102530.11,102315.6,102367.98,44.27759
2024-12-05 10:53:00,0.99999094,9.0572576e-07,8.054643e-06,6.940222469119639,9.519000850813155,5.849324779946859,0.0068448632731328,102367.12,102387.99,102367.11,102379.68,8.96121
2024-12-05 13:28:00,0.99610007,0.003823667,7.618522e-05,5.187385805840755,7.930206206684683,4.499809670330265,0.0203613821099502,103087.39,103141.9,103082.54,103141.89,17.21386
2024-12-05 13:58:00,0.9991879,7.503896e-05,0.0007370884,8.279443487712665,10.461702359555922,7.628031126930335,-0.0040791605741374,102924.0,102924.01,102804.01,102819.99,40.08342
2024-12-05 19:32:00,0.49225083,0.45652923,0.051219985,8.22389538017882,10.654337443224362,7.48324441607385,0.0552302006233473,100708.88,100744.0,100698.71,100716.01,15.4398
2024-12-05 19:48:00,0.9520293,0.04104659,0.006924116,5.153291594497779,8.088561805276234,4.6443908991413725,0.0383688595720778,99444.0,99716.07,99443.99,99661.26,66.24743
2024-12-05 20:36:00,0.99994004,6.4045906e-07,5.931158e-05,5.288267030694535,7.945201132412759,4.859812404361672,0.0132365325524995,98800.0,98859.99,98732.01,98836.0,74.77614
2024-12-05 20:39:00,0.99817157,4.3243894e-05,0.00178527,5.075173815233827,7.94873845481361,4.543294782270004,-0.0526744108317034,98900.62,98912.0,98773.75,98812.73,39.69646
2024-12-05 21:31:00,0.96735317,0.030687597,0.0019592592,7.906178840394815,10.13527364923168,6.902742737158593,0.0337296828935082,99091.22,99124.0,99044.39,99060.44,18.71011
2024-12-05 21:33:00,0.99999905,1.9931171e-08,9.1408083e-07,6.400257445308821,8.84043543926657,5.613128106388071,0.0954656801041525,99060.01,99107.99,99001.02,99019.99,25.3919
2024-12-05 21:45:00,0.9999958,7.404204e-08,4.1025787e-06,8.678631537293768,10.798636360656856,7.078341579557671,0.0034932363655106,98995.34,99011.99,98977.97,98982.79,19.63179
2024-12-05 22:01:00,0.9993436,1.7564324e-05,0.0006388763,6.300785794663244,8.978786553302003,5.537334267018537,0.0263625122461337,98974.45,99000.0,98965.14,98995.7,20.28973
2024-12-05 22:04:00,0.99999654,8.255287e-07,2.5670045e-06,5.10594547390058,7.731053144007127,5.209486152841421,-0.0147117410306375,98920.0,98920.01,98828.0,98837.35,20.20826
2024-12-05 22:16:00,3.8410764e-07,0.99999964,1.9787473e-08,7.271008538280992,9.46877384406884,6.635946555686647,0.0400061961121841,98679.06,98699.84,98604.22,98614.32,28.92556
2024-12-05 23:36:00,0.9998895,1.7266342e-06,0.000108774984,4.941642422609304,8.234299635696253,4.61512051684126,-0.0479724963906335,96687.76,96759.14,96567.0,96712.01,53.13054
2024-12-06 01:41:00,0.99950695,0.00029887722,0.00019423493,4.836281906951478,7.795646536334594,4.844187086458591,0.0210331694125831,98252.01,98290.74,98096.61,98119.7,56.3056
2024-12-06 01:44:00,0.99785846,0.0016668367,0.00047476264,6.900730664045173,9.210040326967182,7.275864600546533,0.035928282553846,98221.41,98371.34,98221.4,98301.13,38.08705
2024-12-06 06:25:00,0.9999932,1.7042686e-06,5.178921e-06,5.231108616854587,7.6246189861593985,5.993961427306569,0.0299030863393083,98034.78,98114.22,98032.31,98066.82,26.03757
2024-12-06 06:29:00,0.018836508,0.9811094,5.413278e-05,5.10594547390058,7.957177323459475,5.313205979041787,0.0897846906028783,98113.69,98146.45,98092.03,98117.64,11.1427
2024-12-06 08:05:00,0.99994135,6.140776e-08,5.8582653e-05,4.543294782270004,7.574045005372199,4.31748811353631,-0.0762545864484909,98235.23,98235.24,98221.11,98224.03,13.0001
2024-12-06 08:41:00,0.9997619,1.6021568e-06,0.00023661053,6.882437470997847,8.659733878198347,6.028278520230698,0.0429416861384947,98635.99,98700.0,98635.98,98686.0,37.76748
2024-12-06 21:17:00,0.99994874,1.5703975e-07,5.1170715e-05,7.568379267836522,9.58204184993154,6.974478911025045,-0.0322865103642261,101037.98,101140.0,101029.59,101132.0,16.92262
2024-12-07 02:59:00,0.6145823,0.3853189,9.875922e-05,7.358830898342354,9.711600390872473,7.020190708311925,0.0655372256182873,99953.48,99962.04,99930.0,99930.01,4.38584
2024-12-07 04:32:00,0.99995494,3.8346097e-05,6.6921025e-06,6.490723534502507,8.510168576479273,5.220355825078324,0.0349926948748999,99253.01,99294.12,99244.0,99270.48,5.25819
2024-12-07 11:30:00,0.9969844,6.925665e-06,0.0030087032,4.770684624465665,7.447751280047908,5.840641657373398,-0.0423278145467157,99512.43,99512.44,99449.45,99449.46,8.34728
2024-12-07 14:34:00,0.073515795,0.9263821,0.000102032725,5.755742213586912,7.993957547573565,6.07993319509559,-0.0660409526622323,99400.01,99431.3,99396.2,99415.53,19.63293
2024-12-07 15:18:00,0.9997342,0.00021149844,5.4220924e-05,4.007333185232471,5.7899601708972535,3.610917912644224,-0.0090043840262998,99460.0,99483.99,99460.0,99473.87,11.1817
2024-12-07 21:32:00,0.99995327,3.7092424e-05,9.68692e-06,7.266128779556451,9.13701670755734,6.54965074223381,-0.0068868948273918,100008.0,100011.81,99988.01,100011.81,6.23276
2024-12-08 03:09:00,0.59395134,0.40599623,5.240607e-05,7.564238475170491,9.38252741428954,7.04141166379481,0.0167842736431418,100222.01,100229.21,100216.0,100221.28,3.35782
2024-12-08 08:24:00,3.967361e-08,1.0,3.0084898e-08,7.280008252884188,9.112837790614943,6.320768294250582,-0.0475188155265833,99409.36,99436.0,99402.76,99435.99,3.37985
2024-12-08 18:50:00,0.9999962,1.0453008e-06,2.7073766e-06,6.077642243349034,8.152198015861787,4.727387818712341,-0.021488371168912,99763.98,99789.68,99756.02,99789.68,3.59509
2024-12-09 01:01:00,0.72876596,1.4169302e-05,0.27121985,3.8501476017100575,7.568379267836522,4.174387269895637,0.0243615476055044,99708.53,99775.99,99708.53,99711.0,24.17544
2024-12-09 01:34:00,0.997334,1.2437111e-05,0.002653493,6.476972362889683,8.514389264083503,5.998936561946683,0.0038992124477939,99779.99,99797.75,99765.52,99797.74,10.23693
2024-12-09 03:24:00,0.99999964,2.0451462e-07,8.18602e-08,7.52456122628536,9.229358377811945,5.921578419643816,-0.0010849800273431,99055.77,99055.78,99016.0,99016.01,11.88971
2024-12-09 09:50:00,0.9643699,0.032405943,0.003224233,5.655991810819852,8.549466751966532,5.278114659230517,0.0560020717374806,98632.65,98654.35,98600.0,98604.58,13.56709
2024-12-09 20:08:00,0.9999989,8.625972e-09,1.0860672e-06,6.9782137426306985,9.232786560806012,6.042632833682381,-0.0839762373084742,97050.03,97052.37,96980.01,97044.0,37.29243
2024-12-09 21:04:00,0.9998838,0.00011599373,2.6700317e-07,8.511376306094673,10.350766163457704,7.575584651557793,-0.0083729144293698,95401.77,95510.64,94718.49,94808.63,734.9298
2024-12-09 21:15:00,0.9999893,1.2485483e-06,9.586442e-06,5.703782474656201,8.506536611227709,5.488937726156687,-0.011016962095184,96544.01,96907.99,96531.25,96900.01,170.13691
2024-12-09 22:33:00,0.012934115,1.0801314e-05,0.98705506,6.784457062637643,8.996775795442296,6.182084906716632,0.0099385358753928,97381.46,97381.46,97221.66,97314.64,32.23701
2024-12-10 00:11:00,0.9973241,0.0023525392,0.0003233651,7.114769448366463,9.148358579620302,6.45833828334479,-0.0046688780043901,97062.51,97062.52,97000.0,97039.62,28.65675
2024-12-11 02:00:00,0.9999988,1.6179966e-07,1.0844639e-06,6.618738983517219,9.11964950669168,5.860786223465865,-0.0439798324825667,95752.02,95844.0,95736.0,95769.77,30.42769
2024-12-11 12:39:00,0.9990934,5.5975575e-05,0.0008506453,6.077642243349034,8.45553053102413,6.408528791059498,-0.0497335629059455,98431.97,98471.43,98431.96,98471.42,25.28857
2024-12-11 14:51:00,0.9999081,7.0488e-06,8.481933e-05,7.255591274253665,9.209039526243137,5.945420608606575,0.0126148293060967,99323.99,99427.93,99323.99,99372.04,51.55519
2024-12-12 05:23:00,0.99994373,4.4488497e-05,1.17755135e-05,7.821643126239982,9.542948007780955,6.4457198193855785,-0.025054181770563,100942.44,100946.2,100871.83,100871.84,11.83923
2024-12-12 20:11:00,0.9999912,7.707617e-06,1.0366083e-06,5.298317366548036,7.533693709848633,5.030437921392435,0.1563566393958581,99798.13,99854.28,99790.25,99849.47,9.14529
2024-12-12 20:25:00,2.6153107e-06,0.9999964,8.97152e-07,7.10002716662926,9.449986995389407,7.016609683894219,0.1290842029775377,99543.99,99622.96,99506.5,99585.4,20.96063
2024-12-12 22:53:00,0.9998425,0.00013299531,2.4406574e-05,7.168579897264035,9.305832353435404,6.668228248417403,-0.0005367893512747,100352.22,100381.3,100315.79,100315.79,15.05259
2024-12-12 23:04:00,0.8774935,0.0066215903,0.11588491,4.5217885770490405,6.811244378601294,3.6375861597263857,-0.03119979414773,100300.38,100329.27,100223.41,100271.99,25.28349
2024-12-12 23:21:00,0.90451014,0.09482622,0.0006636924,8.023879992734878,9.766980307881465,6.647688373563329,0.031456300144593,100000.95,100018.87,99972.0,99976.44,5.20661
2024-12-13 05:00:00,0.99999714,1.7634488e-07,2.7571095e-06,6.448889394146858,8.476371196895983,5.777652323222656,0.002341237848413,100000.46,100029.77,100000.46,100025.13,5.53885
2024-12-13 07:25:00,0.9999989,3.479592e-07,7.3097374e-07,7.003065458786462,9.073603848402712,6.315358001522335,0.1286314856316052,99810.49,99812.0,99732.0,99732.0,5.67206
2024-12-13 19:49:00,0.9995765,5.284159e-06,0.00041826503,6.646390514847729,8.806274284781725,5.932245187448011,-0.0117891798233812,101405.19,101444.37,101405.19,101420.52,8.54076
2024-12-13 21:04:00,0.9999863,9.1541347e-07,1.2813745e-05,7.336936913707618,9.457200449907708,6.52649485957079,0.0008283810189914,101561.44,101561.44,101542.98,101542.98,9.15867
2024-12-13 22:02:00,0.9867762,0.0131965475,2.728868e-05,5.730099782973574,7.434847875211999,4.709530201312334,0.0084579397077435,101357.62,101365.98,101334.74,101365.98,5.59418
2024-12-13 22:16:00,0.9999796,1.5058133e-05,5.420132e-06,6.824373670043086,8.909235279192261,5.8664680569332965,0.0500128401991442,101198.54,101231.87,101198.54,101222.38,5.69628
2024-12-14 00:30:00,0.0352344,0.96472424,4.1368912e-05,6.455198563340122,8.339500903005945,5.342334251964811,0.02045573568666,101378.19,101408.75,101365.64,101408.74,4.13713
2024-12-14 01:41:00,0.0008635788,0.9991357,7.9356926e-07,7.114769448366463,9.2057297594185,6.182084906716632,0.0116628865213568,102227.27,102227.28,102081.56,102081.57,19.92598
2024-12-14 09:09:00,0.9999697,6.8529607e-06,2.3444221e-05,8.318742252692399,10.246970868288413,7.682482446534506,0.0392421641651997,101683.2,101683.2,101668.61,101668.61,2.91413
2024-12-14 13:49:00,0.0005716497,0.9994266,1.7452927e-06,5.771441123130016,8.001019961323651,5.613128106388071,0.0457650018986653,101192.0,101192.01,101172.27,101172.28,3.46766
2024-12-14 21:12:00,4.2292682e-05,0.9999577,1.2220857e-08,7.3914152346753585,9.666181687409416,6.967909201801884,0.0438030876989962,101045.45,101090.91,101045.45,101084.01,8.40271
2024-12-15 08:21:00,0.9998042,1.1462225e-05,0.00018441757,4.852030263919617,8.092851027538384,4.418840607796598,-0.105225068123343,101814.2,101821.27,101808.93,101821.26,3.46879
2024-12-15 16:14:00,0.9999554,3.334405e-06,4.129484e-05,5.648974238161206,8.043984431221553,5.583496308781699,0.0532507139055879,102923.03,102939.97,102919.67,102939.96,4.56414
2024-12-15 19:40:00,0.99996996,2.992249e-05,1.3736053e-07,5.631211781821365,7.777373602657861,4.262679877041316,0.0255898238153459,103240.37,103240.38,103211.66,103211.66,6.19315
2024-12-15 19:48:00,0.9998572,2.9638533e-05,0.00011308793,6.118097198041348,8.123261319121745,5.648974238161206,0.0047204656558296,103225.35,103225.36,103192.0,103192.0,3.69074
2024-12-16 00:35:00,0.0059766085,0.9940209,2.4326966e-06,7.111512116496157,9.367771379925012,6.472346294500901,0.0218538583763525,106223.75,106386.55,106025.36,106357.34,160.69428
2024-12-16 07:23:00,0.9997838,2.3297587e-05,0.0001929134,8.297792626380861,10.510722751549745,7.67786350067821,0.0322308535890975,105323.23,105340.41,105323.22,105332.34,11.47729
2024-12-16 07:44:00,0.99999976,5.812178e-09,2.1595612e-07,5.099866427824199,7.966586697638402,4.465908118654584,0.0775862099981369,105117.99,105156.0,105117.98,105134.61,22.41223
2024-12-16 08:37:00,0.99999404,2.8370823e-07,5.7292577e-06,5.53338948872752,8.32845106681936,4.955827057601261,-0.0002564412896258,104855.83,104855.83,104816.0,104841.99,7.79857
2024-12-16 09:26:00,0.0007073296,0.99928576,6.9322437e-06,5.37989735354046,8.047189562170502,4.553876891600541,0.0098612310151453,104751.0,104756.0,104663.52,104687.9,63.105
2024-12-16 23:08:00,0.9990766,2.2110113e-05,0.00090116996,5.25227342804663,8.3133619511344,5.924255797414532,-0.0181002421085158,105731.99,105731.99,105686.4,105686.41,8.65015
2024-12-17 04:36:00,0.99999726,1.7398046e-08,2.7017384e-06,5.916202062607435,7.980023592310645,5.676753802268282,0.01377739730309,106481.02,106481.02,106453.7,106456.8,11.59182
2024-12-18 20:07:00,0.9999856,3.538745e-07,1.4050754e-05,7.591861714889934,9.669472621333282,7.347299700743164,0.0651839977728862,102050.05,102125.91,101566.99,101567.25,549.38294
2024-12-19 01:31:00,0.9533726,0.046627,4.2403434e-07,7.292337176173877,9.078179468373843,6.499787040655854,0.0895711615799583,100521.98,100570.21,100488.87,100488.87,14.50601
2024-12-19 06:27:00,0.999519,0.00015925828,0.00032169465,5.484796933490655,7.632401126601453,4.955827057601261,-0.0763898001826293,101100.7,101100.71,101061.1,101061.1,7.07853
2024-12-19 21:30:00,0.9999987,1.0878083e-06,2.2087295e-07,5.5053315359323625,7.273786317844895,4.406719247264253,0.0379300659070971,97521.91,97540.0,97381.59,97418.62,34.0299
2024-12-19 21:47:00,0.9999945,3.7945262e-07,5.148971e-06,6.752270376141742,8.914088348841334,6.208590026096629,-0.0170718021887511,97507.47,97598.54,97469.67,97595.49,23.52771
2024-12-20 08:31:00,0.03642018,0.41764373,0.54593605,6.175867270105761,8.19671240721307,5.438079308923196,-0.0548799362587232,96655.1,96779.98,96501.34,96624.58,133.53216
2024-12-20 21:29:00,0.99945563,0.0002711299,0.00027324387,7.837159650001675,9.80609520652748,7.106606137727303,0.0320625832037951,96208.01,96208.02,96119.6,96148.61,19.63139
2024-12-21 11:25:00,0.99999726,1.00122655e-07,2.615385e-06,5.934894195619588,7.887208585813932,4.787491742782046,0.0553874184133521,97957.23,97957.23,97839.79,97844.0,25.21297
2024-12-22 23:34:00,0.9999975,1.7121754e-06,8.003809e-07,6.320768294250582,9.043931533642278,6.135564891081739,0.0303277990365159,95289.54,95296.0,95232.25,95276.01,35.1061
2024-12-23 21:03:00,0.99981064,0.00018916953,2.3879642e-07,8.205491613120236,10.153117229086163,7.578145472419466,-0.043757619922645,93488.04,93621.33,93436.92,93616.0,44.62295
2024-12-24 05:38:00,0.9995122,5.515004e-07,0.0004872118,7.559038255443384,10.122341918431909,7.654443226470112,-0.0160988603858726,94450.28,94481.76,94450.21,94456.34,2.78816
2024-12-24 08:01:00,6.968952e-07,0.99999917,7.465176e-08,7.163946684342547,9.000483164987708,6.456769655572163,0.0308063844601746,94219.76,94223.59,94178.12,94178.12,7.11216
2024-12-24 16:47:00,0.22962609,0.00025888445,0.770115,5.181783550292085,7.906915488678587,6.049733455231958,-0.0302077519291433,98189.42,98189.42,98092.83,98156.63,24.09075
2024-12-26 06:33:00,0.99996555,1.4552699e-06,3.2963257e-05,6.654152520183219,8.47907586930311,5.010635294096256,0.1002986968700019,98071.52,98083.71,98053.6,98059.61,16.954
2024-12-26 06:45:00,0.9998336,2.8795477e-05,0.00013757915,5.093750200806762,7.584264818389059,4.007333185232471,-0.0342955614067971,98157.8,98157.8,98058.58,98078.57,7.76413
2024-12-26 06:51:00,0.99999714,9.615529e-07,1.8505327e-06,5.424950017481403,7.681560362559537,4.356708826689592,0.0250488918229867,98136.03,98155.91,98136.02,98149.96,2.55801
2024-12-27 15:21:00,0.9999702,5.843291e-07,2.9239047e-05,6.272877006546167,8.1797604936999,6.2766434893416445,-0.0531527284144117,94714.84,94807.69,94655.34,94807.69,63.09472
2024-12-27 20:45:00,0.9999422,1.069448e-06,5.6725476e-05,7.238496840894365,9.152499372286332,6.97354301952014,0.0172653233648855,94367.47,94420.0,94340.0,94340.01,13.33446
2024-12-27 22:25:00,0.999997,5.053023e-07,2.4579037e-06,6.928537818164665,9.077951183930438,6.79794041297493,0.0182257033538966,94591.8,94591.8,94552.01,94563.53,8.5295
2024-12-28 00:47:00,0.9999763,8.112732e-07,2.2919814e-05,5.3981627015177525,7.951559331155252,5.537334267018537,0.031913571824214,94458.57,94458.57,94392.56,94438.05,4.47397
2024-12-28 21:36:00,0.9984132,9.841573e-05,0.0014883549,5.420534999272286,7.937374696163295,5.3706380281276624,0.0450970488038087,95045.43,95051.68,95045.42,95051.68,0.4884
2024-12-29 20:29:00,0.9726104,0.016601352,0.010788221,7.830425617820331,9.832796811913358,7.818430272070656,0.0440092890001812,93483.43,93498.71,93441.59,93498.71,9.49828
2024-12-30 21:03:00,0.99991024,8.95e-05,1.8004982e-07,8.054522609537294,10.03214458474439,7.415776975415394,-0.0192545191569244,94305.02,94305.02,94238.75,94238.75,7.86959
2024-12-31 06:24:00,2.3468758e-06,0.9999968,8.4612907e-07,5.62040086571715,7.751475318021456,4.795790545596741,0.0176435730713878,94305.02,94305.02,94238.75,94238.75,0.0
2025-01-01 08:07:00,0.99998736,8.522335e-06,4.1703024e-06,6.90975328164481,8.975503722070927,6.480044561926653,0.0552472642688271,93756.0,93756.02,93745.9,93745.91,2.3981
2025-01-01 09:28:00,0.9958534,0.0041122893,3.4346256e-05,7.21081845347222,8.947806093057054,5.983936280687191,0.0444720821056001,93060.82,93060.83,93028.78,93033.27,4.38563
2025-01-01 22:06:00,0.9999975,1.8586746e-06,5.5636843e-07,6.517671272912275,8.868413284672005,5.521460917862246,0.1165209670560792,94865.75,94865.75,94791.5,94795.38,13.20663
2025-01-02 01:52:00,0.99999046,8.410847e-06,1.0607761e-06,7.016609683894219,8.90815361332152,5.455321115357702,-0.0739588860250175,94927.91,94944.81,94927.91,94929.69,3.33155
2025-01-02 03:15:00,0.99996114,1.6968771e-06,3.715265e-05,6.408528791059498,7.918992488165245,7.093404625868766,-0.0505348026136745,95005.1,95094.2,95005.09,95059.48,23.68508
2025-01-02 21:47:00,0.9998568,5.7727702e-05,8.5429674e-05,7.109062135687172,9.307104040408491,6.93537044601511,0.0637898899881927,97200.0,97230.01,97199.99,97230.0,11.29725
2025-01-03 09:20:00,0.021846594,0.967393,0.010760364,5.313205979041787,7.604396348796338,4.955827057601261,0.021422425341652,96453.48,96476.69,96427.99,96476.68,25.87543
2025-01-03 11:21:00,0.999311,8.7144406e-05,0.0006018029,7.895063498091573,10.135392609518911,7.375255778009754,0.0287512514862254,96624.39,96633.93,96608.68,96633.92,6.43327
2025-01-03 11:37:00,0.9999982,2.4690353e-08,1.7683052e-06,8.109525659752872,10.36460809372245,7.191429330036379,0.0079078189562581,96690.52,96729.53,96679.42,96729.52,4.03965
2025-01-04 00:47:00,0.999997,6.9264917e-07,2.2910795e-06,6.513230110912307,8.4252971767117,5.652489180268651,0.0187819975457936,97999.98,98046.5,97999.98,98046.5,8.61348
2025-01-05 23:36:00,0.9998834,0.000110972294,5.58847e-06,5.342334251964811,8.299783171949787,5.7430031878094825,0.0353122048147575,98428.15,98430.0,98428.14,98429.99,6.52908
2025-01-06 23:01:00,0.99979275,1.4639493e-05,0.00019264543,4.844187086458591,7.89989532313973,5.043425116919247,0.0222944178272955,102077.5,102077.51,101985.73,101985.73,6.23923
2025-01-07 02:19:00,0.999982,4.1656214e-08,1.8005829e-05,4.51085950651685,7.417580402414544,5.081404364984463,-0.0020797702639288,102000.01,102000.01,101964.54,101964.55,8.29821
2025-01-08 14:50:00,0.039836556,0.9601588,4.5647394e-06,6.023447592961033,6.963189985870238,5.942799375126701,0.0366871307284195,95247.99,95439.92,95178.86,95366.53,53.32066
2025-01-08 21:50:00,0.8604899,0.06416308,0.07534704,6.755768921984255,8.282735880201754,6.825460036255307,0.0334806474804408,94470.74,94491.77,94463.07,94475.0,14.51876
2025-01-09 21:17:00,0.99991727,2.7633556e-05,5.5051354e-05,7.2078598714324755,9.488350824731231,7.176254532017144,0.0262772533125209,92207.38,92272.23,92184.0,92218.18,14.57298
2025-01-10 04:16:00,0.99993896,6.8993013e-06,5.4061467e-05,6.385194398997726,8.492080490601163,6.282266746896006,0.0511988013752627,93625.43,93649.5,93594.03,93594.04,4.52504
2025-01-13 21:02:00,0.9999708,2.9101056e-05,1.4029337e-07,8.185350223178686,10.05993559141207,7.343426229147367,0.0356757586581207,93848.99,93899.91,93754.31,93812.52,28.79494
2025-01-15 02:48:00,0.99977046,0.00018204906,4.754104e-05,7.8826922062890254,10.112369894498068,7.477604243197589,0.0475275539686498,96999.37,97022.36,96987.89,97022.35,8.40123
2025-01-15 21:26:00,0.99940217,2.3064142e-06,0.0005955805,7.098375638590786,9.183585634667365,6.349138991379798,0.0195387156765689,99653.0,99709.26,99653.0,99703.35,6.95959
2025-01-16 04:30:00,0.99767655,5.9571023e-05,0.0022639222,4.48863636973214,7.754481547470383,4.976733742420574,-0.154046846941257,99610.01,99610.01,99599.43,99599.43,4.78984
2025-01-16 11:45:00,0.9720258,0.005946097,0.022028081,6.021023349349527,7.990238185720363,4.962844630259907,0.0384922236211571,99076.1,99081.56,99040.86,99067.99,6.26676
2025-01-17 00:31:00,4.927037e-07,0.9999995,5.5489302e-08,8.041734711487537,10.230053743037876,8.176391596633795,0.0472343691297378,100208.77,100208.78,100164.06,100164.06,7.79081
2025-01-17 09:04:00,0.71588445,0.2836486,0.00046695748,5.337538079701318,7.791935956938058,4.700480365792417,0.0102919829388216,102121.63,102276.46,102121.63,102202.58,59.36923
2025-01-17 23:27:00,0.21751928,0.7820108,0.0004699272,7.087573705557973,9.040737587590003,5.225746673713202,0.0325709466850273,104525.3,104525.3,104497.24,104497.25,5.85626
2025-01-18 11:45:00,0.22848937,0.46638697,0.30512363,6.025865973825314,8.465057436995709,4.934473933130692,-0.036609056059963,103691.45,103834.72,103625.91,103800.0,80.42273
2025-01-19 04:53:00,0.9704451,0.029523717,3.128871e-05,6.882437470997847,8.880446450715093,6.118097198041348,0.0702151681333192,104986.39,104988.21,104924.03,104982.28,9.05087
2025-01-19 05:02:00,0.9999902,4.1757867e-06,5.5602836e-06,7.333676395657684,9.603597936976602,6.620073206530356,0.0389852063597826,104869.29,104876.21,104808.0,104820.0,13.44089
2025-01-19 05:39:00,0.9986029,8.385014e-07,0.0013962735,6.2766434893416445,8.836373930927389,5.749392985908253,-0.0274319354476354,104774.64,104800.0,104767.4,104769.87,4.61953
2025-01-20 06:33:00,0.7696719,0.22213031,0.008197784,4.394449154672439,6.320768294250582,3.044522437723423,-0.0184912039511795,102706.06,102751.49,102691.17,102744.61,13.79551
2025-01-20 07:34:00,0.8333482,0.16646773,0.00018404107,5.288267030694535,7.912423121473705,5.030437921392435,-0.0435576359602408,108500.01,108500.01,108245.08,108300.0,115.00213
2025-01-20 21:20:00,0.999889,1.1989201e-05,9.892243e-05,8.006367567650246,10.41658060374452,7.331714969726466,0.0027917070538482,103873.8,103916.35,103843.57,103893.18,10.34438
2025-01-20 22:50:00,0.60676885,0.00036488607,0.39286622,5.337538079701318,8.163371316459912,4.882801922586371,0.0457546854160113,103417.93,103510.29,103412.99,103455.78,18.65235
2025-01-21 01:44:00,0.99999917,7.2052266e-08,7.018534e-07,8.856803356728378,10.884179296093862,7.946971357693591,-0.0310547754529579,101213.02,101366.93,101199.57,101242.68,54.13449
2025-01-21 08:30:00,0.99988484,6.6711374e-07,0.00011438988,4.74493212836325,7.361375428977347,4.795790545596741,-0.0238603676686113,102237.66,102237.66,102111.11,102197.29,13.33645
2025-01-21 17:21:00,0.99957174,0.00027471382,0.0001535949,6.0867747269123065,8.157943507105037,5.53338948872752,0.0045662255830063,105535.8,105573.98,105496.52,105525.01,19.8948
2025-01-21 21:02:00,0.99997175,2.807266e-05,1.8424726e-07,8.427049641563272,10.377825524930667,7.443663683115591,0.0434583564434458,106362.3,106362.3,106228.94,106269.48,16.93105
2025-01-22 01:37:00,0.97475487,0.00027909927,0.024965946,5.247024072160486,7.738052297689316,5.4510384535657,-0.00910135735643,105664.35,105664.35,105528.33,105545.81,18.52657
2025-01-22 08:21:00,0.9999523,6.7197215e-07,4.6929523e-05,5.313205979041787,7.317876198626496,5.087596335232384,0.0097623325111112,104976.82,104976.82,104839.84,104960.61,35.41438
2025-01-22 10:13:00,0.99995315,3.7073427e-05,9.799535e-06,6.508769136971682,9.181735114965848,5.645446897643238,-0.0455594613002984,104780.0,104801.76,104776.42,104801.76,4.9023
2025-01-23 00:06:00,0.9999877,1.4961424e-06,1.0746584e-05,6.717804695023691,8.532081803909987,5.53338948872752,-0.0019858658466838,103729.44,103735.88,103650.01,103677.22,19.68517
2025-01-23 00:58:00,0.99973124,0.0001251589,0.00014359216,7.831617276352611,9.673696958500123,6.47543271670409,-0.0562823954191844,103352.71,103368.03,103328.27,103328.27,3.07431
2025-01-23 07:14:00,0.99983835,2.0440912e-05,0.00014127679,8.208219383496834,10.289396003095074,7.158513997329321,0.0278545555048124,102387.12,102404.68,102387.11,102390.1,3.59486
2025-01-23 19:20:00,0.99973875,0.00025845747,2.7009912e-06,5.247024072160486,7.418780882750794,4.867534450455582,0.1128880999500409,104537.26,104598.66,104448.27,104597.32,37.54347
2025-01-23 23:44:00,0.9993761,0.00060494035,1.891332e-05,9.137124309644925,10.804563118603802,8.383890344101816,0.0492799253854896,104124.69,104137.83,104122.38,104134.71,6.15792
2025-01-23 23:55:00,0.9999621,2.6714433e-05,1.1188736e-05,9.096163326913784,10.738763437696006,7.663407664893479,0.0316573473812508,104043.04,104043.05,104020.0,104021.45,5.07647
2025-01-23 23:58:00,0.9120365,0.08766329,0.00030020534,6.539585955617669,8.613956859848546,5.393627546352362,0.012583193272342,104047.59,104047.6,103900.52,103937.88,34.65664
2025-01-24 04:08:00,0.9988617,0.000120840705,0.0010174953,6.230481447578482,8.273846932784508,5.318119993844216,0.0201508839763229,103907.69,103940.0,103896.0,103896.0,3.12457
2025-01-24 04:15:00,0.9999999,5.420629e-08,1.3268738e-07,5.973809611869261,7.967626739333816,4.820281565605037,0.0133200273617793,104002.28,104037.69,103990.02,103990.02,2.31665
2025-01-24 04:48:00,0.99972147,2.6561518e-05,0.00025193128,8.044626279767337,9.705707120679628,6.740519359606223,-0.0743995156154368,104503.2,104620.0,104503.2,104558.33,33.61936
2025-01-24 05:15:00,0.99838114,1.1147664e-05,0.0016077259,5.730099782973574,8.203851372183879,5.402677381872279,-0.0897462739073523,104861.72,104907.1,104800.0,104887.49,28.07172
2025-01-24 05:22:00,0.9984308,5.405782e-05,0.0015151163,7.992944547318106,9.96232233825702,7.272398392570047,-0.0391807498389743,104889.11,104889.11,104752.43,104752.43,6.50091
2025-01-24 06:13:00,0.95593154,0.044045687,2.2762208e-05,5.713732805509369,8.222553638396958,5.267858159063328,-0.0361020803575735,105029.99,105030.0,104982.7,104982.7,5.33375
2025-01-24 07:06:00,0.9956274,0.0040047383,0.00036782832,8.798756582859841,10.51211116802542,7.354362330421477,0.0176955695540788,105104.49,105131.75,105036.0,105036.0,19.68273
2025-01-24 07:15:00,0.9999479,1.2798977e-05,3.928884e-05,5.541263545158426,7.754481547470383,4.969813299576001,-0.0199668627967172,104812.41,104832.0,104750.0,104753.99,13.63935
2025-01-24 15:34:00,0.999627,3.7363782e-06,0.00036926582,5.068904202220232,7.733245646529795,5.365976015021851,-0.0363149596640183,105690.01,105858.66,105690.01,105804.69,20.0002
2025-01-24 16:22:00,0.9670746,0.03271045,0.00021499522,5.501258210544727,8.174421152646497,4.804021044733257,0.0344779724510665,105998.0,106055.66,105924.0,106055.65,19.35438
2025-01-24 19:11:00,0.9996742,8.512657e-06,0.00031730457,5.3471075307174685,8.37793112408273,6.617402977974478,-0.0226630625732521,105969.99,106062.63,105969.99,106017.52,22.56394
2025-01-24 21:29:00,0.99909055,0.0007403635,0.00016916255,5.351858133476067,7.73718007783463,4.90527477843843,-0.0208987851333333,105251.64,105298.34,105251.64,105289.33,8.88625
2025-01-24 21:45:00,0.9998147,2.8916e-06,0.0001824715,5.056245805348308,8.137103389639302,5.968707559985366,-0.0294195739309409,105146.56,105151.29,105106.0,105109.53,5.0608
2025-01-24 23:14:00,0.9999877,3.6962952e-06,8.618686e-06,5.91350300563827,8.06777619577889,5.44673737166631,-0.0343966488768769,104521.71,104572.29,104520.84,104572.28,12.03504
2025-01-24 23:51:00,0.9980719,0.00019500135,0.0017330918,7.52131798019924,9.653871680890804,7.089243155027514,-0.0037344570299114,104761.72,104761.73,104680.0,104680.01,10.58829
2025-01-25 01:55:00,0.93457305,0.000118591044,0.06530838,6.530877627725885,8.495560891289124,6.371611847231857,-0.038407797229976,104697.65,104744.63,104686.0,104744.62,8.64854
2025-01-25 02:22:00,0.9999927,2.986356e-07,6.877874e-06,5.786897381366708,7.840312983320164,5.099866427824199,0.0060498118769767,104777.37,104777.38,104743.6,104743.6,1.68922
2025-01-26 00:25:00,0.008792314,0.97940844,0.01179917,5.978885764901122,8.084254106307318,4.820281565605037,-0.0244984696118741,104700.36,104707.99,104700.36,104707.98,4.25287
2025-01-26 09:08:00,0.99999094,3.3093426e-07,8.747327e-06,6.329720905522696,8.757311846936409,8.39840965542627,-0.0084099666669374,104911.99,104933.63,104911.99,104928.38,4.45887
2025-01-27 20:03:00,0.9999677,3.2210755e-05,1.0875542e-07,8.341410211461865,10.259307130753884,7.601901959875166,-0.0306255883395306,99892.85,99910.66,99829.22,99896.0,18.96395
2025-01-27 20:33:00,0.12052343,0.8788735,0.0006030733,5.293304824724492,8.249575150000199,5.187385805840755,0.0070496931224178,100440.01,100545.46,100432.0,100545.45,16.39171
2025-01-28 08:55:00,0.9580736,0.00079787243,0.041128535,6.336825731146441,8.259716961021523,6.732210706467206,-0.0297038210042534,102765.58,102765.58,102734.58,102742.31,1.84685
2025-01-30 03:38:00,0.9999577,1.1994324e-05,3.0301873e-05,7.060476365999801,9.04793908261736,5.780743515792329,-0.0526085788428939,104867.99,104889.99,104835.4,104851.97,14.81262
2025-01-30 06:38:00,0.9998566,0.00013279413,1.0657804e-05,6.805722553416985,8.696175846944678,5.87493073085203,0.0166409789017197,105240.0,105240.01,105163.44,105198.72,20.90235
2025-01-30 09:23:00,0.9963111,0.003586735,0.000102102,5.983936280687191,8.14757773620177,5.424950017481403,-0.1069275052168818,105209.44,105253.84,105209.44,105253.83,8.69881
2025-01-30 09:54:00,0.9796846,0.02012912,0.00018623068,6.444131256700441,8.403800504061147,5.225746673713202,-0.002836097833095,105469.98,105470.0,105441.3,105469.99,3.98962
2025-01-30 19:34:00,0.9999924,1.0219319e-06,6.5123227e-06,6.349138991379798,8.214194414852564,5.945420608606575,0.0180012572062332,105403.2,105436.0,105356.47,105368.07,9.97118
2025-01-30 23:59:00,0.0014599959,0.99551916,0.003020863,5.746203190540153,8.220672170297252,6.38856140554563,-0.038123937005093,104722.95,104722.95,104722.94,104722.94,4.47027
2025-01-31 00:03:00,0.55569017,0.00010272408,0.44420704,7.835974581721566,10.059850070159987,7.591861714889934,0.0336765610885977,104806.27,104823.8,104800.0,104823.79,4.8347
2025-01-31 21:01:00,0.9997999,1.25676615e-05,0.00018755082,6.206575926724928,8.675051276031818,6.19644412779452,-0.0059363816951975,101647.99,101723.75,101647.99,101707.44,10.1514
2025-02-01 16:07:00,0.9999989,6.0214455e-07,4.77509e-07,6.88653164253051,8.959954084268098,5.3612921657094255,0.0314312545003972,102157.31,102209.98,102157.3,102172.11,9.48253
2025-02-02 05:56:00,0.99982893,4.1874563e-07,0.00017054047,7.20934025660291,9.312355297382911,6.542471960506805,-0.0275551186583009,100315.91,100336.0,100300.0,100303.02,6.98884
2025-02-02 16:12:00,0.97794753,6.1971846e-06,0.022046244,5.43372200355424,8.051659556841953,5.905361848054571,-0.0013845396597839,99036.89,99085.42,99036.89,99076.46,7.7306
2025-02-02 19:08:00,0.98007834,0.01302586,0.0068958467,7.87359778968554,10.058908853353955,8.261268150577648,0.0135039592012151,97336.0,97436.0,97313.27,97350.01,33.28839
2025-02-02 21:36:00,0.9707968,1.3339935e-05,0.029189818,8.733916174927524,10.965660589531335,8.412277021466677,-0.0454391018268221,97197.58,97222.0,97075.03,97184.33,14.56268
2025-02-03 10:22:00,0.9848948,0.00036520362,0.014739928,6.021023349349527,9.024492605405667,6.084499413075172,-0.0576228793590815,94971.78,95067.4,94956.26,94996.32,16.85134
2025-02-03 21:04:00,0.9999988,1.7706847e-07,1.1152216e-06,7.4999765409521215,9.758403975346978,7.078341579557671,0.0297896918702829,101148.84,101199.2,101095.89,101131.76,12.57188
2025-02-04 00:33:00,0.0035173695,0.9962655,0.00021721414,4.983606621708336,8.338305731356565,6.318968113746434,0.1940244322711485,101380.66,101477.79,101380.65,101453.99,22.43712
2025-02-04 02:57:00,0.9998246,7.25548e-06,0.00016821727,5.484796933490655,8.50086053679534,5.455321115357702,-0.0614625979078168,100995.77,100995.77,100825.0,100825.0,24.83848
2025-02-04 20:13:00,0.99975985,5.954165e-06,0.00023421728,6.329720905522696,8.636574948436317,5.771441123130016,0.0021031540024782,98376.01,98625.5,98323.07,98555.71,95.09313
2025-02-05 11:48:00,0.9999027,3.9723525e-07,9.687489e-05,5.811140992976701,8.610319169405722,5.749392985908253,-0.0244889111908436,98090.85,98199.4,98090.84,98199.4,6.09187
2025-02-05 12:37:00,0.413198,0.5647325,0.02206947,7.202661196523238,9.396902923027392,7.58629630715272,0.0253483269247823,98477.99,98487.18,98435.84,98473.42,21.79989
2025-02-05 15:51:00,3.6241395e-06,0.99998796,8.470748e-06,6.709304340258298,8.524367395164237,5.883322388488279,-0.0034376176661661,98040.62,98088.0,97963.82,98029.38,19.52454
2025-02-05 21:34:00,0.9953863,0.004579744,3.3913337e-05,7.353722330399631,9.27771860730613,5.899897353582492,-0.0455696687659502,97438.33,97438.34,97385.93,97414.24,15.47157
2025-02-07 01:55:00,0.99871576,0.00020297794,0.0010813269,5.713732805509369,8.305731144875866,5.783825182329737,0.0009262799097916,97745.94,97781.35,97576.06,97611.6,49.72657
2025-02-08 23:14:00,0.99873906,2.1740267e-05,0.0012391444,5.659482215759621,8.178077463849608,4.948759890378168,-0.0159318115970179,96538.18,96540.39,96538.17,96540.39,0.92442
2025-02-09 03:38:00,0.9999547,1.9410385e-05,2.585879e-05,7.189922170745808,9.661161181805143,6.954638864880987,0.0298021359425683,96984.0,97007.12,96949.99,97007.12,65.63918
2025-02-09 09:07:00,0.99983764,1.9439642e-05,0.00014288831,4.919980925828125,7.9391588179567965,4.90527477843843,0.031170873084733,96969.23,96969.23,96919.27,96939.52,13.90572
2025-02-09 21:28:00,0.00068517023,0.9993051,9.628179e-06,5.924255797414532,8.435549202375727,4.77912349311153,0.0386238335207786,95973.1,95989.26,95973.09,95989.26,2.02961
2025-02-10 03:06:00,0.9998907,0.00010024876,9.006381e-06,6.841615476477592,8.818926087090677,5.7745515455444085,0.0351473328066465,96030.01,96044.0,95943.01,95945.15,29.65074
2025-02-10 06:20:00,0.9998084,1.2332339e-07,0.00019149171,4.624972813284271,7.914983005848394,4.624972813284271,0.1031647325707976,96979.99,97017.67,96979.99,96992.01,9.7728
2025-02-10 20:48:00,0.99991536,8.4467196e-05,9.485356e-08,8.11969625295725,10.083848855954896,7.240649694255466,0.0582361547493484,97435.72,97483.91,97435.71,97483.9,9.53114
2025-02-12 23:10:00,9.298084e-08,0.9999999,3.9463623e-09,5.043425116919247,7.554858521040676,4.430816798843313,0.0028137354136735,97976.86,97980.5,97958.35,97965.5,23.51479
2025-02-13 01:04:00,0.9993262,1.8444309e-05,0.00065527443,4.882801922586371,7.05617528410041,3.332204510175204,0.0667860317468344,97771.6,97778.24,97771.59,97771.59,2.42038
2025-02-13 01:18:00,0.9998497,0.00012942124,2.0883566e-05,5.783825182329737,8.095293776844649,4.897839799950911,0.1472513506275884,97750.04,97773.57,97750.03,97765.9,4.38112
2025-02-14 21:46:00,3.9777495e-07,0.99999964,1.0734896e-08,7.886832998955056,10.02619179251158,6.982862751468942,-0.0027135565036482,97355.57,97369.6,97342.78,97369.59,2.16225
2025-02-15 00:58:00,0.98529565,1.6707785e-05,0.014687654,6.431331081933479,8.746716349694486,5.472270673671475,-0.0532148537461141,97475.08,97475.09,97447.76,97447.77,1.32933
2025-02-15 01:09:00,0.46916863,9.530498e-06,0.5308218,6.317164686747284,8.763271714012943,5.6240175061873385,-0.0407969807385752,97640.37,97660.38,97640.36,97660.38,2.62496
2025-02-15 19:13:00,0.9945469,0.00044360632,0.005009461,6.406879986069314,9.264828557260252,8.015987811027237,-0.0634157512432396,97604.72,97604.73,97592.62,97592.63,1.69385
2025-02-16 03:23:00,0.99551827,0.004264189,0.00021751021,7.275864600546533,9.725914702764378,7.880048200971577,-0.0272065734754808,97460.08,97469.58,97460.08,97469.58,2.76789
2025-02-17 18:10:00,0.99740547,0.0025298053,6.464746e-05,5.771441123130016,8.763428073953845,7.266827347520591,-0.0058336621437338,95476.29,95481.52,95381.11,95408.89,9.50575
2025-02-17 22:17:00,0.99995697,9.932429e-07,4.2043524e-05,8.722417141427496,10.13974474299572,7.761744984658913,-0.0081943676737117,96146.43,96146.44,96124.42,96125.95,11.98401
2025-02-18 04:52:00,0.98834175,0.00024014903,0.011418148,6.493753839851686,9.098067129493398,6.492239835020471,-0.0245607005594476,96100.45,96100.45,96060.16,96060.17,2.78189
2025-02-18 21:11:00,0.9999988,1.7369035e-07,1.0419047e-06,7.105786129481271,9.360999248261296,6.784457062637643,0.0345285895299729,95023.98,95023.99,94864.67,94982.22,32.57842
2025-02-19 20:48:00,0.9971495,0.002637425,0.00021302667,6.98933526597456,9.25903529351494,6.952728644624869,0.0672967806635745,96288.7,96326.06,96288.7,96304.87,8.31694
2025-02-20 00:51:00,0.9999716,1.3938244e-06,2.6894855e-05,6.400257445308821,8.167068178341237,7.654443226470112,-0.0434015793865193,96675.97,96830.19,96675.97,96830.19,21.35914
2025-02-20 07:00:00,0.9999937,1.1518002e-06,5.1030534e-06,5.19295685089021,8.098034756176071,5.170483995038151,0.0148356211061256,96908.0,96908.0,96886.93,96907.98,5.88734
2025-02-20 13:18:00,0.99996614,4.5328608e-07,3.340898e-05,6.29156913955832,8.57922858233569,5.83773044716594,-0.0085388137166924,97399.99,97400.0,97356.84,97356.84,6.63836
2025-02-21 01:32:00,6.8764587e-07,0.99999917,9.0741e-08,6.194405391104672,7.977625098784593,4.418840607796598,-0.018890499465085,98131.94,98147.21,98113.2,98126.05,7.43432
2025-02-21 01:59:00,0.9999944,6.7618737e-07,4.896548e-06,7.175489713624222,8.884610231886873,6.3818160174060985,0.0347050176444584,98321.19,98321.2,98311.99,98312.0,3.86305
2025-02-21 07:50:00,0.046121996,0.9538271,5.092693e-05,5.220355825078324,7.985824666418917,5.459585514144159,-0.0384943669556942,98264.09,98264.1,98230.81,98230.82,8.31675
2025-02-23 03:56:00,0.9999844,1.6468268e-06,1.4006254e-05,7.753194269884341,9.77905747415795,8.042056410058754,-0.025558269705282,96454.08,96454.09,96430.14,96430.15,8.51317
2025-02-24 21:04:00,0.9999707,2.9213808e-05,8.8753694e-08,8.42726848388825,10.13737320038224,7.649216319820633,-0.0461941743181482,93944.9,93952.18,93900.0,93900.01,17.76189
2025-02-24 23:00:00,0.99818003,3.7132093e-05,0.0017829007,4.852030263919617,7.7279755421055585,5.2574953720277815,0.0212116036124114,92432.07,92471.06,92275.03,92359.69,78.27647
2025-02-25 00:49:00,0.999998,1.4944872e-07,1.9622767e-06,6.742880635791903,8.958154135209242,6.456769655572163,0.0483222054122433,91903.99,91922.21,91789.32,91907.54,48.83958
2025-02-25 22:57:00,0.99994934,4.828112e-05,2.3421876e-06,5.966146739123692,7.594381242551817,4.5217885770490405,0.0204441720062663,88835.63,88890.35,88835.63,88880.01,17.34978
2025-02-26 01:03:00,0.9993913,3.948564e-07,0.0006083714,7.99260665240021,9.769384568012647,7.807510042216193,0.0413589046948529,88226.42,88233.99,88188.67,88205.99,6.97466
2025-02-26 01:14:00,0.71515965,0.26765487,0.017185552,9.826120428959683,11.569542065389124,8.83579236650274,-0.0302332039700722,88344.6,88344.6,88327.99,88332.01,10.46975
2025-02-26 01:36:00,0.00070452684,0.9992879,7.5893113e-06,6.12029741895095,8.797548488481558,6.42648845745769,-0.0223314707803581,88473.55,88514.28,88419.28,88441.98,22.31833
2025-02-26 07:57:00,0.14797062,0.8519608,6.855614e-05,5.641907070938114,7.852827812281744,5.017279836814924,0.0186692504487771,88720.0,88749.73,88720.0,88749.73,8.11615
2025-02-26 16:03:00,0.95744115,0.00023367406,0.042325277,8.808668062106715,10.722936932960728,8.713417653379183,-0.0163032781578617,87652.84,87652.86,87520.97,87520.97,32.60175
2025-02-27 02:10:00,0.9999231,2.0512402e-05,5.6341392e-05,4.890349128221754,7.005789019253503,4.820281565605037,0.0664805856166693,84653.41,84706.4,84641.5,84703.46,9.1147
2025-02-27 04:17:00,0.99999785,7.794722e-07,1.2881312e-06,7.48324441607385,9.50353223760156,6.96979066990159,-0.0254138995408443,85054.53,85054.53,84892.42,84899.02,26.26226
2025-02-27 09:00:00,0.998095,3.1455816e-05,0.0018735646,5.043425116919247,7.432483807917119,5.159055299214529,0.0211378841054091,86078.47,86099.97,86072.98,86099.97,11.67904
2025-02-27 23:28:00,0.99959666,0.00040267417,6.9200877e-07,7.1592919047975645,9.185432736269998,6.306275286948016,0.0199769989083373,84616.19,84653.37,84590.0,84630.26,5.43277
2025-02-28 05:50:00,0.9999913,8.3953155e-06,3.7344103e-07,6.586171654854675,9.217514575724184,6.659293919683638,0.0122988838200164,79702.42,79780.0,79523.08,79540.0,53.03524
2025-02-28 09:36:00,0.85435754,0.016505884,0.12913652,5.472270673671475,8.442685139241176,5.834810737062605,-0.0703806713623874,80648.01,80707.19,80594.33,80650.02,57.69153
2025-02-28 12:11:00,0.99968934,1.0384099e-05,0.00030036832,8.865452825753623,10.937223485229126,8.923591197573002,-0.0444472092426142,80351.53,80500.0,80351.52,80488.63,25.6036
2025-03-01 18:41:00,0.9999933,9.494626e-07,5.731407e-06,6.765038976780541,8.787067645218054,6.113682179832232,-0.080092331246646,85218.0,85254.72,85217.99,85218.01,11.64585
2025-03-02 03:50:00,0.99995875,1.4030499e-06,3.9761915e-05,7.552237287560802,9.884049858643651,7.361375428977347,-0.0046711063097562,86138.0,86138.0,86074.26,86078.99,10.49289
2025-03-02 08:22:00,0.9999733,1.335264e-06,2.5433123e-05,5.41164605185504,8.112227958349724,5.241747015059643,-0.0980102348814652,85817.52,85853.23,85810.92,85852.0,7.46675
2025-03-02 23:39:00,0.99245024,0.004714347,0.0028353655,5.940171252720432,8.393442383980062,5.552959584921617,0.0234590947506256,94272.16,94400.0,94261.92,94400.0,20.80885
2025-03-03 00:19:00,0.9999498,2.8605766e-05,2.1532103e-05,5.66988092298052,8.443331342817782,6.395261598115449,-0.0042598485139063,93785.97,93815.99,93691.41,93757.98,16.10736
2025-03-03 00:41:00,0.9569221,0.043072533,5.3622252e-06,8.938269147038548,10.86507664503757,8.07215530818825,-0.0103814663901427,93639.99,93751.99,93634.11,93729.99,38.6047
2025-03-03 01:08:00,0.9973168,0.0024308937,0.00025231234,5.37989735354046,8.322880021769905,5.805134968916488,0.0256052078148158,93153.12,93240.0,93153.11,93224.21,18.08972
2025-03-03 01:27:00,0.9991208,8.717856e-06,0.00087056763,5.950642552587727,8.518991573357617,5.342334251964811,0.0047165591802792,93009.99,93066.66,92914.0,92919.23,18.10154
2025-03-03 04:56:00,0.9992817,1.0290528e-05,0.00070809823,3.951243718581428,8.10711747075039,4.219507705176107,-0.0202559687872348,92735.38,92807.63,92730.63,92807.63,6.1762
2025-03-03 12:04:00,0.9992305,1.18995895e-05,0.00075759756,5.545177444479562,8.511175119090675,5.438079308923196,-0.0085693178420517,93237.46,93241.12,93119.97,93200.01,60.8724
2025-03-03 21:04:00,0.99999785,2.1021185e-07,1.923827e-06,7.0707241072602764,9.397649470281175,6.9930151229329605,-0.0733595526018482,86148.0,86175.99,86038.52,86122.01,21.77049
2025-03-03 21:12:00,0.99999,1.9820003e-07,9.832737e-06,5.472270673671475,8.236420527265391,6.777646593635117,-0.0494983076704969,86194.01,86248.0,86144.39,86207.55,16.69695
2025-03-04 00:19:00,0.9955664,0.0024149572,0.002018698,5.497168225293202,8.591186871324563,6.18826412308259,-0.0179715828043705,86393.98,86562.0,86393.97,86561.35,10.99994
2025-03-04 06:23:00,4.3099962e-07,0.9999993,2.468319e-07,5.8522024797744745,8.3133619511344,6.843749949006225,-0.0293721781102955,84015.05,84118.67,84015.05,84108.0,12.1325
2025-03-04 08:33:00,0.99998593,1.0647498e-07,1.394192e-05,5.652489180268651,8.024207485778577,5.003946305945459,-0.0062094913636888,83858.38,83899.99,83750.32,83757.65,27.33991
2025-03-05 04:45:00,0.99913317,2.9508317e-06,0.0008638225,6.48768401848461,9.258368340986763,5.468060141135132,0.0197305107083423,87000.0,87017.59,86943.39,86957.99,10.89061
2025-03-05 05:49:00,0.995329,0.0045964657,7.450085e-05,6.418364935936212,8.16223106548118,7.047517221357296,0.0337850050754606,87094.34,87120.0,87074.16,87120.0,3.72277
2025-03-05 10:52:00,0.99994934,1.5222348e-05,3.539883e-05,6.075346031088684,8.29853954537488,4.356708826689592,0.021009585078824,89763.26,89763.86,89596.34,89640.61,48.17948
2025-03-05 19:38:00,0.99699914,0.0020082826,0.0009926098,6.133398042996649,8.751632702472298,6.411818267709897,-0.0182051597826617,89526.01,89641.51,89472.26,89614.01,12.36056
2025-03-05 21:13:00,0.99998355,1.0559588e-05,5.7899747e-06,7.260522598089852,9.397317740306333,6.4692503167957724,-0.0189359641347318,90421.29,90448.06,90307.69,90307.69,6.74872
2025-03-06 05:20:00,0.99956185,4.1473515e-05,0.00039664967,3.091042453358316,4.51085950651685,1.9459101490553128,-0.0473704882495284,92382.77,92409.05,92305.22,92409.05,18.77096
2025-03-06 05:25:00,5.671768e-07,0.9999994,1.8184481e-08,8.035602692918582,9.91081067291591,7.1308988302963465,0.0374852032100707,92310.56,92377.06,92278.5,92377.05,11.92313
2025-03-06 19:10:00,0.99578047,0.004068524,0.00015102445,6.863803391452954,8.561784074744113,5.4510384535657,0.0206445611149405,88160.34,88333.97,88144.01,88329.2,18.47969
2025-03-07 00:49:00,0.9999443,5.276597e-05,2.839476e-06,5.484796933490655,7.3914152346753585,4.812184355372417,0.0077672729580463,85535.99,85661.98,85342.85,85524.28,145.65224
2025-03-07 00:54:00,0.004451467,0.995544,4.5617826e-06,7.199678345691172,9.329988334242078,6.900730664045173,0.0416998094684999,85386.45,85407.98,84996.0,85117.36,379.3373
2025-03-07 05:12:00,0.999527,0.000438081,3.4888362e-05,7.5652752818989315,9.720645860495283,6.530877627725885,0.0571996970398761,87900.47,87902.22,87828.43,87828.43,5.34429
2025-03-07 08:21:00,0.9970874,0.0023304347,0.0005822252,6.434546518787453,8.955706153570603,6.263398262591624,-0.0424111719297406,88056.71,88056.72,88018.25,88020.93,4.70939
2025-03-07 09:20:00,0.999549,7.2268034e-05,0.0003786235,5.755742213586912,8.052296499538647,5.572154032177765,0.0127551381881178,88530.33,88583.44,88516.03,88583.44,5.74226
2025-03-07 10:09:00,0.9944983,0.005478561,2.3105393e-05,8.80792062205398,10.968422402344435,8.029432840581244,-0.0359040042889689,88941.33,88977.95,88930.86,88933.0,6.57479
2025-03-07 10:23:00,0.9999616,1.5262089e-05,2.3106288e-05,6.915723448631314,9.296518068217235,6.432940092739179,0.0664225043207999,89023.54,89101.48,89023.53,89079.44,5.9165
2025-03-07 11:19:00,9.018065e-08,0.9999999,8.420006e-09,8.583542571957771,10.384647468346362,7.358830898342354,0.0753740612944379,89318.71,89318.72,89257.3,89281.81,4.36067
2025-03-07 13:27:00,0.99948335,0.0004756761,4.0928444e-05,5.1298987149230735,8.106212902619962,6.413458957167357,-0.0508727225092718,89309.92,89332.15,89257.85,89259.83,17.99228
2025-03-07 15:42:00,0.0014562871,0.9984743,6.9400274e-05,7.316548177182976,9.363233118079323,7.589841512182657,0.0179937263253319,88321.67,88594.8,88321.67,88483.99,74.90396
2025-03-07 20:02:00,0.99906594,0.000173906,0.00076021627,6.1092475827643655,8.60611940061064,5.814130531825066,0.0144177732586382,87947.2,88083.33,87900.0,87934.0,21.42906
2025-03-07 20:21:00,0.99979097,7.801925e-06,0.0002012974,6.028278520230698,8.36822903827628,5.3981627015177525,0.0254327067741372,87713.14,87785.03,87668.01,87777.92,11.21013
2025-03-07 21:40:00,0.99994814,2.9232631e-05,2.2697046e-05,6.618738983517219,8.645762292210945,5.099866427824199,-0.0632545893858039,86513.79,86574.04,86466.79,86574.04,12.97923
2025-03-07 21:50:00,0.99998224,1.28976135e-05,4.88317e-06,6.075346031088684,8.594339400592892,6.163314804034641,-0.0365971644520822,86442.64,86456.24,86415.87,86432.55,8.22444
2025-03-07 22:00:00,0.99925166,6.3035346e-05,0.00068530935,6.637258031284457,8.514589805546123,5.3471075307174685,0.0084412211383393,86314.64,86420.49,86257.36,86411.85,22.84675
2025-03-07 22:02:00,0.99996126,2.646556e-06,3.6138634e-05,8.08825472712243,10.092122471386675,7.163946684342547,-0.0215935915523061,86382.18,86418.84,86269.7,86269.71,28.29627
2025-03-07 23:15:00,4.3209448e-07,0.9999995,5.473175e-08,7.577633832602728,9.349580439067688,8.871224644409553,0.0304355811739366,86017.16,86189.03,86017.16,86153.9,27.39188
2025-03-07 23:25:00,0.9999759,1.184728e-06,2.289678e-05,6.484635235635252,8.711772645605693,7.424761761823209,-0.0142216099824937,86360.67,86379.99,86268.72,86272.5,24.61408
2025-03-08 08:03:00,3.927809e-05,0.9999603,3.922699e-07,9.164610520270008,10.84657599679566,8.427924723658055,0.0862382295691593,86228.43,86277.31,86228.43,86277.31,3.6235
2025-03-08 11:04:00,0.9999441,1.7749811e-06,5.409893e-05,6.111467339502679,8.54714026778419,5.6937321388027,0.02019642425471,86023.77,86027.99,85988.3,86027.98,11.17177
2025-03-08 14:00:00,0.9956328,6.367699e-05,0.0043034474,5.808142489980444,8.494333897270154,6.47543271670409,0.0353709784472259,86327.96,86360.29,86324.12,86360.29,13.05249
2025-03-08 23:03:00,0.9995652,2.5144282e-06,0.00043226965,6.018593214496234,8.945723572455398,6.853299093186078,-0.0168444732878951,86367.33,86396.66,86351.86,86351.87,6.17024
2025-03-09 03:50:00,0.9989311,0.0010502562,1.8596742e-05,5.572154032177765,8.26796230533871,6.054439346269371,-0.0022996851540347,86200.0,86203.54,86170.0,86170.0,1.74372
2025-03-10 09:49:00,0.96889806,0.025298908,0.0058030547,5.940171252720432,8.245121966478605,5.407171771460119,-0.0251305488166261,82871.13,82913.47,82771.1,82835.03,21.53716
2025-03-10 20:05:00,0.9994917,0.00035863198,0.00014968072,5.135798437050262,7.860185057472165,5.60947179518496,-0.0729462164617806,79022.76,79059.99,78934.5,78935.46,26.9921
2025-03-10 23:05:00,2.3337097e-06,1.963474e-06,0.9999957,5.1298987149230735,7.834392302910435,4.584967478670572,0.0219500402866802,79605.95,79614.19,79465.9,79468.63,19.97348
2025-03-11 13:46:00,0.9999945,4.5245977e-07,4.9687746e-06,6.3784261836515865,8.48920515487607,6.214608098422191,0.0142049375053461,80971.87,81051.98,80872.04,80981.99,68.69673
2025-03-11 19:41:00,0.99999404,5.228038e-06,6.7691946e-07,7.572502985020384,9.585689856179725,7.027314514039777,-0.022157239763955,83298.36,83298.37,83202.05,83229.84,18.83664
2025-03-11 23:02:00,0.9680033,0.02544193,0.0065547773,5.872117789475416,8.368693183097793,6.186208623900494,0.1005107014450556,83046.25,83058.38,82940.04,82953.98,13.06634
2025-03-13 07:26:00,0.0032541913,0.99671364,3.220474e-05,7.830425617820331,9.554568170613155,6.71174039505618,0.0208741928963749,83429.73,83490.57,83413.25,83480.14,3.99046
2025-03-14 20:22:00,0.9995352,0.0004521629,1.259447e-05,6.590301048196686,8.666991556504632,6.206575926724928,0.0205194899294461,83834.93,83834.94,83717.69,83783.0,33.75062
2025-03-15 01:44:00,0.9997948,1.5930169e-05,0.00018932247,1.9459101490553128,3.091042453358316,1.3862943611198906,0.0,84135.77,84154.37,84129.76,84154.36,7.13557
2025-03-15 01:55:00,0.99999475,3.7117402e-06,1.6071245e-06,6.88653164253051,8.663887570567042,6.19644412779452,0.0968481403177994,84309.06,84318.0,84309.06,84316.01,2.37287
2025-03-15 23:58:00,0.9999988,2.6597188e-08,1.2040299e-06,6.26530121273771,8.514389264083503,5.62040086571715,0.0257675602770317,84326.36,84338.44,84319.23,84338.44,3.6929
2025-03-16 00:04:00,1.1667644e-06,0.9999987,1.2264647e-07,7.463363045520021,9.456262510179732,7.10085190894405,0.0471090598315689,84355.34,84364.48,84346.0,84353.67,3.48193
2025-03-16 16:19:00,7.7649005e-08,0.9999999,5.035282e-09,6.20455776256869,8.356789669923213,5.749392985908253,0.0182116203533952,84409.28,84507.26,84250.0,84287.14,43.77555
2025-03-16 22:09:00,0.99999547,8.903257e-07,3.7458915e-06,7.535830462798367,9.533148246403336,7.167809184316444,-0.0145760337127323,82477.58,82493.77,82220.0,82404.05,88.87906
2025-03-17 00:54:00,0.977993,0.021982692,2.4243061e-05,7.593877844605118,9.400547423044127,6.6052979209482015,0.0584740371367692,83079.0,83151.89,83053.37,83053.37,13.60362
2025-03-17 19:58:00,0.7517438,0.24224892,0.0060073123,5.351858133476067,8.190077049719049,5.902633333401366,-0.0384724409931099,84490.02,84519.99,84460.91,84472.54,15.19478
2025-03-17 20:07:00,0.99997866,2.1182785e-05,1.358811e-07,7.8407064517494,9.934695479660322,7.227662498728654,-0.0239633708145791,84257.83,84281.75,84257.82,84262.6,4.98962
2025-03-18 01:34:00,0.41530576,0.00087161287,0.5838226,5.966146739123692,7.785720896534624,4.912654885736052,-0.0428379912014502,83091.38,83131.13,83091.38,83128.48,8.12375
2025-03-18 02:18:00,0.0021578071,0.0015008528,0.9963413,6.0330862217988015,8.207129168071326,6.3080984415095305,-0.0660505610755085,83359.03,83379.96,83358.5,83379.96,2.93126
2025-03-19 01:15:00,0.99992096,2.5581241e-05,5.341574e-05,6.83087423464618,8.639587799629844,5.755742213586912,-0.0210306404917311,82869.51,82934.99,82869.5,82934.98,7.82404
2025-03-19 07:51:00,0.99953294,5.8865397e-05,0.00040820372,6.859614903654202,8.897135342293316,6.008813185442595,-0.0195892130023473,83230.33,83255.17,83230.33,83246.11,10.20693
2025-03-20 00:30:00,0.99995446,2.2070884e-05,2.3460594e-05,6.240275845170769,8.201385955238608,5.351858133476067,0.0186391108066555,86777.29,86819.67,86656.25,86657.04,23.45672
2025-03-20 01:43:00,2.3158923e-06,0.99990666,9.103827e-05,6.892641641172089,8.776784383701493,5.7430031878094825,-0.0152935278067704,85874.34,85908.17,85847.23,85872.98,15.34353
2025-03-20 04:31:00,0.9999205,3.7756956e-05,4.1706262e-05,6.645090969505644,8.637284671674058,5.948034989180646,0.0746476047450042,85739.68,85750.01,85712.64,85712.64,4.53949
2025-03-20 08:55:00,0.00022583007,1.706208e-06,0.9997725,5.8805329864007,8.219056661060598,6.444131256700441,-0.0552344382008839,86285.8,86300.0,86254.68,86280.51,11.33873
2025-03-20 09:35:00,0.99985385,4.1760295e-06,0.00014198026,5.087596335232384,7.994969522697877,5.472270673671475,-0.01132360788771,85958.1,85978.27,85943.46,85951.76,9.41896
2025-03-21 04:45:00,0.99966955,1.8932915e-05,0.00031152042,7.585281078639126,9.103534367658373,6.150602768446279,0.0226653285113701,84728.27,84757.76,84728.26,84757.75,4.53741
2025-03-21 09:12:00,1.7894206e-07,0.99999964,8.52817e-08,7.037027614686276,9.110299017795956,6.444131256700441,0.0630067597071673,83874.79,83880.44,83801.89,83880.44,16.93478
2025-03-21 09:39:00,0.999853,1.1061258e-05,0.00013592048,4.59511985013459,6.594413459749778,3.218875824868201,-0.0644702926477027,84296.08,84337.66,84248.15,84248.16,21.17788
2025-03-21 09:56:00,0.28482643,0.0070324503,0.70814115,5.7430031878094825,7.872836175025724,5.4638318050256105,-0.051378520711803,84107.63,84107.63,84084.27,84084.27,7.99598
2025-03-22 19:43:00,0.9887406,0.010883799,0.00037551645,5.3706380281276624,7.033506484287697,4.110873864173311,-0.0242230738346118,84211.09,84211.09,84211.08,84211.08,0.53664
2025-03-22 20:58:00,0.9999577,6.8237596e-06,3.547347e-05,7.871692664323645,10.320881231509569,7.83241092718792,-0.017377474343074,83999.01,83999.01,83968.01,83995.88,24.20273
2025-03-23 10:39:00,0.9999659,2.9652783e-05,4.3790865e-06,6.754604099487962,8.470520783217808,5.765191102784844,-0.0363101939794114,84358.4,84358.41,84358.4,84358.41,1.7141
2025-03-23 10:42:00,0.99999404,5.341162e-06,6.1194135e-07,6.594413459749778,8.314587291319576,5.652489180268651,-0.0902877110517432,84424.99,84432.41,84424.99,84432.4,2.28893
2025-03-26 05:14:00,0.037779897,0.95817834,0.0040418524,5.241747015059643,7.796057974316123,4.8283137373023015,-0.0815837707398995,87268.93,87268.93,87262.15,87262.15,12.44727
2025-03-27 00:33:00,0.9999958,1.0304045e-06,3.12064e-06,5.83773044716594,8.037543185118697,5.0369526024136295,-0.0392386353691922,87076.37,87113.21,87076.36,87100.37,1.99176
2025-03-27 23:14:00,1.9455954e-06,0.999998,1.2104816e-07,6.590301048196686,8.47595444339964,5.513428746164983,-0.005313421316758,87188.33,87203.35,87188.32,87190.01,4.06401
2025-03-29 04:01:00,0.999803,0.00019174597,5.208389e-06,6.697034247666484,8.695506726812653,6.018593214496234,0.0937730234893767,84163.12,84175.96,84160.37,84171.99,4.83741
2025-03-30 01:54:00,0.8863088,0.04229384,0.07139733,7.222566018822171,9.39424400995279,6.904750769961838,-0.0176185278102707,82896.35,82912.0,82896.34,82912.0,6.13764
2025-03-31 20:03:00,0.9999517,4.8101352e-05,1.4299629e-07,8.153925132007862,10.033550436834297,7.591357046698551,-0.0224603072736438,82491.31,82527.97,82451.0,82470.61,15.80749
2025-04-01 16:54:00,0.99920815,5.774265e-05,0.0007341046,6.102558594613569,8.31238059678675,5.91350300563827,-0.0569970273139805,85275.88,85275.89,85184.52,85184.52,7.92855
2025-04-01 20:03:00,0.9983712,0.000114458126,0.0015142913,7.394493107219038,9.731927878386204,7.468513271496337,-0.0064321900480845,84896.0,84902.2,84850.0,84853.5,15.08515
2025-04-02 00:07:00,0.9890904,0.010893668,1.5860693e-05,6.2324480165505225,8.470311205516108,6.79346613258001,-0.0194930593505133,85230.46,85230.46,85152.81,85152.82,10.38291
2025-04-02 01:31:00,0.6426175,0.3573708,1.1642331e-05,7.855157005881344,9.665420700626544,6.86484777797086,0.028998370877059,84959.99,85008.51,84945.48,85008.51,6.00803
2025-04-02 21:07:00,0.0017003666,0.9949694,0.003330255,7.312553498102598,9.553504453886967,6.955592608396297,0.0283389341397855,84809.81,84885.27,84745.11,84847.95,69.69902
2025-04-03 20:42:00,0.99998236,1.90286e-07,1.7446995e-05,8.66561319653451,10.738503150945302,8.027802848370312,-0.0751347240479618,81961.6,82006.8,81961.6,82006.79,7.43025
2025-04-04 02:40:00,0.0010929236,0.99890447,2.6045939e-06,6.895682697747868,8.997394645638419,6.481577129276431,0.0311561289646408,82874.85,82874.85,82832.5,82853.98,5.64468
2025-04-04 05:38:00,0.99996734,2.561751e-07,3.2428474e-05,5.484796933490655,8.074960359115858,5.472270673671475,0.0286846170265696,83207.16,83207.16,83182.67,83199.37,16.15511
2025-04-04 07:20:00,0.052990466,0.0004922903,0.94651717,6.082218910376446,8.79133399330135,6.1463292576688975,-0.0598580419484344,83450.19,83521.48,83416.82,83467.45,22.68484
2025-04-04 09:48:00,0.99991333,9.468473e-06,7.726613e-05,5.872117789475416,8.453827315794417,5.225746673713202,-0.0189712359916244,84469.12,84556.49,84469.12,84546.26,9.38603
2025-04-04 09:53:00,0.9997286,6.8610766e-06,0.00026450196,6.926577033222725,9.196849781793684,6.860663671448287,0.0333404998469754,84528.01,84567.42,84528.0,84567.41,5.23331
2025-04-04 20:41:00,0.94888294,0.008466117,0.042650905,7.576097340623111,9.971052738698551,7.24850407237061,-0.0116302866090643,83971.69,84000.0,83919.63,84000.0,3.58803
2025-04-05 01:28:00,2.1688425e-06,0.9999962,1.647294e-06,8.155936337972394,10.154168446843428,7.065613363597717,0.0187530996377264,84262.45,84262.45,84231.85,84231.85,9.23715
2025-04-05 01:33:00,0.9999918,3.5401256e-06,4.6610558e-06,5.942799375126701,8.61993026886735,5.497168225293202,0.0655735505687585,84199.98,84199.99,84151.76,84173.99,13.20545
2025-04-06 01:22:00,5.9217973e-09,1.0,3.0664624e-09,5.187385805840755,8.087025470667701,5.389071729816501,0.0401550014468581,83600.0,83626.86,83599.99,83609.99,6.79924
2025-04-07 01:30:00,0.99990726,4.12376e-05,5.1511175e-05,6.8001700683022,8.739376281635323,6.472346294500901,0.0885570248362483,79039.15,79140.0,78971.09,78971.09,36.47967
2025-04-07 06:56:00,0.99765295,1.8868757e-05,0.002328209,5.236441962829949,7.6128310304073565,4.955827057601261,-0.0371142151264364,74690.43,74966.29,74671.18,74900.68,316.57293
2025-04-08 20:32:00,0.99997544,1.9049668e-06,2.2604432e-05,7.818832443803404,10.099095453655815,7.641564441260972,-0.0147001132324004,76720.64,76786.44,76704.48,76726.09,15.77102
2025-04-10 01:28:00,0.0062931315,0.99361414,9.271417e-05,7.666690200080086,9.837027185835858,7.170119543449628,0.0536930543067859,82451.44,82451.45,82400.17,82418.38,17.36226
2025-04-11 01:00:00,0.9999933,7.1421385e-07,5.967773e-06,7.334981878871814,9.747476810531971,7.361375428977347,-0.0157855863740973,79043.48,79147.09,79011.18,79122.0,66.622
2025-04-11 10:25:00,0.99995995,2.8713333e-05,1.1278035e-05,5.746203190540153,8.048149101665201,4.962844630259907,-0.0072002663415747,82701.27,82787.19,82652.17,82744.77,25.58093
2025-04-12 04:01:00,0.99993765,1.0232179e-06,6.128857e-05,7.0587581525186645,9.244935016740682,6.704414354964107,0.0133128491107658,82980.0,82980.0,82949.6,82949.61,5.14834
2025-04-13 21:15:00,0.996463,0.0033182788,0.0002187364,5.575949103146316,7.818027938530729,4.859812404361672,-0.0008283289208917,83370.83,83388.88,83322.98,83322.98,7.7427
2025-04-13 21:23:00,0.38014862,0.6197769,7.4456606e-05,5.817111159963204,7.946617563244473,5.2832037287379885,-0.0056471117055208,83599.75,83599.75,83486.08,83593.64,19.14844
2025-04-14 20:03:00,0.9999387,6.117693e-05,7.848147e-08,7.9865049385539955,9.94549284668116,7.135687347028144,0.0161788831498022,84877.03,84965.85,84877.02,84941.06,20.63921
2025-04-15 06:05:00,0.99999595,9.2584074e-08,3.930956e-06,5.648974238161206,7.239932591320469,5.093750200806762,-0.0156176447625763,85505.47,85612.87,85505.47,85608.56,20.1045
2025-04-15 07:19:00,0.9999963,2.6293037e-07,3.4942027e-06,6.7912214627261855,8.670429167315095,5.82600010738045,0.003650327678938,85632.12,85661.96,85632.11,85635.02,5.58172
2025-04-15 20:23:00,0.0036920211,0.9962304,7.7600555e-05,5.480638923341991,7.67786350067821,4.672828834461906,0.0299614471270196,84096.31,84096.32,84076.92,84076.92,2.4328
2025-04-16 20:03:00,0.9997495,1.2787926e-06,0.00024914477,7.084226422097916,9.471010895181111,7.398174092970465,0.0265182183341861,84374.0,84383.17,84354.19,84377.95,8.0187
2025-04-17 20:05:00,0.9997633,3.180245e-06,0.00023348346,7.290292882446597,9.608377964255553,7.328437352895162,0.0057960170178288,85019.99,85020.01,84972.0,84972.01,13.00088
2025-04-18 01:29:00,0.99999964,7.998618e-08,2.4047114e-07,8.101677747454572,9.676712414987868,7.496097345175956,0.0338336507466614,85080.57,85132.08,85080.56,85132.08,10.77491
2025-04-18 07:07:00,0.0020838443,0.99790144,1.4771342e-05,5.5909869805108565,8.274357006756292,5.902633333401366,0.0071749554022547,84696.2,84696.21,84690.92,84690.93,13.40804
2025-04-19 07:03:00,0.9972058,0.0027354867,5.8759044e-05,6.942156705699469,8.531884740159228,5.886104031450156,0.045919715623468,84921.98,84921.99,84921.98,84921.99,0.45883
2025-04-19 07:31:00,0.99982005,2.736056e-06,0.00017719384,5.099866427824199,7.831220214604293,5.198497031265826,0.1067655540787277,85173.91,85173.92,85146.72,85146.72,3.77107
2025-04-20 03:42:00,0.99971217,0.00019568036,9.210376e-05,7.848933726364071,9.96861964747391,7.769378609513984,-0.0238251887905449,85159.39,85159.4,85146.33,85146.34,1.14893
2025-04-21 07:49:00,0.99999785,1.7907183e-07,1.9184497e-06,6.745236349484363,8.927048647825695,6.07073772800249,-0.0110412455230249,87538.98,87538.99,87490.02,87495.84,4.74786
2025-04-21 20:03:00,0.9997317,0.00026805283,2.6160387e-07,7.970049304976135,9.878938679614716,6.996681488176539,-0.0086134113981412,87289.77,87289.77,87252.8,87281.18,13.13904
2025-04-22 20:22:00,0.0035493153,0.99643743,1.3285361e-05,7.21890970761906,9.686512437242294,6.976348070447749,0.0427066431585993,91268.62,91268.63,91250.0,91250.0,3.6801
2025-04-22 21:50:00,0.9975867,4.0004857e-06,0.002409247,4.663439094112067,7.745002803515839,4.948759890378168,0.0306735661131302,93417.74,93767.69,92850.78,92875.25,567.88273
2025-04-23 06:57:00,0.0023128928,0.9976853,1.8176294e-06,7.697121317282625,9.84548760823814,6.261491684321042,0.007177814767767,93630.14,93697.87,93625.45,93697.87,29.15659
2025-04-23 07:13:00,0.99744177,0.002462637,9.5608855e-05,5.049856007249537,8.097426298597213,5.049856007249537,-0.0472277457398654,93534.98,93535.0,93511.78,93528.67,26.46492
2025-04-23 19:22:00,0.9998883,3.1537675e-07,0.000111299276,7.501634457883413,9.764397884134176,7.077498053569231,0.1019478092163121,93263.43,93263.43,93150.15,93150.15,17.56147
2025-04-23 22:44:00,0.9999993,5.5148934e-07,8.22731e-08,6.244166900663736,8.55468163582723,5.187385805840755,-0.0164703138018336,93705.87,93714.48,93705.86,93714.47,1.1901
2025-04-24 08:51:00,0.006599041,8.804428e-06,0.99339217,6.220590170099739,8.571870752706934,4.934473933130692,0.0047611754225869,91812.0,91891.06,91762.73,91891.06,17.14837
2025-04-24 20:37:00,0.29537705,0.7045381,8.491384e-05,5.209486152841421,7.780720886117918,4.727387818712341,0.0207961885276568,93408.93,93450.0,93408.93,93424.65,8.8045
2025-04-26 02:57:00,0.98243666,0.0175441,1.9180045e-05,5.579729825986222,7.964155718840937,5.293304824724492,-0.1516623148705679,95044.59,95055.75,95043.26,95043.26,21.55031
2025-04-26 03:21:00,0.9999677,1.1904253e-06,3.1120275e-05,5.525452939131784,7.588829878307813,5.424950017481403,0.0772567144872881,94776.26,94831.35,94776.26,94831.35,13.24022
2025-04-26 22:46:00,0.9975877,0.00031811994,0.0020942255,5.82600010738045,7.988203597022576,5.342334251964811,-0.0081523219976015,94735.71,94735.71,94726.0,94726.0,3.36004
2025-04-28 07:51:00,0.000120989105,0.9998776,1.4486784e-06,5.796057750765372,7.8724551500639794,4.90527477843843,0.0463128613767379,94674.03,94674.04,94660.99,94661.0,6.26919
2025-04-29 02:51:00,0.99370295,2.8823506e-06,0.0062942193,5.365976015021851,7.849323818040561,5.817111159963204,-0.0919038982554336,94543.57,94571.84,94504.81,94571.78,14.51953
2025-05-01 08:07:00,0.99859625,0.0013668743,3.6878322e-05,8.183397369998433,9.958922259424227,6.875232087276577,0.0552558176128949,94937.5,94937.5,94913.04,94936.15,4.94976
2025-05-01 15:59:00,0.006924115,0.9929662,0.000109766974,6.568077911411976,8.629449873761905,5.303304908059076,0.0323641210857286,96876.78,96876.78,96854.3,96854.3,5.01742
2025-05-01 20:17:00,0.28777045,7.761583e-05,0.71215194,5.1298987149230735,7.902117546276448,4.8283137373023015,-0.1658282199242738,96805.26,96810.11,96785.41,96798.43,8.41233
2025-05-01 23:06:00,6.413408e-05,0.99993575,9.290983e-08,7.55171221535131,9.602787783003045,6.602587892189336,-0.0192447225135876,96221.58,96252.65,96215.8,96252.65,9.94899
2025-05-02 00:18:00,0.99997187,4.9419714e-06,2.3199551e-05,6.008813185442595,8.36985260351753,5.680172609017068,-0.0286269762599469,96559.1,96589.7,96559.1,96589.7,3.07975
2025-05-02 04:07:00,6.140412e-05,0.9999386,2.9778887e-08,7.385851078125209,9.37424334324612,6.2766434893416445,0.0008869705115083,97215.96,97237.24,97215.96,97237.23,4.62545
2025-05-02 20:43:00,0.99999774,7.306547e-08,2.1807923e-06,7.20934025660291,9.563739957780994,6.90975328164481,-0.0044949227970014,97075.49,97075.49,97048.99,97049.0,4.01783
2025-05-03 21:02:00,0.010026395,0.98995155,2.2069598e-05,6.866933284461882,8.81358720447004,6.541029999189903,0.0380806500509358,96330.99,96330.99,96307.05,96307.05,1.1922
2025-05-03 22:20:00,0.9996216,4.968611e-05,0.00032863874,5.652489180268651,7.832807516524864,6.1092475827643655,-0.070647339606397,96230.71,96230.72,96221.09,96221.1,0.97884
2025-05-04 01:47:00,0.999995,1.9430298e-07,4.7284793e-06,7.208600337960199,9.726392314713754,7.095893221097532,0.0494195055431156,95668.01,95668.01,95607.84,95607.84,7.8894
2025-05-05 20:03:00,0.99998295,1.6976888e-05,7.5890654e-08,7.710653323501202,9.719264188452575,6.934397209928558,-0.0144421883840834,94322.47,94329.98,94314.09,94329.98,1.31664
2025-05-06 00:12:00,0.9999622,1.7453281e-07,3.7641898e-05,7.016609683894219,8.356789669923213,6.236369590203704,-0.0269123994584163,94666.27,94673.52,94650.72,94653.73,9.46288
2025-05-06 02:16:00,0.9996301,8.013904e-05,0.0002897188,7.806696372521179,9.71232704707497,6.912742820493176,0.027129469077581,94225.88,94226.28,94192.79,94192.79,6.49782
2025-05-08 05:45:00,0.022957912,0.9770347,7.3840765e-06,5.703782474656201,7.724446645633537,4.276666119016055,-0.0193880768925205,98860.0,98860.0,98859.99,98860.0,3.50631
2025-05-08 06:51:00,0.9572686,0.0421334,0.0005980093,5.3706380281276624,7.786136437783072,5.225746673713202,0.0275718623499296,98969.99,98970.0,98946.97,98946.98,5.37046
2025-05-08 11:46:00,0.99811906,8.871711e-06,0.0018719917,5.43372200355424,8.132706489693264,5.288267030694535,-0.027548463389062,99559.14,99559.14,99524.73,99524.74,12.13721
2025-05-08 19:24:00,0.9999865,1.6902908e-07,1.3331156e-05,5.905361848054571,8.498214224818435,5.327876168789581,-0.021881645782606,101087.22,101126.99,101080.77,101126.98,19.2681
2025-05-08 19:34:00,0.99370664,0.00021231949,0.0060810605,7.646353722445999,9.947217315397454,7.29505641646263,-0.0097074153687007,101285.72,101299.99,101241.18,101249.06,19.10917
2025-05-08 23:26:00,0.9999583,8.153757e-07,4.0882027e-05,7.385230923066573,9.411892497046916,6.1092475827643655,0.0306637314519144,102861.93,102861.94,102796.21,102803.83,11.40021
2025-05-08 23:46:00,0.98424524,0.005090832,0.010663919,7.584264818389059,9.749403537153412,7.2868764117507,-0.0085480107075941,103105.65,103137.7,103097.59,103124.58,7.05128
2025-05-09 01:16:00,0.99851924,0.0013827237,9.806788e-05,7.1631723908466425,9.108418382250798,5.981414211254481,0.011641035169973,102876.58,102994.5,102862.94,102965.15,31.72506
2025-05-09 04:23:00,0.99967885,0.00023159721,8.966601e-05,7.025538314638521,8.812545770172237,5.765191102784844,0.101532804449125,102666.67,102695.72,102666.66,102666.67,10.65671
2025-05-09 12:27:00,1.40206075e-05,2.4028627e-06,0.99998355,7.053585727193677,8.998136760700307,7.129297548929373,0.1097871063797021,103082.11,103104.36,103063.5,103063.51,13.45115
2025-05-09 20:19:00,0.9987005,3.555384e-05,0.0012638808,8.101374671228582,10.09286747369753,7.432483807917119,0.0264453716137676,103340.73,103353.46,103326.96,103326.96,4.85309
2025-05-10 09:13:00,0.99969745,3.355846e-07,0.00030221572,4.553876891600541,7.61972421378267,4.0943445622221,-0.0039205580397117,103452.92,103452.92,103422.04,103427.52,5.1302
2025-05-10 22:33:00,0.9999926,6.1872174e-07,6.7404962e-06,7.329093736246592,9.58300676833296,7.218176838403408,0.0487276286427713,103708.0,103708.0,103707.99,103707.99,1.34113
2025-05-11 08:16:00,0.99952173,0.0003768446,0.00010137525,5.91350300563827,8.52158353971753,5.298317366548036,0.1596683050110653,103952.38,104028.0,103941.16,104020.0,25.85936
2025-05-12 01:00:00,0.9987968,0.0005561959,0.00064705766,6.403574197934815,8.405591014834934,4.859812404361672,-0.1027917738557177,104587.31,104627.0,104526.32,104551.27,19.78403
2025-05-12 11:57:00,0.8380238,0.16104107,0.00093520887,5.484796933490655,7.632401126601453,5.003946305945459,0.0198318669767879,103700.01,103795.01,103696.8,103704.63,56.63059
2025-05-12 17:49:00,0.9999918,7.760892e-06,5.330253e-07,6.962243464266207,8.793308627496552,5.501258210544727,-0.0069082291531373,102633.11,102633.11,102559.0,102588.07,15.70127
2025-05-13 00:14:00,0.9264946,0.0040276153,0.0694778,5.648974238161206,8.61323037961318,6.2766434893416445,0.0005143566729679,102573.87,102616.0,102568.56,102584.04,12.28381
2025-05-13 05:48:00,1.3467821e-05,0.9999864,8.823656e-08,7.872073979866873,10.29434650825493,6.633318433280377,0.0238483478571964,102380.92,102390.5,102380.92,102389.21,13.06502
2025-05-13 16:18:00,0.9999975,6.590299e-07,1.7903702e-06,6.62273632394984,8.467372496432281,4.976733742420574,0.0796617184143873,104296.83,104312.8,104207.14,104207.14,25.98255
2025-05-14 03:50:00,0.9999851,1.8282057e-07,1.46353295e-05,6.883462586413092,9.377294451639017,6.638567789166521,-0.0118860473467216,103567.96,103567.97,103567.96,103567.97,3.14415
2025-05-14 06:09:00,0.9946913,0.0048060184,0.0005026158,6.466144724237619,8.061486866871327,4.934473933130692,0.0255848802454241,103792.82,103825.11,103785.16,103825.11,6.47238
2025-05-14 15:47:00,0.9988697,1.25253755e-05,0.0011177303,4.0943445622221,5.673323267171493,4.0943445622221,-0.0416644447256083,103300.0,103333.33,103290.03,103318.38,4.24304
2025-05-14 19:55:00,0.9988863,0.000116881005,0.0009967409,6.822197390620491,8.689632748355741,6.335054251498059,0.0291403580928351,103374.74,103374.74,103365.07,103365.08,2.17736
2025-05-16 00:58:00,0.9998281,1.0084653e-05,0.00016168763,7.886457270977689,10.194140208432742,7.722234744709607,-0.0219683289341354,103725.65,103739.56,103725.65,103739.55,8.94308
2025-05-17 22:03:00,0.6390422,0.3609407,1.7118778e-05,7.1785454837637,9.117676687112764,6.263398262591624,-0.0328915311407489,103209.83,103232.5,103204.6,103204.6,4.3495
2025-05-19 01:01:00,0.9997563,0.00022349131,2.0295285e-05,5.267858159063328,8.21716859576607,5.327876168789581,-0.0192864085801977,105309.89,105363.63,105157.85,105157.85,31.7785
2025-05-19 02:00:00,0.99999547,6.467745e-07,3.886899e-06,8.073402968986406,10.15136274006952,7.182352111885263,0.0025752355842865,105059.97,105064.97,105032.51,105057.15,6.52622
2025-05-19 20:05:00,0.99992883,7.0903734e-05,2.0502894e-07,7.927324360309794,9.884457626629322,7.164720378771857,0.0177766605874179,105686.99,105788.87,105686.99,105788.86,51.89421
2025-05-20 00:08:00,0.99642533,7.674906e-06,0.00356689,5.308267697401205,7.7702232041587855,4.8283137373023015,-0.0827561225890115,105884.58,105988.0,105858.56,105936.76,59.12232
2025-05-20 02:38:00,0.9999877,4.2992997e-06,7.952743e-06,4.04305126783455,5.786897381366708,4.0943445622221,0.0592267128646427,106333.69,106333.69,106255.4,106280.35,20.80943
2025-05-20 03:16:00,0.99901974,0.00017822515,0.0008019869,7.066466970136958,9.192583650386924,6.62273632394984,0.0255759064780595,105946.05,105946.05,105877.96,105915.38,17.23447
2025-05-20 20:40:00,0.99989104,6.1059467e-07,0.00010836679,7.512071245835466,9.82460666968268,7.288244401020124,0.0337953162610873,106590.9,106627.81,106590.9,106626.25,4.6495
2025-05-20 23:02:00,0.88904715,0.0004887218,0.11046418,5.631211781821365,8.11969625295725,5.209486152841421,0.0226550806894141,106717.9,106777.57,106708.76,106777.57,5.09023
2025-05-21 01:37:00,0.9943651,0.00331101,0.0023239602,8.142354276849835,9.653358136136932,6.52795791762255,-0.0080150708809304,106893.58,106893.59,106833.69,106833.69,5.43277
2025-05-21 23:14:00,0.04512128,0.95126754,0.0036111758,5.44673737166631,8.283999304248526,4.727387818712341,0.0057023255164991,109240.69,109379.53,109240.69,109368.43,37.03316
2025-05-21 23:40:00,0.9978624,7.741442e-06,0.0021298644,7.848933726364071,10.20924281649528,7.678326356506885,-0.0232483499195658,109663.18,109901.79,109640.01,109859.74,32.7333
2025-05-22 07:57:00,0.9964514,1.4225771e-05,0.0035343121,8.242493153187626,10.536008548778415,7.795234929002173,-0.0403296602444527,111128.78,111139.71,111068.72,111086.95,26.1631
2025-05-22 08:32:00,0.9999932,1.8863059e-06,4.907678e-06,6.244166900663736,8.8934354408475,5.733341276897746,0.0165309650646422,110551.22,110608.04,110529.73,110559.1,18.29583
2025-05-22 08:39:00,0.9999933,2.7251597e-06,3.957287e-06,4.90527477843843,7.700295203420117,4.605170185988092,0.0629704810917565,110629.13,110629.14,110589.74,110594.24,14.07795
2025-05-22 20:06:00,0.4427652,0.5035272,0.053707622,5.225746673713202,7.7651449029361315,4.624972813284271,0.0126874835982961,111274.04,111303.51,111251.35,111255.22,16.79257
2025-05-22 20:29:00,0.9990897,7.3550946e-05,0.00083663675,5.71042701737487,8.309676895987726,5.198497031265826,0.0814996153598501,111036.96,111058.68,111028.74,111058.67,12.87039
2025-05-22 22:33:00,0.9999757,1.2913756e-06,2.3034141e-05,4.727387818712341,7.828834527588089,4.727387818712341,0.0717040356216664,111141.23,111183.3,111141.23,111160.2,7.0254
2025-05-22 23:44:00,0.9999349,5.9079903e-06,5.9140308e-05,8.094683648698815,10.415172806714,7.691656822810547,-0.0238117734400798,111323.99,111368.98,111323.98,111368.97,3.52658
2025-05-23 03:28:00,0.99998045,7.1516433e-07,1.8786744e-05,5.25227342804663,7.972810784121404,4.997212273764115,-0.0042878583744641,111045.45,111045.46,111045.45,111045.46,2.2647
2025-05-23 20:30:00,0.9993074,5.8944624e-07,0.00069205114,8.146709052203319,10.481672714626391,7.530479995245536,-0.0562841706490231,108664.05,108664.06,108620.94,108621.63,10.71464
2025-05-24 22:31:00,0.0038064595,0.995086,0.0011075174,7.311218384419629,9.520468633257794,6.673297967767654,0.0359308089368044,108435.34,108442.47,108409.09,108439.76,4.30213
2025-05-25 07:06:00,0.9999889,2.178146e-06,8.962923e-06,7.1569563646156364,9.33617975681533,6.705639094860003,0.0439075889944351,107857.06,107857.06,107840.35,107840.36,4.56025
2025-05-25 20:30:00,0.99627554,4.686616e-05,0.0036775605,8.354203562921775,10.602517396254228,7.8351837552667485,-0.0111728184144468,107566.48,107566.48,107547.1,107551.7,2.55896
2025-05-26 20:02:00,0.9999087,9.114731e-05,1.1757528e-07,7.997326822998097,10.006134389496273,7.264730177929867,-0.0427675181693248,109020.8,109020.81,108980.0,108980.79,3.98285
2025-05-27 23:42:00,0.99992263,1.9386441e-06,7.541868e-05,5.583496308781699,8.27308133366583,6.059123195581797,-0.028428135121345,109074.82,109113.53,109054.51,109098.05,4.87215
2025-05-28 06:40:00,0.0013726394,0.9986051,2.2235485e-05,6.077642243349034,8.696343057044556,6.226536669287466,0.0426104374708162,108719.91,108737.99,108719.91,108735.65,8.1835
2025-05-28 10:44:00,0.9994413,6.5132917e-06,0.00055211026,7.290292882446597,9.613669867953924,7.01211529430638,-0.0429546637892523,108739.47,108754.16,108739.46,108754.16,2.5558
2025-05-28 18:52:00,0.99998105,3.7153245e-07,1.8611123e-05,6.311734809152915,8.820994645747902,5.736572297479192,-0.0310576796953286,107561.52,107561.53,107406.57,107539.63,25.53739
2025-05-30 00:37:00,0.9999949,1.7624758e-06,3.3904576e-06,5.017279836814924,7.731492029245684,4.795790545596741,0.0220846748175642,105904.76,105939.88,105865.13,105927.56,8.72734
2025-05-30 16:53:00,0.9962243,6.423346e-07,0.0037750865,5.811140992976701,8.15908865466791,5.659482215759621,-0.0258332681370349,103736.42,103978.84,103722.97,103951.73,114.2835
2025-06-01 02:16:00,0.12176235,3.8821014e-05,0.87819886,6.617402977974478,8.641532465671846,5.968707559985366,-0.0155012896265255,104025.74,104034.89,104009.69,104018.76,3.09455
2025-06-01 03:49:00,0.98928446,0.0107123135,3.1396394e-06,6.82001636467413,8.62748154531036,5.978885764901122,-0.0086935736519111,104456.12,104456.13,104440.0,104440.0,4.38375
2025-06-01 05:47:00,0.9994789,0.00018424842,0.00033690725,7.938802248154481,9.96109586515644,7.091742115095153,0.0278539730081574,104500.28,104500.29,104487.99,104487.99,2.56774
2025-06-02 02:06:00,0.9991935,0.0007954513,1.1027092e-05,9.855032332266724,12.057537833821875,9.0617243476474,0.0174104802305361,105277.18,105329.16,105277.17,105297.75,12.55134
2025-06-02 20:02:00,0.99996924,3.068314e-05,8.040929e-08,7.823245690685523,9.82978718960617,6.97166860472579,0.0261598490732051,104488.78,104488.78,104472.76,104472.77,1.73198
2025-06-03 01:12:00,0.99872977,2.0799745e-05,0.0012494501,9.030376034755909,10.818557539604448,6.57507584059962,-0.0235325078167635,106202.68,106212.97,106158.95,106158.95,4.8144
2025-06-03 08:57:00,0.99976486,5.8827194e-05,0.0001762304,5.159055299214529,7.754481547470383,4.31748811353631,0.0032567144511402,105060.01,105078.15,105060.0,105064.33,12.74941
2025-06-04 23:08:00,0.9999963,1.1870271e-07,3.5696703e-06,5.214935757608986,7.761319180947987,4.248495242049359,0.011922559361447,104844.6,104864.5,104801.88,104801.89,4.82352
2025-06-04 23:30:00,0.9997459,9.291461e-06,0.00024482227,6.678342114654332,9.103534367658373,6.248042874508429,-0.0129196310948071,104664.0,104664.0,104628.53,104628.53,3.01753
2025-06-04 23:36:00,0.02170604,0.0015645518,0.9767294,4.204692619390966,7.850882664809852,4.0943445622221,0.011528903754093,104708.27,104708.27,104704.0,104704.01,0.65935
2025-06-05 20:23:00,0.13450362,0.8654058,9.055183e-05,5.662960480135946,8.113426639943654,4.962844630259907,-0.0400598323156268,101149.42,101360.99,101092.01,101350.01,58.41339
2025-06-06 20:10:00,0.0009069069,0.9990853,7.7792465e-06,5.638354669333745,7.847371836159788,4.356708826689592,0.0608657090000925,104276.66,104348.84,104276.66,104339.35,6.61862
2025-06-06 20:15:00,0.00010476108,0.9998938,1.3784431e-06,7.246368080102461,9.086589564540008,6.51471269087253,0.0498658465781191,104326.06,104355.65,104320.84,104355.65,7.50636
2025-06-06 21:08:00,0.9999987,9.784605e-07,3.3180396e-07,5.924255797414532,7.895063498091573,4.8283137373023015,-0.0472702979913371,104374.74,104374.75,104326.08,104331.31,8.39287
2025-06-07 00:28:00,0.9952355,0.004697538,6.701624e-05,5.730099782973574,7.784057002639929,4.382026634673881,0.0122618614876726,104167.5,104209.31,104160.95,104191.91,13.22389
2025-06-07 05:22:00,0.99999464,4.716219e-06,6.328413e-07,6.805722553416985,9.067624069774588,6.396929655216146,-0.0278712179840206,104837.93,104837.94,104815.26,104815.26,3.892
2025-06-08 01:30:00,0.9999924,6.115238e-07,7.0357937e-06,6.838405200847344,8.195609567288775,5.950642552587727,0.0882244360844642,105535.76,105548.4,105535.75,105548.4,5.21817
2025-06-08 05:11:00,0.9996854,2.524679e-06,0.00031216894,7.662937850461535,9.655026193237628,6.699500340161678,-0.0350880885461461,105544.55,105559.83,105544.54,105559.82,1.56955
2025-06-09 20:03:00,0.99996245,3.7394166e-05,1.4499341e-07,7.831220214604293,9.834083882397248,6.960347729101308,0.0003549890271905,108613.16,108613.16,108570.14,108589.82,4.10499
2025-06-11 00:39:00,0.99997306,1.6231796e-06,2.5215853e-05,0.6931471805599453,3.7612001156935615,1.9459101490553128,0.4054651081081644,109912.77,109969.95,109900.0,109969.94,11.09906
2025-06-11 01:08:00,0.012852025,0.98704684,0.00010122382,7.424165281042028,9.166597449028265,6.354370040797351,0.0126798807906133,109745.28,109745.29,109698.11,109716.72,12.66285
2025-06-11 19:04:00,0.9698392,5.6645145e-05,0.030104116,5.5909869805108565,7.813591552952433,4.969813299576001,-0.0325954493473636,108752.73,108752.73,108699.37,108736.54,9.50935
2025-06-11 20:58:00,0.027132455,0.004197748,0.96866983,5.556828061699537,7.86480400332846,4.867534450455582,-0.0265810567020853,108966.38,108966.39,108845.74,108869.33,12.35596
2025-06-11 20:59:00,0.99999917,7.4308014e-07,6.862514e-08,6.889591308354466,8.97790377375038,6.3835066348840055,0.0756497507886863,108869.34,108906.45,108869.33,108906.44,2.7577
2025-06-11 22:37:00,0.99656063,1.8726192e-05,0.0034206058,6.669498089857879,8.906799883589944,6.148468295917647,0.0271971453973564,108257.58,108296.11,108213.2,108213.2,9.56247
2025-06-12 20:09:00,0.99997544,3.3482235e-07,2.422053e-05,6.858565034791365,9.359449794564023,7.317212408359839,0.0144850546496132,106899.74,106914.11,106854.99,106854.99,4.72332
2025-06-12 23:51:00,0.59751767,0.40241206,7.025802e-05,6.799055862058796,8.848939995030118,6.214608098422191,0.0348382272014157,105973.43,105973.44,105871.35,105871.35,8.68346
2025-06-13 08:29:00,0.9930568,0.0067694657,0.00017375812,5.755742213586912,8.312871394342615,5.214935757608986,0.0049005555607334,105132.26,105137.94,105119.5,105119.5,7.69921
2025-06-13 10:41:00,0.7430047,0.00059513,0.2564002,5.111987788356544,8.11522197256233,5.176149732573829,-0.0658391523056782,104820.66,104839.0,104802.36,104807.83,7.8709
2025-06-13 15:50:00,0.606595,0.3901979,0.0032071646,6.920671504248683,9.284334051884509,7.00397413672268,0.0342487446735915,105601.99,105661.77,105601.99,105624.79,8.35262
2025-06-13 17:08:00,0.99973327,5.6585986e-06,0.00026110842,4.74493212836325,7.6128310304073565,5.0238805208462765,0.0257020932713235,105468.52,105538.79,105402.28,105524.01,15.06437
2025-06-14 10:20:00,0.99733055,0.00206635,0.00060310826,5.298317366548036,7.798112628829788,5.093750200806762,-0.0628386246899238,104908.97,104908.98,104869.53,104869.53,4.01285
2025-06-14 10:23:00,0.9998567,3.0981144e-05,0.00011223318,4.663439094112067,6.473890696352274,3.828641396489095,0.1456523991809996,104910.75,104941.79,104910.74,104941.79,1.59111
2025-06-14 15:02:00,0.9999969,4.5659309e-07,2.5858092e-06,7.010311867307229,9.065430200180376,6.398594934535208,0.1057417050703918,104923.5,104933.65,104923.49,104930.01,1.25065
2025-06-14 20:26:00,0.95621735,0.023921259,0.019861368,5.834810737062605,8.056426767522984,5.5053315359323625,0.0297022121995112,104544.63,104563.85,104533.72,104563.54,3.62816
2025-06-16 11:01:00,0.9997328,1.3219068e-06,0.0002659022,4.110873864173311,6.6039438246004725,3.713572066704308,0.0853129598492576,106778.31,106778.31,106737.67,106737.67,7.57211
2025-06-16 20:03:00,0.99994516,5.476144e-05,8.7905036e-08,7.960672608388117,9.955985121493882,7.305860032684009,-0.034707857693087,108585.03,108585.04,108491.13,108491.13,7.20439
2025-06-17 00:23:00,0.9947408,7.737789e-05,0.0051818285,5.529429087511423,7.628517626575055,5.68697535633982,-0.035046561913,106776.32,106793.6,106700.0,106723.79,36.42122
2025-06-17 02:15:00,0.9995351,7.513912e-06,0.0004574248,7.133295954896068,9.5674552191433,6.977281341630747,0.0101473060278383,107049.04,107049.04,107013.62,107037.22,5.81921
2025-06-17 02:53:00,0.89162606,1.2148272e-05,0.10836181,5.497168225293202,7.618742377670413,4.672828834461906,-0.0415934505257536,107189.82,107262.31,107180.0,107262.3,13.97562
2025-06-18 03:50:00,0.9999945,3.0260233e-06,2.5146064e-06,5.932245187448011,7.613818684808629,4.844187086458591,-0.0545171842645397,105210.0,105210.01,105191.84,105191.85,3.89138
2025-06-18 23:04:00,0.99998057,7.761878e-06,1.1654815e-05,5.313205979041787,7.87777633327726,5.1647859739235145,-0.0237440586421548,104880.0,104895.96,104880.0,104895.96,1.1176
2025-06-19 20:05:00,0.9999665,9.256488e-07,3.2567852e-05,5.68697535633982,6.903747257584598,3.4657359027997265,0.0590410889305934,104297.22,104297.22,104292.0,104292.0,0.71324
2025-06-20 06:16:00,0.99984884,4.8088486e-06,0.00014631166,5.220355825078324,7.654443226470112,5.351858133476067,-0.0238434378632241,104643.53,104647.99,104643.52,104646.0,2.0811
2025-06-22 21:09:00,0.0012959715,0.8433128,0.15539123,5.3230099791384085,7.791935956938058,5.123963979403259,-0.0692657537628509,99427.2,99461.46,99329.33,99329.33,11.52457
2025-06-22 23:03:00,0.9473923,0.04986941,0.0027383433,5.267858159063328,8.075271546297458,5.594711379601839,-0.0614894875713483,100840.0,100975.02,100837.34,100959.24,7.74937
2025-06-23 20:20:00,0.9998729,0.0001260943,8.946738e-07,6.628041376179533,9.066585468331043,6.639875833826536,0.0442554911066017,103643.88,103760.0,103578.47,103693.0,47.26876
2025-06-24 00:09:00,0.9985545,0.0014389877,6.3778066e-06,7.288927694521257,9.027378610294804,6.393590753950631,0.0357367170159164,105432.67,105450.0,105425.09,105449.99,6.18096
2025-06-25 01:29:00,0.99996376,1.5163467e-05,2.1121044e-05,6.324358962381311,8.114623886420098,5.003946305945459,-0.0164228801063238,106143.14,106145.3,106127.45,106145.29,3.74873
2025-06-25 22:09:00,0.99960345,4.614585e-05,0.00035045517,6.941190055068375,8.935508711503221,6.267200548541362,0.0260816099037149,107438.41,107438.95,107416.16,107438.94,4.34014
2025-06-26 00:09:00,0.99872655,1.3305816e-05,0.0012601605,4.912654885736052,7.790696031174738,4.727387818712341,0.0771991145980787,107465.6,107465.61,107444.57,107444.58,3.53408
2025-06-26 02:44:00,0.9300867,0.06944427,0.00046904568,17.192563118637505,20.217504390229177,15.470866704999375,0.014158697502832902,107717.7,107719.12,107717.68,107719.11,3.0108
2025-06-26 03:07:00,0.99337715,0.0065801106,4.271728e-05,5.973809611869261,8.196161139282902,4.90527477843843,0.0244172096196063,108195.09,108195.09,108135.18,108157.95,17.13371
2025-06-26 04:28:00,0.9974802,0.0024287058,9.110735e-05,8.216628493133443,10.00034199390001,6.885509670034818,-0.0071269003174626,107771.23,107771.24,107771.23,107771.23,1.17659
2025-06-26 04:31:00,0.9986993,1.031022e-05,0.0012903099,5.318119993844216,7.988542982737695,4.574710978503383,0.0361695907678358,107850.51,107850.51,107791.97,107809.8,17.1666
2025-06-26 05:59:00,0.99960595,1.1530794e-05,0.00038252157,5.755742213586912,8.263074835802596,5.43372200355424,-0.0205855908543683,107605.03,107632.09,107605.03,107632.09,1.33048
2025-06-26 20:28:00,0.99956733,0.00041641368,1.6221196e-05,5.262690188904886,7.183111701743281,4.406719247264253,0.0332974701831208,107550.67,107612.51,107535.44,107612.5,5.64804
2025-06-26 21:46:00,0.9840576,0.01482451,0.0011178063,6.875232087276577,8.959697146959389,6.62273632394984,0.0272900962478472,106974.67,106974.67,106911.71,106935.87,3.83642
2025-06-27 07:34:00,0.92635864,0.07358023,6.119085e-05,5.8971538676367405,8.264878262801748,5.808142489980444,0.0176366594752224,107248.84,107253.39,107236.64,107236.65,27.24528
2025-06-28 00:51:00,0.99631786,0.0029944999,0.00068757596,7.201170883281678,8.976893927666076,5.552959584921617,0.104937093253068,107149.45,107173.0,107149.44,107152.13,5.3429
2025-06-28 01:08:00,4.502974e-06,0.99999475,6.687395e-07,7.873217054862741,9.792723575551271,6.742880635791903,0.0131464374624334,106997.08,106997.08,106982.34,106982.34,1.0525
2025-06-28 10:20:00,4.9774382e-08,1.0,2.6054442e-08,6.934397209928558,9.006509131694346,6.658011045870748,0.0238596056524405,107300.07,107303.67,107300.07,107303.67,1.18964
2025-06-30 07:08:00,0.999995,9.4296304e-08,4.937257e-06,6.1779441140506,8.781555458546402,5.41610040220442,-0.0350889452860141,107508.76,107560.81,107508.76,107539.37,8.96699
2025-06-30 09:56:00,0.9999869,1.1623448e-06,1.1870137e-05,6.546785410760524,8.514990767861038,6.111467339502679,-0.015744178051626,107522.23,107522.23,107522.22,107522.23,1.58977
2025-06-30 15:43:00,0.9991036,2.9558112e-06,0.0008934434,6.522092798170152,8.629092283913646,6.061456918928017,0.0344255264364203,107317.39,107353.23,107280.94,107348.26,35.75896
2025-06-30 20:03:00,0.9999814,1.8437648e-05,9.864915e-08,7.889833751394295,9.885883506587769,7.037905963447182,-0.0245642580095215,107558.83,107558.84,107501.04,107501.04,3.5633
2025-06-30 23:55:00,0.99997747,1.3277781e-07,2.242444e-05,5.7430031878094825,8.022568946988255,4.820281565605037,0.0100852233793751,107104.12,107104.12,107093.34,107093.34,1.48908
2025-07-01 01:08:00,0.999688,0.00010229138,0.000209745,7.292337176173877,9.503009985939002,6.368187186350492,-0.0482969775839068,107415.66,107415.66,107407.16,107412.58,2.52667
2025-07-01 17:25:00,0.99999976,9.61333e-08,1.5863145e-07,6.705639094860003,8.78615105486974,5.37989735354046,-0.0355691517357776,106275.43,106286.03,106275.42,106286.02,0.9292
2025-07-01 21:28:00,0.9999982,1.4806888e-08,1.7504744e-06,6.07993319509559,8.708309295891688,6.082218910376446,-0.0277114564285056,105954.58,105980.0,105940.0,105980.0,4.08929
2025-07-02 04:54:00,0.00024548123,0.99975413,3.682701e-07,7.087573705557973,8.995536944936974,6.361302477572996,-0.0098763722853441,106320.19,106340.0,106320.18,106340.0,9.14266
2025-07-02 15:03:00,0.9999957,1.7634371e-06,2.531887e-06,8.264105763728956,9.92485757827232,6.827629234502852,0.0263471897367377,108266.99,108280.41,108216.82,108280.41,11.9358
2025-07-02 16:56:00,0.9999825,2.116252e-06,1.5354044e-05,6.063785208687608,7.993619994827744,5.081404364984463,-0.0292769716396142,109438.54,109438.55,109304.33,109359.99,20.29303
2025-07-02 20:51:00,0.9999372,5.9436775e-07,6.216648e-05,5.147494476813453,7.660585461703256,5.181783550292085,0.1424404538553444,109253.0,109253.0,109233.64,109233.64,12.13507
2025-07-02 21:41:00,0.9994413,6.5132917e-06,0.00055211026,7.855932199718614,10.167273882312356,7.544861068658458,0.0197815220481422,109314.85,109332.49,109260.01,109286.59,20.82979
2025-07-02 22:44:00,0.9946407,0.0001092049,0.005250105,6.0473721790462776,7.746732907753622,4.276666119016055,0.0819789593047573,109176.02,109176.03,109176.02,109176.03,2.12122
2025-07-02 22:54:00,0.06174323,0.9382514,5.3469603e-06,6.1224928095143865,8.10711747075039,4.48863636973214,-0.0344117699389289,109119.24,109119.24,109119.23,109119.23,3.58779
2025-07-03 02:45:00,1.2657805e-08,1.0,3.1371226e-09,5.945420608606575,7.934871565945177,5.135798437050262,0.0253428789749101,108561.17,108561.17,108561.16,108561.17,4.45144
2025-07-03 05:20:00,0.0042335363,7.3198066e-06,0.9957592,6.045005314036012,7.9211727215870145,4.997212273764115,-0.0370522108781848,109108.02,109109.78,109078.36,109078.37,16.55339
2025-07-03 23:20:00,0.9999957,1.7634371e-06,2.531887e-06,5.53338948872752,8.064636475774222,5.634789603169249,0.080523325385702,109605.33,109605.33,109605.32,109605.32,0.39038
2025-07-04 20:10:00,0.99965215,1.6340799e-05,0.00033147034,7.681560362559537,9.805654192187363,7.522400231387125,0.1152648762804726,107560.67,107560.67,107515.77,107528.0,4.24932
2025-07-07 11:42:00,0.9999969,1.8199191e-07,2.856969e-06,2.9444389791664403,5.424950017481403,2.833213344056216,0.125653477231149,108678.35,108699.1,108678.34,108699.09,2.03615
2025-07-07 20:02:00,0.99999774,1.1605553e-06,1.0553168e-06,7.322510433997394,9.493035027916918,6.405228458030842,0.0284932386425818,108000.01,108000.01,107995.33,108000.0,8.25614
2025-07-08 19:36:00,0.99997973,1.8508729e-06,1.8333205e-05,6.492239835020471,8.255048902752295,5.834810737062605,0.0392571469927316,108808.0,108808.01,108776.38,108800.0,27.93751
2025-07-09 15:49:00,0.99375385,6.102473e-05,0.0061851246,5.0369526024136295,8.127109185346375,5.616771097666572,0.0244335703427413,109000.47,109000.48,108982.2,108982.2,4.40038
2025-07-09 20:00:00,0.9998467,3.6036704e-06,0.00014974303,7.399398083331354,9.871274230171476,7.093404625868766,0.0518554684393011,111749.99,111952.33,111690.43,111701.0,148.20078
2025-07-10 00:04:00,0.9999995,7.8605645e-08,3.4401018e-07,6.025865973825314,8.391403185357937,5.204006687076795,-0.0015113506342512,111270.02,111298.74,111257.8,111277.48,6.02896
2025-07-10 04:40:00,0.9281016,0.010883983,0.06101453,5.517452896464707,8.32239411311117,5.010635294096256,0.04038038139739,111094.82,111094.82,111093.83,111093.83,2.87404
2025-07-10 07:28:00,0.9968155,0.0031660984,1.8379907e-05,5.971261839790462,8.422442854870427,5.783825182329737,0.063903618373625,111377.71,111377.72,111352.75,111352.75,12.08741
2025-07-10 07:44:00,0.71676075,0.00030447473,0.2829348,4.8283137373023015,7.632401126601453,4.890349128221754,0.0259771753535397,111285.0,111285.01,111277.32,111277.32,4.07932
2025-07-11 00:45:00,0.86888564,0.13068332,0.000430983,5.241747015059643,8.007700012884026,4.836281906951478,0.0925123352346138,115444.85,115608.72,115417.63,115608.72,22.24993
2025-07-11 02:04:00,0.94771516,0.052281905,2.9203288e-06,5.953243334287785,8.337348564497175,5.017279836814924,0.0123332895270173,115916.3,115916.3,115845.22,115869.86,20.16246
2025-07-11 03:25:00,4.8611328e-05,0.9999418,9.577132e-06,5.068904202220232,7.867871490396322,5.043425116919247,0.040901710926295,116523.75,116523.76,116479.37,116479.37,4.99558
2025-07-11 03:49:00,0.99999166,4.9206093e-08,8.309562e-06,8.007034012193408,10.259307130753884,7.352441100243583,0.0186385431858355,116692.31,116745.68,116692.31,116745.67,12.16287
2025-07-11 06:05:00,1.0216395e-05,0.99998975,4.6017945e-08,5.337538079701318,7.980707820869669,5.093750200806762,-0.0197033528948812,118016.78,118098.38,118003.44,118098.38,15.3816
2025-07-11 06:34:00,0.9999932,1.8863059e-06,4.907678e-06,6.269096283706261,9.033125752550372,5.75890177387728,0.021356981954677,118062.32,118093.46,118062.31,118093.46,15.41709
2025-07-11 20:07:00,8.804387e-06,0.9999907,4.5648883e-07,6.194405391104672,8.615226931687603,5.583496308781699,0.1162078387960326,117874.75,117916.44,117874.75,117875.49,3.98319
2025-07-12 06:26:00,0.99969494,8.09158e-06,0.00029693317,6.951772164398911,9.020873347021356,6.511745329644728,0.0326286734511374,117821.64,117821.64,117797.62,117797.62,5.24527
2025-07-12 15:15:00,0.939475,0.05768227,0.0028427155,6.580639137284949,8.823500727991183,5.384495062789089,0.0490434989851299,117422.52,117433.4,117340.94,117399.99,14.62932
2025-07-12 22:54:00,0.9999918,1.7146698e-07,8.083075e-06,5.902633333401366,8.436416881388949,5.768320995793772,-0.071027417670006,117370.91,117385.4,117370.91,117376.55,4.48095
2025-07-13 22:09:00,0.9306795,0.0010769462,0.06824353,6.803505257608338,8.80956425335415,5.918893854273146,0.0233035362417574,118509.2,118509.2,118451.6,118451.6,4.57557
2025-07-13 22:15:00,0.0021496762,0.9978483,1.9824472e-06,4.605170185988092,7.965198290612176,4.962844630259907,-0.0185457778807182,118408.96,118498.41,118408.96,118498.4,11.19994
2025-07-13 22:20:00,0.032068703,0.96763724,0.00029400628,5.303304908059076,8.12415060330663,5.247024072160486,0.0877394941932925,118353.79,118360.0,118291.48,118359.99,26.6849
2025-07-14 03:29:00,0.9968863,1.9010144e-05,0.003094722,7.998671361015776,10.38378180126494,7.595889917718538,-0.0491040927804297,119955.47,119955.48,119925.48,119925.49,6.59131
2025-07-14 08:55:00,0.9996326,0.00035838044,9.030009e-06,5.3230099791384085,7.860956364876389,4.59511985013459,0.0354786722428405,122569.43,122576.5,122551.56,122551.56,4.97605
2025-07-14 20:04:00,0.99994123,5.864408e-05,1.0298232e-07,8.013012110368916,10.07491666816366,7.218176838403408,0.019569808649693,119754.58,119775.13,119754.58,119767.63,7.48738
2025-07-14 20:46:00,0.9995559,6.0440234e-05,0.00038364093,5.493061443340548,8.075893630298857,5.313205979041787,0.0171027884120258,120200.62,120218.33,120200.62,120211.35,6.95658
2025-07-14 21:17:00,0.9997439,0.00025472807,1.4115153e-06,6.030685260261263,8.083328608786376,4.927253685157205,0.1116859795477403,119994.33,119994.34,119979.38,119979.38,3.98828
2025-07-15 03:29:00,0.99948186,2.7768663e-05,0.0004904589,7.052721049232323,8.963544291996744,6.129050210060545,0.0424837307578822,117454.08,117470.44,117448.77,117457.5,13.04755
2025-07-15 04:39:00,0.99932396,2.5576528e-05,0.0006504945,4.61512051684126,7.659642954564682,5.442417710521793,0.1092128258814806,117355.66,117382.32,117350.12,117374.37,12.76686
2025-07-16 20:05:00,0.9976896,0.000102852544,0.002207485,6.769641976852503,9.12598002335811,6.778784897685177,0.0508603669160512,119257.87,119310.8,119257.87,119310.79,4.51406
2025-07-16 21:03:00,0.85121554,0.14847401,0.00031050708,5.5909869805108565,7.97728198675515,5.10594547390058,0.0164882770767641,120014.63,120014.64,119938.05,120006.68,17.02437
2025-07-17 00:34:00,0.9996213,0.0003736088,5.0722992e-06,6.218600119691729,8.058960017769417,5.459585514144159,0.036137283704854,118954.44,118954.44,118942.56,118946.02,2.1681
2025-07-17 20:07:00,5.577584e-05,0.9998728,7.14294e-05,7.436027816351848,9.49769739160402,6.892641641172089,-0.013228511719189,118561.08,118623.64,118500.0,118573.33,21.2387
2025-07-18 02:32:00,0.9999902,3.611124e-06,6.1608043e-06,6.99117688712121,8.69349667588463,5.978885764901122,-0.0045765003758005,120195.68,120211.6,120183.66,120211.59,3.68807
2025-07-18 19:55:00,0.92289877,4.4584474e-05,0.07705664,5.2574953720277815,7.762596048540069,5.488937726156687,0.0102487272227505,117494.38,117494.39,117440.06,117446.56,7.96671
2025-07-21 04:16:00,0.9960555,0.00020121255,0.003743276,5.869296913133774,8.197814032221203,4.663439094112067,0.0161445650658027,118320.0,118320.01,118300.0,118300.0,2.95037
2025-07-21 04:30:00,0.9999714,3.3737572e-06,2.523532e-05,5.407171771460119,7.959974528080536,5.278114659230517,0.0052147651681213,118451.52,118451.53,118451.01,118451.01,3.70149
2025-07-21 07:03:00,2.6497672e-05,0.99992883,4.4671753e-05,5.365976015021851,8.280204233279974,5.955837369464831,-0.0076739470193481,119199.99,119200.0,119199.99,119200.0,1.62391
2025-07-21 20:03:00,0.9999256,7.4243195e-05,1.2117488e-07,8.01862546504575,10.023756384927072,7.160845906664299,0.0414671327773499,116779.2,116786.0,116698.27,116728.73,10.92789
2025-07-21 21:07:00,0.9999782,1.831956e-07,2.1616517e-05,5.247024072160486,8.03689677268507,5.099866427824199,-0.151400348909291,117115.67,117133.25,117109.82,117109.82,4.3448
2025-07-23 20:06:00,0.998288,1.2813179e-05,0.0016992092,7.1569563646156364,9.32420462812523,6.78897174299217,0.0250036881563054,118304.0,118319.99,118295.51,118319.99,3.7191
2025-07-23 23:46:00,0.0021005147,0.99751186,0.00038766064,6.236369590203704,8.270781013162674,5.272999558563747,-0.0246273671869869,118540.0,118540.01,118524.11,118524.12,1.54275
2025-07-24 16:16:00,0.99999,2.283899e-06,7.700761e-06,6.530877627725885,8.427049641563272,5.262690188904886,-0.0529891257583371,118831.01,118831.01,118700.07,118763.29,59.32301
2025-07-27 17:35:00,0.99999166,1.8475847e-06,6.5871977e-06,6.16541785423142,7.85243908535751,5.4510384535657,0.0162357804254934,119140.01,119154.72,118995.7,118995.7,9.20084
2025-07-30 04:30:00,0.9999809,1.8523231e-06,1.7183525e-05,5.41610040220442,7.81923445385907,5.209486152841421,-0.050173799217227,118181.73,118181.74,118148.67,118148.67,5.91225
2025-08-01 21:31:00,0.9999993,5.567516e-07,1.13208294e-07,6.555356891810665,8.643825842349603,5.337538079701318,-0.0348870789287174,114079.99,114080.0,114070.0,114070.01,3.07938
2025-08-02 10:16:00,0.0519293,0.00088551414,0.94718516,4.653960350157523,7.874358824729881,5.337538079701318,0.0078497249741259,113591.92,113591.92,113567.87,113591.92,6.58031
2025-08-04 19:47:00,0.004373382,0.9956226,4.049729e-06,5.638354669333745,8.081784206935001,5.786897381366708,0.0229383182365884,114766.64,114812.1,114766.64,114812.1,9.40792
2025-08-04 21:48:00,8.381286e-06,0.99999154,6.723828e-08,5.996452088619021,8.047829357457841,4.499809670330265,0.1067306215535726,115225.24,115225.24,115196.02,115196.02,3.25354
2025-08-05 20:10:00,0.96401304,2.0338739e-05,0.035966616,5.0238805208462765,7.709308333385869,5.8664680569332965,-0.0821729383548314,113806.02,113813.93,113802.85,113802.86,4.70312
2025-08-07 02:13:00,8.474131e-05,0.99991477,4.991552e-07,6.502790045915623,8.539737155851132,5.010635294096256,0.1230086979978534,114785.41,114796.0,114785.41,114796.0,3.84021
2025-08-07 19:50:00,0.9956037,0.004211319,0.00018508488,5.298317366548036,7.944846711001996,5.117993812416755,0.0134612027154217,117434.46,117495.0,117400.0,117475.15,44.38117
2025-08-09 03:05:00,0.9999956,1.2961534e-07,4.296079e-06,6.502790045915623,8.07215530818825,5.278114659230517,-0.0126288950633627,116369.95,116369.95,116369.0,116369.0,0.60969
2025-08-09 13:38:00,0.99997973,3.8679464e-06,1.6456834e-05,5.521460917862246,7.643961949002529,4.709530201312334,0.021319993075244,116949.11,116949.11,116949.1,116949.1,0.66969
2025-08-09 21:06:00,0.8911233,0.103548184,0.0053284625,5.583496308781699,7.91644286012226,5.170483995038151,-0.0496017257085569,116794.39,116794.4,116776.09,116776.09,2.1928
2025-08-11 17:47:00,0.99999523,5.9166805e-08,4.802151e-06,6.658011045870748,8.666130304190608,5.308267697401205,-0.0219756948112404,119604.0,119622.66,119555.0,119567.99,35.88633
2025-08-14 08:19:00,0.0004996759,0.999493,7.2696103e-06,5.111987788356544,8.010359588919783,4.836281906951478,0.0297760375949925,121854.71,121891.0,121847.02,121891.0,5.17987
2025-08-14 23:04:00,0.50677896,8.506673e-05,0.4931359,5.713732805509369,7.7488913372555315,5.111987788356544,-0.0824575120367107,118243.56,118243.56,118243.55,118243.56,2.32206
2025-08-15 23:57:00,0.99975306,0.00020803719,3.8804148e-05,5.82600010738045,7.7025561132685825,5.420534999272286,-0.0635071940619513,117323.47,117323.47,117323.46,117323.47,4.01743
2025-08-16 03:44:00,0.99813867,0.0007569993,0.0011043462,4.3694478524670215,7.517520850603031,4.74493212836325,-0.0230277015500351,117531.01,117531.02,117520.0,117520.0,3.3492
2025-08-20 05:26:00,0.97672766,8.323783e-05,0.023189116,4.74493212836325,7.787796878181171,5.3706380281276624,-0.0354601532257578,113559.11,113559.11,113559.1,113559.1,1.6641
2025-08-23 09:31:00,0.9999356,1.6422777e-05,4.7962698e-05,5.303304908059076,7.707512194600341,4.727387818712341,-0.0315499779716539,115610.0,115610.0,115609.99,115610.0,3.76057
2025-08-25 04:00:00,0.99977857,1.8577264e-05,0.00020285511,5.3471075307174685,7.996317231796746,5.25227342804663,-0.1382552691569705,112916.84,113013.84,112892.31,112892.32,19.07104
2025-08-25 20:21:00,0.999992,6.0362777e-07,7.442454e-06,5.857933154483459,8.31238059678675,5.648974238161206,-0.0218569443455504,110415.67,110443.41,110266.91,110324.72,17.03846
2025-08-26 23:37:00,0.9999789,1.2214173e-06,1.9876494e-05,5.3706380281276624,7.688913336864796,5.389071729816501,-0.0385009519628741,111809.08,111809.09,111782.31,111799.93,7.64475
2025-08-28 01:51:00,0.9999752,2.4324063e-05,4.711899e-07,6.684611727667927,8.787067645218054,6.2766434893416445,0.0765328317657982,111606.95,111628.38,111606.95,111628.38,1.49363
2025-08-28 15:00:00,0.99899966,4.5968594e-05,0.00095444324,7.177782416195197,9.554426407074502,7.2868764117507,0.0286049201426596,113153.07,113153.07,113093.79,113106.37,10.51564
2025-08-28 16:03:00,0.99999,1.7942368e-06,8.256811e-06,6.424869023905388,8.351138607086154,5.068904202220232,-0.006683829919839,112668.07,112676.14,112640.04,112676.14,3.45917
2025-08-29 23:54:00,0.99998355,5.7567354e-06,1.0715448e-05,5.062595033026967,7.837948916025283,5.241747015059643,-0.0372748140673045,108456.12,108471.07,108456.11,108465.99,4.38172
2025-08-30 04:39:00,0.9999969,6.202504e-07,2.5491647e-06,6.572282542694008,8.37816098272068,5.501258210544727,-0.0335600526996971,108500.01,108502.95,108500.0,108502.95,20.65555
2025-08-31 19:39:00,0.9998857,2.8173739e-07,0.0001141179,7.793174347189205,9.959158749906589,7.409136443920128,-0.0236439898067567,109048.56,109088.63,109048.55,109088.62,1.58089
2025-09-01 09:01:00,0.23471944,0.7643061,0.0009744567,3.044522437723423,5.298317366548036,2.8903717578961645,0.129340922499261,109556.14,109556.15,109549.84,109549.85,3.11974
2025-09-01 15:21:00,0.9747249,0.025217483,5.7678535e-05,6.78332520060396,8.828787083914332,5.2574953720277815,-0.0232591761416675,108903.48,108925.16,108900.0,108924.91,3.12913
2025-09-01 19:41:00,0.5495852,0.44861114,0.0018036219,6.843749949006225,9.081938657171658,6.901737206656574,0.0296251250187469,109276.56,109276.57,109268.44,109268.44,1.79787
2025-09-01 21:19:00,0.9999893,1.054511e-06,9.609518e-06,5.407171771460119,8.024862150286411,5.805134968916488,0.0200574689968583,108433.54,108441.35,108380.0,108380.01,6.18542
2025-09-02 20:05:00,0.9999722,2.7635206e-05,7.001575e-08,7.746300662231439,9.74425732696557,7.025538314638521,0.0582146314206477,110866.01,110882.0,110824.0,110878.48,6.37606
2025-09-04 16:52:00,0.99999654,5.5253725e-08,3.438942e-06,7.2991214627108,9.57456673206775,7.382124365737512,0.0365760947419755,109414.06,109476.52,109413.1,109475.51,35.41015
2025-09-04 20:37:00,9.0198074e-07,0.9999989,6.8888724e-08,6.16541785423142,8.764209507142004,5.786897381366708,-0.0191175159715719,110308.97,110324.21,110295.32,110295.32,3.21906
2025-09-06 20:13:00,0.80363566,0.17388976,0.022474637,4.158883083359672,5.817111159963204,4.477336814478207,0.0148302502480409,110068.58,110068.59,110068.58,110068.58,1.32208
2025-09-06 20:20:00,0.9345057,7.7285426e-05,0.06541696,6.439350371100098,8.357259153499912,7.005789019253503,-0.013616294790184,110064.0,110084.29,110063.99,110078.19,15.437
2025-09-08 01:56:00,0.99913317,0.0008600839,6.8301206e-06,6.056784013228625,8.190908881182514,5.8888779583328805,-0.0206959587622314,110885.11,110901.99,110885.11,110901.99,1.44648
2025-09-08 05:59:00,0.9999658,2.3877426e-05,1.0389805e-05,6.776506992372183,8.97423821949758,6.4457198193855785,0.0250993235175905,111041.66,111041.67,111027.15,111027.16,3.62192
2025-09-08 19:02:00,0.99996114,3.868946e-05,1.087738e-07,7.665753431861699,9.695355758842355,6.97914527506881,-0.0338839782140811,112435.29,112435.29,112418.79,112418.79,2.7285
2025-09-08 20:30:00,4.0995804e-08,1.0,2.6394051e-09,7.060476365999801,8.90761234131913,6.369900982828227,0.032765659150485,112031.51,112031.51,112031.5,112031.5,3.3172
2025-09-09 20:13:00,0.999413,3.585196e-05,0.0005511185,6.779921907472252,9.03574886124414,6.877296071497429,0.0912577635561469,111247.72,111247.73,111231.89,111237.24,21.89858
2025-09-10 23:43:00,0.99903274,2.0705163e-05,0.00094660645,7.205635176410364,9.800623917076887,5.796057750765372,-0.0584442698516121,113788.01,113788.01,113788.0,113788.0,0.33941
2025-09-14 04:09:00,0.44261515,0.5571898,0.00019511451,6.950814768442584,9.086815885690685,6.553933404025811,0.0495607957688469,115650.49,115650.5,115643.46,115643.46,3.8341
2025-09-14 20:39:00,0.9788855,0.00076107855,0.02035349,7.65728279297819,9.749928364409826,7.003065458786462,-0.010423346490917,115735.64,115735.64,115735.63,115735.63,0.55462
2025-09-15 20:02:00,0.999943,5.6830897e-05,8.1240096e-08,7.576097340623111,9.566685261452934,6.815639990074331,0.0583755993267614,115331.33,115348.95,115316.93,115333.39,3.62417
2025-09-17 21:56:00,0.99972373,1.4937376e-06,0.00027470323,6.53813982376767,8.2409125416889,5.783825182329737,0.0143762864573984,115991.29,115991.29,115991.28,115991.29,0.85075
2025-09-19 04:16:00,0.9934475,0.0006170473,0.0059354985,6.354370040797351,8.347590407030058,5.659482215759621,0.0243616453908391,116831.72,116887.55,116818.27,116887.55,10.18867
2025-09-24 09:44:00,0.99904615,2.5080146e-05,0.0009287473,7.2991214627108,9.376024287617112,6.434546518787453,-0.030567217187468,112740.01,112740.01,112740.0,112740.0,2.66116
2025-09-24 22:20:00,0.9999962,9.5954896e-08,3.6991546e-06,5.697093486505405,7.820439515262181,4.624972813284271,-0.1255350701745322,113520.0,113520.01,113487.18,113510.45,1.58703
2025-09-25 04:04:00,0.958617,0.00020960573,0.041173443,7.251344983372214,8.8110561229431,6.620073206530356,-0.0230451741001818,112449.1,112479.23,112436.87,112479.22,16.11615
2025-09-25 20:33:00,0.99988186,1.2813959e-05,0.00010529268,7.404279118037268,9.537267195753865,7.542213463193403,0.1117783384569958,109331.35,109367.52,109331.34,109339.5,4.67695
2025-09-26 04:27:00,0.99944943,6.398324e-05,0.00048656922,7.583247524303362,10.042161947223889,7.59488438721652,0.0274836243016126,109465.32,109496.0,109440.43,109440.44,10.38594
2025-09-26 09:39:00,0.007176167,0.99279904,2.4742669e-05,5.272999558563747,8.240121298076472,5.811140992976701,-0.0992870640217473,109458.56,109481.3,109457.56,109481.29,3.97134
2025-09-27 21:18:00,0.99985087,8.8920166e-07,0.00014823217,6.9865664594064265,9.269363712425644,7.083387847625295,0.0682811419893531,109410.95,109410.95,109410.94,109410.95,0.75335
2025-09-29 20:01:00,0.9999999,9.38754e-08,3.063827e-08,7.5310163320779155,9.52369019117654,6.84587987526405,0.0294677754325444,114256.58,114256.59,114146.23,114146.24,9.52216
2025-09-29 20:19:00,0.99616456,0.0013316494,0.0025037182,5.583496308781699,8.478036476215044,5.438079308923196,0.0206303451282797,114261.43,114261.44,114243.1,114243.1,3.8741
2025-09-30 04:18:00,4.7614963e-06,0.99999523,1.2706825e-08,6.887552571664617,8.693664334532016,6.135564891081739,0.0101409271739772,114305.88,114311.68,114281.76,114311.68,6.63011
2025-09-30 04:29:00,0.99999857,3.6029135e-07,1.1009271e-06,6.190315405853148,8.516192691082654,5.407171771460119,0.1302634563071296,114201.02,114201.02,114185.31,114185.32,10.36886
2025-10-01 00:54:00,0.9999782,3.4274096e-06,1.8320417e-05,7.080026499922591,8.941283763647567,6.20455776256869,0.0500644212801318,114090.0,114225.0,114090.0,114225.0,21.0986
2025-10-01 15:11:00,0.99998784,7.9627835e-06,4.1404205e-06,6.814542897259958,8.793308627496552,5.616771097666572,-0.0062154505883526,117169.7,117205.23,117157.99,117191.55,11.9741
2025-10-01 20:01:00,0.9999708,1.6328689e-06,2.7536958e-05,6.805722553416985,8.862766742283796,5.963579343618446,0.0002954962835246,117347.78,117377.79,117347.78,117363.34,7.23183
2025-10-03 00:13:00,0.9844135,0.003175794,0.012410736,5.811140992976701,7.895808377083183,4.61512051684126,0.0484706654097153,120252.99,120278.83,120250.67,120250.67,8.90402
2025-10-03 04:11:00,0.8460269,0.1535486,0.000424452,7.475339236566737,9.590008925040337,6.80128303447162,0.0270710195764058,120262.77,120262.78,120246.92,120246.92,7.11615
2025-10-04 00:20:00,0.99763,0.0012122926,0.001157691,7.503840746698951,9.979290515951629,7.252053951852814,0.0401775393660283,122218.99,122249.5,122209.63,122219.93,14.08528
2025-10-04 20:10:00,0.9996246,2.6932162e-06,0.0003726722,7.713784616598755,9.61005564810374,6.975413927455952,0.0204670116730407,121919.79,121941.0,121919.79,121941.0,0.95351
2025-10-05 10:58:00,0.9976914,0.002171232,0.00013741235,4.454347296253507,7.534228326274089,5.3230099791384085,-0.0231005221184759,123057.85,123066.0,123042.3,123054.99,27.59752
2025-10-05 18:30:00,0.9942285,0.002843956,0.0029275552,5.983936280687191,8.527143522269405,5.545177444479562,-0.0428970148638778,123042.61,123110.0,123042.6,123078.65,19.88263
2025-10-05 22:58:00,0.6671917,0.00044879797,0.33235943,6.450470422144176,8.36287583103188,5.805134968916488,-0.0293069086013826,123237.41,123237.41,123237.4,123237.41,10.68088
2025-10-06 02:02:00,0.99736905,0.0017319414,0.00089900277,6.0112671744041615,8.512582578858554,5.998936561946683,-0.015084490156991,124030.97,124074.86,124030.96,124070.0,11.31871
2025-10-06 09:00:00,0.9992568,0.00030542485,0.00043781535,4.852030263919617,7.71244383427499,4.787491742782046,0.0196504250552929,123846.56,123860.0,123830.0,123859.99,16.28342
2025-10-06 16:18:00,0.7259787,3.3158696e-05,0.27398822,6.453624998892692,8.5016733797582,4.897839799950911,0.0133253142163485,124975.32,124981.02,124936.64,124936.64,7.74843
2025-10-06 20:04:00,0.9999964,1.6765705e-06,1.8674391e-06,7.174724309836376,9.252057965328053,6.418364935936212,0.0378869104888789,125361.3,125361.31,125322.55,125350.29,11.45036
2025-10-06 22:13:00,0.003193475,0.9967745,3.2094886e-05,5.3706380281276624,8.31898612539206,5.0369526024136295,0.0215099776880487,125171.32,125184.7,125159.95,125182.82,5.06539
2025-10-07 17:16:00,0.3156607,0.00035738153,0.68398196,6.541029999189903,8.594709633844065,5.793013608384144,-0.0753406063028509,121486.63,121550.0,121486.63,121502.41,17.6779
2025-10-07 20:02:00,0.06425289,3.95404e-05,0.93570757,5.68697535633982,7.7025561132685825,4.820281565605037,0.0211359465340599,121814.29,121956.29,121814.29,121908.04,20.87887
2025-10-10 22:25:00,4.5410077e-05,0.9999546,5.4037535e-08,7.010311867307229,8.92930284224307,6.2422232654551655,0.0117602971113456,112675.78,112918.05,112461.53,112680.02,180.08039
2025-10-11 00:39:00,0.9993074,5.8944624e-07,0.00069205114,7.960323629148839,10.381056244400666,7.422373700986824,0.00598432900984,112458.81,112458.98,112367.67,112395.0,41.31479
2025-10-11 05:25:00,0.48161477,1.28308375e-05,0.5183725,5.91350300563827,8.37378460812088,5.389071729816501,-0.0711389897529335,112066.51,112122.71,112047.44,112052.68,18.95502
2025-10-11 05:33:00,0.9998659,2.3845414e-05,0.00011029489,6.163314804034641,9.17812704961153,6.432940092739179,-0.0274158067714436,112180.26,112192.17,112135.2,112148.32,12.29369
2025-10-11 08:49:00,0.007557112,0.99198675,0.00045613808,6.040254711277414,8.743053050224676,5.4638318050256105,-0.0392856283578617,111463.17,111480.0,111462.01,111472.0,19.54009
2025-10-11 09:57:00,3.7649395e-05,0.99855834,0.0014040592,6.375024819828097,8.85879510585745,6.558197802812269,-0.0981546889729816,111762.23,111762.23,111653.04,111660.0,11.55685
2025-10-11 20:58:00,0.9966453,3.7208963e-05,0.0033175093,7.360739903058278,9.84977027003014,7.496652438168283,-0.0223217695453125,110068.58,110315.38,110068.58,110211.29,57.36392
2025-10-11 23:58:00,0.9999697,8.368028e-06,2.1977941e-05,5.6240175061873385,8.403128235128264,5.337538079701318,-0.016648585146063,110653.59,110675.42,110653.59,110675.42,5.4132
2025-10-13 04:08:00,0.9981511,1.75723e-05,0.0018312818,5.786897381366708,8.597297435657898,5.8664680569332965,0.0067932251759138,114909.97,114909.97,114849.91,114859.81,4.52737
2025-10-13 06:03:00,0.39938912,0.00043763392,0.60017323,6.100318952020064,8.144969417087875,6.888572459565364,-0.0314788851352634,114442.06,114484.0,114442.05,114445.54,6.06526
2025-10-15 23:44:00,0.98895776,4.5434535e-05,0.010996837,4.795790545596741,6.851184927493743,3.8501476017100575,0.0428911772210316,110967.15,110977.18,110937.22,110941.99,3.62666
2025-10-16 00:24:00,0.99988616,2.149689e-06,0.00011166573,5.41610040220442,7.651595573857601,3.871201010907891,-0.0384936052741983,110764.59,110764.6,110700.01,110727.83,11.57719
2025-10-16 08:17:00,0.99997354,6.1047973e-07,2.5840787e-05,5.43372200355424,7.876258882303226,4.143134726391533,0.0266114148890766,110614.9,110622.93,110592.26,110622.93,13.53418
2025-10-17 02:12:00,9.230951e-05,1.7457953e-05,0.9998902,6.823286122355687,9.21054035197885,7.552237287560802,-0.0201250329529592,108593.24,108606.0,108544.43,108583.65,9.07466
2025-10-17 18:01:00,0.030036232,0.00092123356,0.96904254,6.852242569051878,8.893023494394711,8.2987883944492,-0.0255957511913689,106504.26,106656.0,106480.01,106596.89,32.61841
2025-10-20 20:03:00,0.99993086,6.903303e-05,1.3179192e-07,7.488293515159428,9.590692779269272,6.85751406254539,0.0250028180175867,110841.8,110901.08,110841.0,110901.08,14.15218
2025-10-20 20:46:00,0.9965587,2.288914e-06,0.0034390094,4.875197323201151,7.83399634170946,5.627621113690637,-0.0646337465096854,111089.09,111100.13,111057.34,111057.35,2.17156
2025-10-21 00:01:00,0.9992574,0.00019017591,0.0005525192,8.98744678941718,10.724060021351312,8.762958920766726,-0.01991928330472,110495.01,110521.85,110495.0,110502.19,5.36494
2025-10-21 22:32:00,0.99947685,2.4321018e-06,0.0005208243,6.966967138613983,9.31982238259318,7.983098940710892,0.0146798740563989,108335.41,109275.21,108313.72,108989.95,415.56814
2025-10-22 00:13:00,0.00043211007,0.99947065,9.721555e-05,7.855157005881344,9.688498165477789,8.17244681834278,-0.0344853880825613,108496.23,108643.61,108486.81,108588.53,41.76726
2025-10-22 01:38:00,0.9999924,1.5820357e-06,6.0968864e-06,6.447305862541213,8.178358165605836,7.201170883281678,-0.0177067758122865,108221.16,108221.16,108184.09,108198.91,7.39082
2025-10-22 20:19:00,0.9991466,7.9632315e-05,0.000773732,7.180831199044556,9.533220655077928,7.415776975415394,0.0560843290692719,107733.49,107733.49,107667.3,107708.64,12.8226
2025-10-22 21:16:00,0.0015353701,5.356109e-05,0.99841106,5.683579767338681,8.22817689595132,6.0867747269123065,-0.0612127431549867,107059.84,107121.63,106932.64,107118.44,16.00695
2025-10-24 02:52:00,0.9496866,0.00011962556,0.05019376,5.455321115357702,8.53089883847235,6.393590753950631,0.0662954302934489,110646.52,110663.88,110635.54,110663.87,11.89797
2025-10-24 21:13:00,0.9998834,3.572356e-06,0.00011305304,7.166265974133638,9.206332350578643,6.591673732008658,-0.0087339966833591,110671.38,110709.99,110671.37,110709.99,3.77105
2025-10-26 18:47:00,0.9846949,2.5219617e-05,0.015279896,5.303304908059076,7.487733761436444,4.624972813284271,-0.0044811180467487,113667.93,113691.83,113667.93,113691.83,2.53269
2025-10-27 20:02:00,0.999907,9.282706e-05,1.14092195e-07,7.541152455136308,9.62456698575292,6.814542897259958,0.015502038794537,114814.03,114814.03,114767.88,114767.88,7.14705
2025-10-27 20:18:00,0.9999788,6.8538266e-06,1.4377017e-05,5.459585514144159,8.448914350662942,5.83773044716594,-0.0550197415466692,114799.99,114799.99,114793.28,114793.28,1.58337
2025-10-27 21:58:00,0.007871342,0.9921267,1.9390302e-06,6.042632833682381,8.162801353492073,5.147494476813453,-0.1522097160315997,114458.24,114458.24,114348.28,114348.28,24.7556
2025-10-28 01:08:00,0.9983852,0.0012057469,0.00040908612,7.204892510204673,9.175024026848616,6.732210706467206,0.1083583086461179,114131.6,114131.6,114067.68,114067.69,3.07342
2025-10-28 21:18:00,0.99962795,1.1673053e-06,0.0003708124,7.319202458767849,9.777981017296408,7.15305163493748,0.0159007960952343,112753.54,112777.8,112710.48,112710.48,6.0044
2025-10-29 22:27:00,0.9999914,9.558295e-07,7.648879e-06,6.944087208229528,9.273502946933824,7.284820912568604,0.0105297892453754,111364.12,111364.12,111253.66,111253.67,8.45364
2025-10-30 14:40:00,1.0,6.536878e-09,2.46355e-08,5.929589143389895,7.990576881743923,6.919683849847411,-0.0272247253697057,108070.09,108145.05,108062.52,108145.05,11.11302
2025-10-30 20:11:00,0.8257785,0.00023195977,0.17398961,4.007333185232471,7.024649030453636,4.941642422609304,-0.095050408334376,107044.99,107085.52,106967.26,106967.29,15.5871
2025-10-31 04:49:00,0.99999464,6.2697046e-07,4.7805124e-06,4.356708826689592,7.31455283232408,4.477336814478207,0.0103814577626045,109980.72,110018.64,109980.71,109991.3,8.89907
2025-10-31 04:53:00,0.9999963,3.1696331e-06,4.3144948e-07,5.762051382780177,7.721348612617949,5.645446897643238,0.0076403836521256,110045.26,110047.7,109991.29,109991.3,9.12741
2025-10-31 16:57:00,0.9960443,0.0038878417,6.793176e-05,5.942799375126701,7.920083199053234,5.0369526024136295,0.0196158841303383,108884.72,108930.86,108780.31,108817.81,75.92587
2025-10-31 22:17:00,0.9999993,2.1484921e-07,4.4336537e-07,5.676753802268282,7.480992162869525,4.3694478524670215,-0.0171342910003751,109780.85,109800.0,109780.85,109791.12,3.32505
